<?xml version="1.0" encoding="UTF-8"?>
<monster name="Wolf" nameDescription="a wolf" race="blood" experience="18" speed="164" manacost="255">
  <health now="25" max="25"/>
  <look type="27" head="0" body="0" legs="0" feet="0" corpse="2826"/>
  <targetchange interval="2000" chance="0"/>
  <strategy attack="100" defense="0"/>
  <flags>
    <flag summonable="1"/>
    <flag attackable="1"/>
    <flag hostile="1"/>
    <flag illusionable="1"/>
    <flag convinceable="1"/>
    <flag pushable="1"/>
    <flag canpushitems="0"/>
    <flag canpushcreatures="0"/>
    <flag targetdistance="1"/>
    <flag runonhealth="8"/>
  </flags>
  <attacks>
    <attack name="melee" interval="2000" skill="19" attack="12"/>
  </attacks>
  <defenses armor="1" defense="4"/>
  <immunities>
    <immunity physical="0"/>
    <immunity energy="0"/>
    <immunity fire="0"/>
    <immunity poison="0"/>
    <immunity lifedrain="0"/>
    <immunity paralyze="0"/>
    <immunity outfit="0"/>
    <immunity drunk="0"/>
    <immunity invisible="0"/>
  </immunities>
	<loot>
    <item id="2666" chance="66150" /> <!--meat -->
</loot>
</monster>
