<?xml version="1.0" encoding="UTF-8"?>
<monster name="Amazon" nameDescription="a amazon" race="blood" experience="60" speed="210" manacost="390">
	<health now="110" max="110"/>
	<look type="137" head="113" body="120" legs="114" feet="132" corpse="3065"/>
	<targetchange interval="5000" chance="8"/>
	<strategy attack="100" defense="0"/>
	<flags>
		<flag summonable="1"/>
		<flag attackable="1"/>
		<flag hostile="1"/>
		<flag illusionable="1"/>
		<flag convinceable="1"/>
		<flag pushable="0"/>
		<flag canpushitems="1"/>
		<flag canpushcreatures="0"/>
		<flag targetdistance="4"/>
		<flag staticattack="90"/>
		<flag runonhealth="10"/>
	</flags>
	<attacks>
		<attack name="melee" interval="2000" skill="20" attack="30"/>
		<attack name="physical" interval="1000" chance="10" range="7" min="-5" max="-40">
			<attribute key="shootEffect" value="throwingknife"/>
		</attack>
	</attacks>
	<defenses armor="11" defense="11"/>
	<elements>
		<element physicalPercent="-8"/>
		<element deathPercent="-7"/>
	</elements>
	<voices interval="5000" chance="10">
		<voice sentence="Yeeee ha!"/>
		<voice sentence="Your head shall be mine!"/>
	</voices>
	<loot>
    <item id="1987" chance="100000"> <!-- <!<!-- bag -->
        
            <item id="2050" chance="2125" /> <!--torch -->
            <item id="2125" chance="200" /> <!--crystal necklace -->
        
    </item>
    <item id="2385" chance="25200" /> <!--sabre :: Def 10 :: Atk 12 -->
    <item id="2691" chance="32675" /> <!--brown bread -->
    <item id="2379" chance="81850" /> <!--dagger :: Def 6 :: Atk 8 -->
    <item id="2229" countmax="2" chance="62625" /> <!--skull -->
	<item id="2148" countmax="20" chance="45175" /> <!--gold coin -->
</loot>
</monster>
