<?xml version="1.0" encoding="UTF-8"?>
<monster name="Assassin" nameDescription="an assassin" race="blood" experience="105" speed="224" manacost="450">
  <health now="175" max="175"/>
  <look type="129" head="95" body="95" legs="95" feet="95" corpse="3128"/>
  <targetchange interval="2000" chance="5"/>
  <strategy attack="70" defense="20"/>
  <flags>
    <flag summonable="0"/>
    <flag attackable="1"/>
    <flag hostile="1"/>
    <flag illusionable="1"/>
    <flag convinceable="1"/>
    <flag pushable="0"/>
    <flag canpushitems="1"/>
    <flag canpushcreatures="1"/>
    <flag targetdistance="1"/>
    <flag runonhealth="0"/>
  </flags>
  <attacks>
    <attack name="melee" interval="2000" skill="45" attack="45"/>
    <attack name="physical" interval="2000" chance="13" range="7" min="-1" max="-38">
      <attribute key="shootEffect" value="throwingstar"/>
    </attack>
    <attack name="drunk" interval="2000" chance="10" range="6">
      <attribute key="shootEffect" value="poison"/>
      <attribute key="areaEffect" value="poison"/>
    </attack>
  </attacks>
  <defenses armor="17" defense="40">
    <defense name="speed" interval="2000" chance="9" speedchange="400" duration="3000">
      <attribute key="areaEffect" value="redshimmer"/>
    </defense>
  </defenses>
  <immunities>
    <immunity physical="0"/>
    <immunity energy="0"/>
    <immunity fire="0"/>
    <immunity poison="0"/>
    <immunity lifedrain="0"/>
    <immunity paralyze="0"/>
    <immunity outfit="1"/>
    <immunity drunk="1"/>
    <immunity invisible="1"/>
  </immunities>
  <voices interval="5000" chance="10">
    <voice sentence="Die!"/>
    <voice sentence="Feel the hand of death!"/>
    <voice sentence="You are on my deathlist!"/>
  </voices>
	<loot>
    <item id="1987" chance="100000"> <!-- bag -->
        
            <item id="2457" chance="3400" /> <!--steel helmet :: Arm 6 -->
            <item id="2510" chance="2550" /> <!--plate shield :: Def 17 -->
            <item id="2513" chance="2100" /> <!--battle shield :: Def 23 -->
            <item id="3968" chance="850" /> <!--leopard armor :: Arm 9 -->
            <item id="3969" chance="200" /> <!--horseman helmet :: Arm 6 -->
            <item id="2145" chance="100" /> <!--small diamond -->
        
    </item>
    <item id="2399" countmax="14" chance="4325" /> <!--throwing star :: Atk 30 -->
    <item id="2403" chance="10725" /> <!--knife :: Def 5 :: Atk 7 -->
    <item id="2050" countmax="2" chance="22475" /><!-- torch -->
    <item id="2404" chance="4050" /> <!--combat knife :: Def 6 :: Atk 8 -->
	<item id="2509" chance="1675" /> <!--steel shield :: Def 21 -->
	<item id="2148" countmax="50" chance="74950" /> <!--gold coin -->
</loot>
</monster>
