<?xml version="1.0" encoding="UTF-8"?>
<monster name="Bandit" nameDescription="a bandit" race="blood" experience="65" speed="180" manacost="450">
  <health now="245" max="245"/>
  <look type="129" head="58" body="40" legs="24" feet="95" corpse="3128"/>
  <targetchange interval="2000" chance="50"/>
  <strategy attack="100" defense="0"/>
  <flags>
    <flag summonable="1"/>
    <flag attackable="1"/>
    <flag hostile="1"/>
    <flag illusionable="1"/>
    <flag convinceable="1"/>
    <flag pushable="1"/>
    <flag canpushitems="1"/>
    <flag canpushcreatures="0"/>
    <flag targetdistance="1"/>
    <flag runonhealth="25"/>
  </flags>
  <attacks>
    <attack name="melee" interval="2000" skill="37" attack="20"/>
  </attacks>
  <defenses armor="11" defense="17"/>
  <immunities>
    <immunity physical="0"/>
    <immunity energy="0"/>
    <immunity fire="0"/>
    <immunity poison="0"/>
    <immunity lifedrain="0"/>
    <immunity paralyze="0"/>
    <immunity outfit="0"/>
    <immunity drunk="0"/>
    <immunity invisible="0"/>
  </immunities>
  <voices interval="5000" chance="10">
    <voice sentence="Your money or your life!"/>
    <voice sentence="Hand me your purse!"/>
  </voices>
	<loot>
    <item id="1987" chance="100000"> <!-- bag -->
        
            <item id="2649" chance="9750" /> <!--leather legs :: Arm 1 -->
            <item id="2465" chance="1850" /> <!--brass armor :: Arm 8 -->
            <item id="2685" countmax="2" chance="5525" /> <!--tomato -->
            <item id="2459" chance="825" /> <!--iron helmet :: Arm 5 -->
        
    </item>
    <item id="2386" chance="3925" /> <!--axe :: Def 6 :: Atk 12 -->
    <item id="2511" chance="8075" /> <!--brass shield :: Def 16 -->
    <item id="2398" chance="8350" /> <!--mace :: Def 11 :: Atk 16 -->
    <item id="2458" chance="6325" /> <!--chain helmet :: Arm 2 -->
    <item id="2148" countmax="30" chance="40000" /> <!--gold coin -->
</loot>
</monster>
