<?xml version="1.0" encoding="UTF-8"?>
<monster name="Banshee" nameDescription="a banshee" race="undead" experience="900" speed="220" manacost="0">
  <health now="1000" max="1000"/>
  <look type="78" head="0" body="0" legs="0" feet="0" corpse="2998"/>
  <targetchange interval="2000" chance="3"/>
  <strategy attack="80" defense="10"/>
  <flags>
    <flag summonable="0"/>
    <flag attackable="1"/>
    <flag hostile="1"/>
    <flag illusionable="0"/>
    <flag convinceable="0"/>
    <flag pushable="0"/>
    <flag canpushitems="1"/>
    <flag canpushcreatures="1"/>
    <flag targetdistance="1"/>
    <flag runonhealth="500"/>
  </flags>
  <attacks>
    <attack name="melee" interval="2000" skill="45" attack="30" poison="65"/>
    <attack name="lifedrain" interval="2000" chance="4" range="1" min="-50" max="-350"/>
    <attack name="speed" interval="2000" chance="10" range="7" speedchange="-300" duration="20000">
      <attribute key="areaEffect" value="redshimmer"/>
    </attack>
    <attack name="lifedrain" interval="2000" chance="34" radius="4" target="0" min="-120" max="-200">
      <attribute key="areaEffect" value="rednote"/>
    </attack>
  </attacks>
  <defenses armor="25" defense="65">
    <defense name="healing" interval="2000" chance="25" min="113" max="187">
      <attribute key="areaEffect" value="blueshimmer"/>
    </defense>
  </defenses>
  <immunities>
    <immunity physical="0"/>
    <immunity energy="0"/>
    <immunity fire="1"/>
    <immunity poison="1"/>
    <immunity lifedrain="1"/>
    <immunity paralyze="1"/>
    <immunity outfit="1"/>
    <immunity drunk="1"/>
    <immunity invisible="1"/>
  </immunities>
  <voices interval="5000" chance="10">
    <voice sentence="Are you ready to rock?"/>
    <voice sentence="That's what I call easy listening!"/>
    <voice sentence="Let the music play!"/>
    <voice sentence="I will mourn your death!"/>
    <voice sentence="IIIIEEEeeeeeehhhHHHHH!" yell="1"/>
    <voice sentence="Dance for me your dance of death!"/>
    <voice sentence="Feel my gentle kiss of death."/>
  </voices>
	<loot>
    <item id="1987" chance="100000"> <!-- bag -->
        
            <item id="2657" chance="6350" /> <!--simple dress :: Arm 1 -->
            <item id="2170" chance="9850" /> <!--silver amulet -->
            <item id="2047" chance="70700" /> <!--candlestick -->
            <item id="2655" chance="90" /> <!--red robe :: Arm 1 -->
            <item id="2177" chance="200" /> <!--life crystal -->
            <item id="2124" chance="550" /> <!--crystal ring -->
        
    </item>
    <item id="2121" chance="600" /> <!--wedding ring -->
    <item id="2197" chance="1075" /> <!--stone skin amulet -->
    <item id="2656" chance="300" /> <!--blue robe :: Arm 11 -->
    <item id="2175" chance="1100" /> <!--spellbook :: Def 14 -->
    <item id="2214" chance="1250" /> <!--ring of healing -->
    <item id="2134" chance="2150" /> <!--silver brooch -->
    <item id="2143" chance="1700" /> <!--white pearl -->
    <item id="2411" chance="2150" /> <!--poison dagger :: Def 8 :: Atk 18 -->
    <item id="2071" chance="1400" /> <!--lyre -->
    <item id="2144" chance="2725" /> <!--black pearl -->
<item id="2148" countmax="80" chance="46125" /> <!--gold coin -->
</loot>
</monster>
