<?xml version="1.0" encoding="UTF-8"?>
<monster name="Bat" nameDescription="a bat" race="blood" experience="10" speed="200" manacost="250">
  <health now="30" max="30"/>
  <look type="122" head="0" body="0" legs="0" feet="0" corpse="4298"/>
  <targetchange interval="2000" chance="0"/>
  <strategy attack="100" defense="0"/>
  <flags>
    <flag summonable="1"/>
    <flag attackable="1"/>
    <flag hostile="1"/>
    <flag illusionable="1"/>
    <flag convinceable="1"/>
    <flag pushable="1"/>
    <flag canpushitems="0"/>
    <flag canpushcreatures="0"/>
    <flag targetdistance="1"/>
    <flag runonhealth="3"/>
  </flags>
  <attacks>
    <attack name="melee" interval="2000" skill="16" attack="8"/>
  </attacks>
  <defenses armor="1" defense="6"/>
  <immunities>
    <immunity physical="0"/>
    <immunity energy="0"/>
    <immunity fire="0"/>
    <immunity poison="0"/>
    <immunity lifedrain="0"/>
    <immunity paralyze="0"/>
    <immunity outfit="0"/>
    <immunity drunk="0"/>
    <immunity invisible="0"/>
  </immunities>
  <voices interval="5000" chance="10">
    <voice sentence="Flap! Flap!"/>
  </voices>
	<loot>
</loot>
</monster>
