<?xml version="1.0" encoding="utf-8"?>
<monster name="Bear" namedescription="a bear" race="blood" experience="23" speed="176" manacost="300">
  <health now="80" max="80"/>
  <look type="16" corpse="5878"/>
  <targetchange interval="2000" chance="0"/>
  <strategy attack="100" defense="0"/>
  <flags>
    <flag summonable="1"/>
    <flag attackable="1"/>
    <flag hostile="1"/>
    <flag illusionable="1"/>
    <flag convinceable="1"/>
    <flag pushable="0"/>
    <flag canpushitems="0"/>
    <flag canpushcreatures="0"/>
    <flag targetdistance="1"/>
    <flag staticattack="90"/>
    <flag runonhealth="15"/>
  </flags>
  <attacks>
    <attack name="melee" interval="2000" skill="40" attack="10"/>
  </attacks>
  <defenses armor="6" defense="6"/>
  <elements>
    <element earthPercent="20"/>
    <element holyPercent="7"/>
    <element icePercent="-10"/>
    <element deathPercent="-4"/>
  </elements>
  <voices interval="5000" chance="10">
    <voice sentence="grrrr"/>
    <voice sentence="groar"/>
  </voices>
  <loot>
    <item id="2666" chance="39500" /> <!--meat -->
    <item id="2671" chance="20150" /> <!--ham -->
</loot>
</monster>