<?xml version="1.0" encoding="UTF-8"?>
<monster name="Beetle" nameDescription="a beetle" race="blood" experience="60" speed="190" manacost="420">
  <health now="135" max="135"/>
  <look type="429" head="38" body="38" legs="38" feet="38" corpse="6322"/>
  <targetchange interval="2000" chance="0"/>
  <strategy attack="100" defense="0"/>
  <flags>
    <flag summonable="1"/>
    <flag attackable="1"/>
    <flag hostile="1"/>
    <flag illusionable="1"/>
    <flag convinceable="1"/>
    <flag pushable="1"/>
    <flag canpushitems="0"/>
    <flag canpushcreatures="0"/>
    <flag targetdistance="1"/>
    <flag runonhealth="10"/>
  </flags>
  <attacks>
    <attack name="melee" interval="2000" skill="46" attack="16"/>
  </attacks>
  <defenses armor="9" defense="18">
    <defense name="speed" interval="2000" chance="6" speedchange="250" duration="2000">
      <attribute key="areaEffect" value="redshimmer"/>
    </defense>
  </defenses>
  <immunities>
    <immunity physical="0"/>
    <immunity energy="0"/>
    <immunity fire="0"/>
    <immunity poison="0"/>
    <immunity lifedrain="0"/>
    <immunity paralyze="0"/>
    <immunity outfit="0"/>
    <immunity drunk="0"/>
    <immunity invisible="0"/>
  </immunities>
  <voices interval="5000" chance="10">
    <voice sentence="An enemy!"/>
    <voice sentence="Gimme your money!"/>
  </voices>
	<loot>
    <item id="1987" chance="100000"> <!-- bag -->
        
            <item id="2386" chance="30175" /> <!--axe :: Def 6 :: Atk 12 -->
            <item id="2695" countmax="2" chance="8025" /> <!--egg -->
            <item id="2459" chance="1225" /> <!--iron helmet :: Arm 5 -->
            <item id="2465" chance="3000" /> <!--brass armor :: Arm 8 -->
            <item id="2110" chance="500" /> <!--doll -->
        
    </item>
    <item id="2511" chance="18500" /> <!--brass shield :: Def 16 -->
    <item id="2398" chance="10725" /> <!--mace :: Def 11 :: Atk 16 -->
    <item id="2649" chance="9050" /> <!--leather legs :: Arm 1 -->
    <item id="2458" chance="5425" /> <!--chain helmet :: Arm 2 -->
	<item id="2391" chance="100" /> <!--war hammer :: Def 10 :: Atk 45 -->
    <item id="2509" chance="1550" /> <!--steel shield :: Def 21 -->
	<item id="2148" countmax="30" chance="47600" /> <!--gold coin -->
</loot>
</monster>
