<?xml version="1.0" encoding="UTF-8"?>
<monster name="Bug" nameDescription="a bug" race="venom" experience="18" speed="160" manacost="250">
  <health now="29" max="29"/>
  <look type="45" head="0" body="0" legs="0" feet="0" corpse="2902"/>
  <targetchange interval="2000" chance="0"/>
  <strategy attack="100" defense="0"/>
  <flags>
    <flag summonable="1"/>
    <flag attackable="1"/>
    <flag hostile="1"/>
    <flag illusionable="1"/>
    <flag convinceable="1"/>
    <flag pushable="1"/>
    <flag canpushitems="0"/>
    <flag canpushcreatures="0"/>
    <flag targetdistance="1"/>
    <flag runonhealth="0"/>
  </flags>
  <attacks>
    <attack name="melee" interval="2000" skill="15" attack="7"/>
  </attacks>
  <defenses armor="2" defense="3"/>
  <immunities>
    <immunity physical="0"/>
    <immunity energy="0"/>
    <immunity fire="0"/>
    <immunity poison="0"/>
    <immunity lifedrain="0"/>
    <immunity paralyze="0"/>
    <immunity outfit="0"/>
    <immunity drunk="0"/>
    <immunity invisible="0"/>
  </immunities>
	<loot>
    <item id="2679" countmax="3" chance="2250" /> <!--cherry -->
    <item id="2148" countmax="10" chance="31600" /> <!--gold coin -->
</loot>
</monster>
