<?xml version="1.0" encoding="UTF-8"?>
<monster name="Carniphila" nameDescription="a carniphila" race="venom" experience="150" speed="110" manacost="490">
  <health now="255" max="255"/>
  <look type="120" head="0" body="0" legs="0" feet="0" corpse="4280"/>
  <targetchange interval="2000" chance="5"/>
  <strategy attack="70" defense="0"/>
  <flags>
    <flag summonable="0"/>
    <flag attackable="1"/>
    <flag hostile="1"/>
    <flag illusionable="0"/>
    <flag convinceable="0"/>
    <flag pushable="0"/>
    <flag canpushitems="1"/>
    <flag canpushcreatures="1"/>
    <flag targetdistance="1"/>
    <flag runonhealth="0"/>
  </flags>
  <attacks>
    <attack name="melee" interval="2000" skill="40" attack="40" poison="95"/>
    <attack name="poison" interval="2000" chance="25" range="7" min="-60" max="-90">
      <attribute key="shootEffect" value="poison"/>
      <attribute key="areaEffect" value="greenspark"/>
    </attack>
    <attack name="speed" interval="2000" chance="34" range="7" speedchange="-540" duration="30000">
      <attribute key="shootEffect" value="poison"/>
      <attribute key="areaEffect" value="greenspark"/>
    </attack>
    <attack name="poison" interval="2000" chance="12" radius="3" target="0" min="-40" max="-130">
      <attribute key="areaEffect" value="poison"/>
    </attack>
  </attacks>
  <defenses armor="26" defense="20"/>
  <immunities>
    <immunity physical="0"/>
    <immunity energy="0"/>
    <immunity fire="0"/>
    <immunity poison="1"/>
    <immunity lifedrain="1"/>
    <immunity paralyze="0"/>
    <immunity outfit="1"/>
    <immunity drunk="1"/>
    <immunity invisible="1"/>
  </immunities>
	<loot>
    <item id="1987" chance="100000"> <!-- bag -->
        
            <item id="2792" chance="8700" /> <!--dark mushroom -->
            <item id="2802" countmax="2" chance="925" /> <!--sling herb -->
        
    </item>
    <item id="2804" chance="1375" /> <!--shadow herb -->
    <item id="2686" chance="1650" /> <!--corncob -->
    <item id="2148" countmax="60" chance="67050" /> <!--gold coin -->
</loot>
</monster>
