<?xml version="1.0" encoding="UTF-8"?>
<monster name="Cave Rat" nameDescription="a cave rat" race="blood" experience="10" speed="150" manacost="250">
  <health now="30" max="30"/>
  <look type="56" head="0" body="0" legs="0" feet="0" corpse="2813"/>
  <targetchange interval="2000" chance="0"/>
  <strategy attack="100" defense="0"/>
  <flags>
    <flag summonable="1"/>
    <flag attackable="1"/>
    <flag hostile="1"/>
    <flag illusionable="1"/>
    <flag convinceable="1"/>
    <flag pushable="1"/>
    <flag canpushitems="0"/>
    <flag canpushcreatures="0"/>
    <flag targetdistance="1"/>
    <flag runonhealth="3"/>
  </flags>
  <attacks>
    <attack name="melee" interval="2000" skill="12" attack="6"/>
  </attacks>
  <defenses armor="1" defense="4"/>
  <immunities>
    <immunity physical="0"/>
    <immunity energy="0"/>
    <immunity fire="0"/>
    <immunity poison="0"/>
    <immunity lifedrain="0"/>
    <immunity paralyze="0"/>
    <immunity outfit="0"/>
    <immunity drunk="0"/>
    <immunity invisible="0"/>
  </immunities>
  <voices interval="5000" chance="10">
    <voice sentence="Meeeeep!"/>
    <voice sentence="Meep!"/>
  </voices>
	<loot>
    <item id="2696" chance="29850" /> <!--cheese -->
    <item id="2687" chance="500" /><!-- cookie -->
    <item id="2148" countmax="2" chance="63525" /> <!--gold coin -->
</loot>
</monster>
