<?xml version="1.0" encoding="UTF-8"?>
<monster name="Centipede" nameDescription="a centipede" race="blood" experience="30" speed="166" manacost="335">
  <health now="70" max="70"/>
  <look type="124" head="0" body="0" legs="0" feet="0" corpse="4289"/>
  <targetchange interval="2000" chance="6"/>
  <strategy attack="70" defense="0"/>
  <flags>
    <flag summonable="1"/>
    <flag attackable="1"/>
    <flag hostile="1"/>
    <flag illusionable="1"/>
    <flag convinceable="1"/>
    <flag pushable="1"/>
    <flag canpushitems="1"/>
    <flag canpushcreatures="0"/>
    <flag targetdistance="1"/>
    <flag runonhealth="0"/>
  </flags>
  <attacks>
    <attack name="melee" interval="2000" skill="30" attack="24" poison="22"/>
  </attacks>
  <defenses armor="8" defense="9"/>
  <immunities>
    <immunity physical="0"/>
    <immunity energy="0"/>
    <immunity fire="0"/>
    <immunity poison="1"/>
    <immunity lifedrain="0"/>
    <immunity paralyze="0"/>
    <immunity outfit="0"/>
    <immunity drunk="0"/>
    <immunity invisible="0"/>
  </immunities>
  <loot capacity="3000">
    <item id="1987" chance="100000"> <!-- bag -->
      
    <item id="2398" countmax="1" chance="4500"/> <!--mace :: Def 11 :: Atk 16 -->
    <item id="2376" countmax="1" chance="3000"/> <!--sword :: Def 12 :: Atk 14 -->
      
    </item>
    <item id="2148" countmax="30" chance="80000"/> <!--gold coin -->
  </loot>
</monster>
