<?xml version="1.0" encoding="UTF-8"?>
<monster name="Chicken" nameDescription="a chicken" race="blood" experience="0" speed="128" manacost="220">
  <health now="15" max="15"/>
  <look type="111" head="0" body="0" legs="0" feet="0" corpse="4265"/>
  <targetchange interval="2000" chance="0"/>
  <strategy attack="100" defense="0"/>
  <flags>
    <flag summonable="1"/>
    <flag attackable="1"/>
    <flag hostile="0"/>
    <flag illusionable="1"/>
    <flag convinceable="1"/>
    <flag pushable="1"/>
    <flag canpushitems="0"/>
    <flag canpushcreatures="0"/>
    <flag targetdistance="1"/>
    <flag runonhealth="15"/>
  </flags>
  <attacks>
    <attack name="melee" interval="2000" skill="0" attack="0"/>
  </attacks>
  <defenses armor="1" defense="2"/>
  <immunities>
    <immunity physical="0"/>
    <immunity energy="0"/>
    <immunity fire="0"/>
    <immunity poison="0"/>
    <immunity lifedrain="0"/>
    <immunity paralyze="0"/>
    <immunity outfit="0"/>
    <immunity drunk="0"/>
    <immunity invisible="0"/>
  </immunities>
  <voices interval="5000" chance="10">
    <voice sentence="Gokgoooook"/>
    <voice sentence="Cluck Cluck"/>
  </voices>
	<loot>
    <item id="2666" chance="2400" /> <!--meat -->
    <item id="2695" chance="1600" /> <!--egg -->
</loot>
</monster>
