<?xml version="1.0" encoding="UTF-8"?>
<monster name="Cobra" nameDescription="a cobra" race="blood" experience="30" speed="120" manacost="275">
  <health now="65" max="65"/>
  <look type="81" head="0" body="0" legs="0" feet="0" corpse="3007"/>
  <targetchange interval="2000" chance="0"/>
  <strategy attack="100" defense="0"/>
  <flags>
    <flag summonable="1"/>
    <flag attackable="1"/>
    <flag hostile="1"/>
    <flag illusionable="1"/>
    <flag convinceable="1"/>
    <flag pushable="1"/>
    <flag canpushitems="0"/>
    <flag canpushcreatures="0"/>
    <flag targetdistance="1"/>
    <flag runonhealth="0"/>
  </flags>
  <attacks>
    <attack name="melee" interval="2000" skill="23" attack="15" poison="100"/>
    <attack name="poisoncondition" interval="2000" chance="25" range="5" min="-14" max="-26">
      <attribute key="shootEffect" value="poison"/>
    </attack>
  </attacks>
  <defenses armor="1" defense="6"/>
  <immunities>
    <immunity physical="0"/>
    <immunity energy="0"/>
    <immunity fire="0"/>
    <immunity poison="1"/>
    <immunity lifedrain="0"/>
    <immunity paralyze="0"/>
    <immunity outfit="0"/>
    <immunity drunk="0"/>
    <immunity invisible="0"/>
  </immunities>
  <voices interval="5000" chance="10">
    <voice sentence="Zzzzzz"/>
  </voices>
</monster>
