<?xml version="1.0" encoding="UTF-8"?>
<monster name="Crab" nameDescription="a crab" race="blood" experience="30" speed="200" manacost="305">
  <health now="55" max="55"/>
  <look type="112" head="0" body="0" legs="0" feet="0" corpse="4253"/>
  <targetchange interval="2000" chance="0"/>
  <strategy attack="100" defense="0"/>
  <flags>
    <flag summonable="1"/>
    <flag attackable="1"/>
    <flag hostile="1"/>
    <flag illusionable="1"/>
    <flag convinceable="1"/>
    <flag pushable="1"/>
    <flag canpushitems="0"/>
    <flag canpushcreatures="0"/>
    <flag targetdistance="1"/>
    <flag runonhealth="0"/>
  </flags>
  <attacks>
    <attack name="melee" interval="2000" skill="25" attack="15"/>
  </attacks>
  <defenses armor="28" defense="30"/>
  <immunities>
    <immunity physical="0"/>
    <immunity energy="0"/>
    <immunity fire="0"/>
    <immunity poison="1"/>
    <immunity lifedrain="0"/>
    <immunity paralyze="0"/>
    <immunity outfit="0"/>
    <immunity drunk="0"/>
    <immunity invisible="0"/>
  </immunities>
	<loot>
    <item id="2667" chance="21000" /> <!--fish -->
    <item id="2148" countmax="40" chance="46275" /> <!--gold coin -->
</loot>
</monster>
