<?xml version="1.0" encoding="UTF-8"?>
<monster name="Crocodile" nameDescription="a crocodile" race="blood" experience="40" speed="156" manacost="350">
  <health now="105" max="105"/>
  <look type="119" head="0" body="0" legs="0" feet="0" corpse="4277"/>
  <targetchange interval="2000" chance="5"/>
  <strategy attack="70" defense="0"/>
  <flags>
    <flag summonable="1"/>
    <flag attackable="1"/>
    <flag hostile="1"/>
    <flag illusionable="1"/>
    <flag convinceable="1"/>
    <flag pushable="0"/>
    <flag canpushitems="1"/>
    <flag canpushcreatures="1"/>
    <flag targetdistance="1"/>
    <flag runonhealth="10"/>
  </flags>
  <attacks>
    <attack name="melee" interval="2000" skill="21" attack="32"/>
  </attacks>
  <defenses armor="13" defense="5"/>
  <immunities>
    <immunity physical="0"/>
    <immunity energy="0"/>
    <immunity fire="0"/>
    <immunity poison="0"/>
    <immunity lifedrain="0"/>
    <immunity paralyze="0"/>
    <immunity outfit="0"/>
    <immunity drunk="0"/>
    <immunity invisible="0"/>
  </immunities>
	<loot>
    <item id="2671" chance="40100" /> <!--ham -->
    <item id="3982" chance="625" /> <!--crocodile boots :: Arm 1 -->
    <item id="2148" countmax="14" chance="47750" /> <!--gold coin -->
</loot>
</monster>
