<?xml version="1.0" encoding="UTF-8"?>
<monster name="Crypt Shambler" nameDescription="a crypt shambler" race="undead" experience="195" speed="140" manacost="580">
  <health now="330" max="330"/>
  <look type="100" head="0" body="0" legs="0" feet="0" corpse="3028"/>
  <targetchange interval="2000" chance="4"/>
  <strategy attack="70" defense="0"/>
  <flags>
    <flag summonable="0"/>
    <flag attackable="1"/>
    <flag hostile="1"/>
    <flag illusionable="1"/>
    <flag convinceable="1"/>
    <flag pushable="0"/>
    <flag canpushitems="1"/>
    <flag canpushcreatures="1"/>
    <flag targetdistance="1"/>
    <flag runonhealth="0"/>
  </flags>
  <attacks>
    <attack name="melee" interval="2000" skill="60" attack="39"/>
    <attack name="lifedrain" interval="2000" chance="13" range="1" min="-25" max="-55"/>
  </attacks>
  <defenses armor="30" defense="25"/>
  <immunities>
    <immunity physical="0"/>
    <immunity energy="0"/>
    <immunity fire="0"/>
    <immunity poison="1"/>
    <immunity lifedrain="1"/>
    <immunity paralyze="1"/>
    <immunity outfit="0"/>
    <immunity drunk="0"/>
    <immunity invisible="0"/>
  </immunities>
  <voices interval="5000" chance="10">
    <voice sentence="Uhhhhhhh!"/>
    <voice sentence="Aaaaahhhh!"/>
    <voice sentence="Hoooohhh!"/>
    <voice sentence="Chhhhhhh!"/>
  </voices>
	<loot>
    <item id="1987" chance="100000"> <!-- bag -->
        
            <item id="2450" chance="1525" /><!-- bone sword :: Def 10 :: Atk 14 -->
            <item id="2145" chance="900" /> <!--small diamond -->
            <item id="2227" chance="2200" /> <!--rotten meat -->
            <item id="2459" chance="2475" /> <!--iron helmet :: Arm 5 -->
            <item id="2399" countmax="3" chance="1100" /> <!--throwing star :: Atk 30 -->
        
    </item>
    <item id="2230" chance="4975" /> <!--bone -->
    <item id="2377" chance="2475" /> <!--two handed sword :: Def 25 :: Atk 30 -->
    <item id="2541" chance="1475" /> <!--bone shield :: Def 20 -->
    <item id="2148" countmax="50" chance="37925" /> <!--gold coin -->
</loot>
</monster>
