<?xml version="1.0" encoding="UTF-8"?>
<monster name="Cyclops" nameDescription="a cyclops" race="blood" experience="150" speed="190" manacost="490">
  <health now="260" max="260"/>
  <look type="22" head="0" body="0" legs="0" feet="0" corpse="3069"/>
  <targetchange interval="2000" chance="5"/>
  <strategy attack="70" defense="0"/>
  <flags>
    <flag summonable="1"/>
    <flag attackable="1"/>
    <flag hostile="1"/>
    <flag illusionable="1"/>
    <flag convinceable="1"/>
    <flag pushable="0"/>
    <flag canpushitems="1"/>
    <flag canpushcreatures="1"/>
    <flag targetdistance="1"/>
    <flag runonhealth="0"/>
  </flags>
  <attacks>
    <attack name="melee" interval="2000" skill="50" attack="30"/>
  </attacks>
  <defenses armor="17" defense="24"/>
  <immunities>
    <immunity physical="0"/>
    <immunity energy="0"/>
    <immunity fire="0"/>
    <immunity poison="0"/>
    <immunity lifedrain="0"/>
    <immunity paralyze="0"/>
    <immunity outfit="0"/>
    <immunity drunk="0"/>
    <immunity invisible="0"/>
  </immunities>
  <voices interval="5000" chance="10">
    <voice sentence="Il lorstok human!"/>
    <voice sentence="Toks utat."/>
    <voice sentence="Human, uh whil dyh!"/>
    <voice sentence="Youh ah trak!"/>
    <voice sentence="Let da mashing begin!"/>
  </voices>
	<loot>
    <item id="1987" chance="100000"> <!-- bag -->
        
            <item id="2490" chance="100" /> <!--dark helmet :: Arm 6 -->
            <item id="2129" chance="100" /> <!--wolf tooth chain -->
            <item id="2209" chance="550" /> <!--club ring -->
        
    </item>
    <item id="2666" chance="31325" /> <!--meat -->
    <item id="2406" chance="8400" /> <!--short sword :: Def 11 :: Atk 11 -->
    <item id="2381" chance="1475" /> <!--halberd :: Def 14 :: Atk 35 -->
    <item id="2510" chance="2975" /> <!--plate shield :: Def 17 -->
    <item id="2513" chance="2000" /> <!--battle shield :: Def 23 -->
    <item id="2148" countmax="50" chance="55425" /> <!--gold coin -->
</loot>
</monster>
