<?xml version="1.0" encoding="UTF-8"?>
<monster name="Dark Monk" nameDescription="a dark monk" race="blood" experience="145" speed="230" manacost="480">
  <health now="190" max="190"/>
  <look type="225" head="0" body="0" legs="0" feet="0" corpse="3128"/>
  <targetchange interval="2000" chance="5"/>
  <strategy attack="70" defense="20"/>
  <flags>
    <flag summonable="0"/>
    <flag attackable="1"/>
    <flag hostile="1"/>
    <flag illusionable="1"/>
    <flag convinceable="1"/>
    <flag pushable="0"/>
    <flag canpushitems="1"/>
    <flag canpushcreatures="1"/>
    <flag targetdistance="1"/>
    <flag runonhealth="0"/>
  </flags>
  <attacks>
    <attack name="melee" interval="2000" skill="50" attack="37"/>
    <attack name="lifedrain" interval="2000" chance="12" range="1" min="-25" max="-49"/>
  </attacks>
  <defenses armor="22" defense="43">
    <defense name="healing" interval="2000" chance="12" min="25" max="49">
      <attribute key="areaEffect" value="blueshimmer"/>
    </defense>
    <defense name="speed" interval="2000" chance="10" speedchange="350" duration="2000">
      <attribute key="areaEffect" value="redshimmer"/>
    </defense>
  </defenses>
  <immunities>
    <immunity physical="0"/>
    <immunity energy="0"/>
    <immunity fire="0"/>
    <immunity poison="0"/>
    <immunity lifedrain="0"/>
    <immunity paralyze="0"/>
    <immunity outfit="1"/>
    <immunity drunk="1"/>
    <immunity invisible="1"/>
  </immunities>
  <voices interval="5000" chance="10">
    <voice sentence="This is where your path will end!"/>
    <voice sentence="Your end has come."/>
    <voice sentence="You are no match for us!"/>
  </voices>
	<loot>
    <item id="1987" chance="100000"> <!-- bag -->
        
            <item id="2689" chance="21150" /> <!--bread -->
            <item id="2177" chance="1625" /> <!--life crystal -->
            <item id="2193" chance="1825" /> <!--ankh -->
            <item id="1949" chance="3425" /> <!--scroll -->
            <item id="2015" chance="200" /> <!--brown flask -->
        
    </item>
    <item id="2642" chance="1550" /> <!--sandals -->
    <item id="2044" chance="775" /> <!--lamp -->
    <item id="2148" countmax="22" chance="18875" /> <!--gold coin -->
</loot>
</monster>
