<?xml version="1.0" encoding="UTF-8"?>
<monster name="Deer" nameDescription="a deer" race="blood" experience="0" speed="196" manacost="260">
  <health now="25" max="25"/>
  <look type="31" head="0" body="0" legs="0" feet="0" corpse="2835"/>
  <targetchange interval="2000" chance="0"/>
  <strategy attack="100" defense="0"/>
  <flags>
    <flag summonable="1"/>
    <flag attackable="1"/>
    <flag hostile="0"/>
    <flag illusionable="1"/>
    <flag convinceable="1"/>
    <flag pushable="1"/>
    <flag canpushitems="0"/>
    <flag canpushcreatures="0"/>
    <flag targetdistance="1"/>
    <flag runonhealth="25"/>
  </flags>
  <attacks>
    <attack name="melee" interval="2000" skill="10" attack="2"/>
  </attacks>
  <defenses armor="2" defense="2"/>
  <immunities>
    <immunity physical="0"/>
    <immunity energy="0"/>
    <immunity fire="0"/>
    <immunity poison="0"/>
    <immunity lifedrain="0"/>
    <immunity paralyze="0"/>
    <immunity outfit="0"/>
    <immunity drunk="0"/>
    <immunity invisible="0"/>
  </immunities>
	<loot>
    <item id="2671" countmax="2" chance="50750" /> <!--ham -->
    <item id="2666" countmax="4" chance="79850" /> <!--meat -->
</loot>
</monster>
