<?xml version="1.0" encoding="UTF-8"?>
<monster name="Demon" nameDescription="a demon" race="blood" experience="100" speed="300" manacost="0">
	<health now="300" max="300"/>
	<look type="35" corpse="5995"/>
	<targetchange interval="4000" chance="10"/>
	<flags>
		<flag summonable="0"/>
		<flag attackable="1"/>
		<flag hostile="1"/>
		<flag illusionable="0"/>
		<flag convinceable="0"/>
		<flag pushable="0"/>
		<flag canpushitems="1"/>
		<flag canpushcreatures="1"/>
		<flag targetdistance="1"/>
		<flag staticattack="40"/>
		<flag runonhealth="15"/>
	</flags>
	<attacks>
		<attack name="melee" interval="2000" skill="10" attack="10"/>
		<attack name="physical" interval="2000" chance="10" range="7" min="-0" max="-25">
			<attribute key="shootEffect" value="smallstone"/>
		</attack>
	</attacks>
	<defenses armor="10" defense="10"/>
	<elements>
		<element energyPercent="20"/>
		<element holyPercent="1"/>
		<element earthPercent="-12"/>
		<element deathPercent="-10"/>
	</elements>
	<loot>
		<item id="2148" countmax="9" chance="50320"/><!-- gold coin -->
		<item id="2152" countmax="6" chance="25000"/><!-- Plation coin -->
		<item id="2160" countmax="1" chance="9000"/><!-- Crystal coin -->
		<item id="2795" countmax="3" chance="50320"/><!-- Fire Mushirum -->
		<item id="2430" chance="5000"/><!-- K axe -->
		<item id="5544" chance="100"/><!-- Vip -->
		<item id="2461" chance="1940"/><!-- serpent -->
		<item id="2463" chance="1000"/><!-- plate armor -->
		<item id="2447" chance="1000"/><!-- plate legs -->
		<item id="2457" chance="9700"/><!-- small axe -->
		<item id="1294" countmax="50" chance="15290"/><!-- small stone -->
		<item id="2478" countmax="30" chance="15290"/><!-- Cocos -->
	</loot>
</monster>
