<?xml version="1.0" encoding="UTF-8"?>
<monster name="dragon lord" nameDescription="a dragon lord" race="blood" experience="2100" speed="200" manacost="0">
  <health now="1900" max="1900"/>
  <look type="39" corpse="2881"/>
  <targetchange interval="1000" chance="5"/>
  <flags>
    <flag attackable="1"/>
    <flag hostile="1"/>
    <flag summonable="0"/>
    <flag convinceable="0"/>
    <flag illusionable="1"/>
    <flag pushable="0"/>
    <flag canpushitems="1"/>
    <flag canpushcreatures="1"/>
    <flag targetdistance="1"/>
    <flag staticattack="90"/>
    <flag runonhealth="300"/>
  </flags>
  <attacks>
    <attack name="melee" interval="2000" skill="65" attack="55"/>
    <attack name="fire" interval="2200" chance="17" range="7" radius="4" target="1" min="-120" max="-180">
      <attribute key="shootEffect" value="fire"/>
      <attribute key="areaEffect" value="firearea"/>
    </attack>
    <attack name="firefield" interval="2400" chance="15" range="7" radius="4" target="1">
      <attribute key="shootEffect" value="fire"/>
    </attack>
    <attack name="fire" interval="2600" chance="17" length="8" spread="3" min="-150" max="-250">
      <attribute key="areaEffect" value="firearea"/>
    </attack>
  </attacks>
  <defenses armor="32" defense="48">
    <defense name="healing" interval="1000" chance="25" min="57" max="93">
      <attribute key="areaEffect" value="blueshimmer"/>
    </defense>
  </defenses>
  <elements>
    <element firePercent="100"/>
    <element earthPercent="100"/>
  </elements>
  <immunities>
    <immunity lifedrain="1"/>
    <immunity paralyze="1"/>
    <immunity invisible="1"/>
  </immunities>
  <voices interval="2000" chance="5">
    <voice sentence="ZCHHHHH" yell="1"/>
    <voice sentence="YOU WILL BURN!" yell="1"/>
  </voices>
	<loot>
    <item id="1987" chance="100000"> <!-- bag -->
        
            <item id="2177" chance="350" /> <!--life crystal -->
            <item id="2498" chance="200" /> <!--royal helmet :: Arm 9 -->
            <item id="2528" chance="600" /> <!--tower shield :: Def 32 -->
            <item id="2392" chance="650" /> <!--fire sword :: Def 20 :: Atk 35 -->
            <item id="2479" chance="2000" /> <!--strange helmet :: Arm 6 -->
            <item id="2492" chance="150" /> <!--dragon scale mail :: Arm 15 -->
            <item id="5654" chance="80"/> <!--Flaming bow -->
        
    </item>
    <item id="2672" chance="25450" /> <!--dragon ham -->
    <item id="5620" chance="1500"/> <!--Red Dragon Scale -->
    <item id="2796" chance="12500" /> <!--green mushroom -->
    <item id="2146" chance="4200" /> <!--small sapphire -->
    <item id="2547" countmax="2" chance="3850" /> <!--power bolt :: Atk 50 -->
    <item id="2167" chance="3475" /> <!--energy ring -->
    <item id="1976" chance="9525" /> <!--gemmed book -->
    <item id="2033" chance="2900" /> <!--golden mug -->
    <item id="2148" countmax="100" chance="41475" /> <!--gold coin -->
    <item id="2148" countmax="100" chance="39475" /> <!--gold coin -->
    <item id="2148" countmax="50" chance="39475" /> <!--gold coin -->
</loot>
</monster>
