<?xml version="1.0" encoding="UTF-8"?>
<monster name="dwarf geomancer" nameDescription="a dwarf geomancer" race="blood" experience="245" speed="200" manacost="0">
  <health now="380" max="380"/>
  <look type="66" corpse="2987"/>
  <targetchange interval="1000" chance="50"/>
  <flags>
    <flag attackable="1"/>
    <flag hostile="1"/>
    <flag summonable="0"/>
    <flag convinceable="0"/>
    <flag illusionable="0"/>
    <flag pushable="0"/>
    <flag canpushitems="1"/>
    <flag canpushcreatures="1"/>
    <flag targetdistance="4"/>
    <flag staticattack="90"/>
    <flag runonhealth="150"/>
  </flags>
  <attacks>
    <attack name="melee" interval="2000" skill="50" attack="30"/>
    <attack name="physical" interval="1000" chance="34" range="7" min="-55" max="-105">
      <attribute key="shootEffect" value="largerock"/>
    </attack>
    <attack name="manadrain" interval="1000" chance="25" range="7" min="-50" max="-80"/>
  </attacks>
  <defenses armor="15" defense="35">
    <defense name="healing" interval="1000" chance="50" min="75" max="125">
      <attribute key="areaEffect" value="blueshimmer"/>
    </defense>
  </defenses>
  <elements>
    <element firePercent="100"/>
    <element earthPercent="100"/>
  </elements>
  <immunities>
    <immunity invisible="1"/>
  </immunities>
  <voices interval="2000" chance="5">
    <voice sentence="Hail Durin!"/>
    <voice sentence="Earth is the strongest element."/>
    <voice sentence="Dust to dust."/>
  </voices>
  <loot>
    <item id="1987" chance="100000"><!-- <!<!-- bag -->
      
        <item id="2162" chance="24000"/><!-- 24% magic lightwand -->
        <item id="2423" chance="2000"/><!-- 2% clerical mace -->
        <item id="2175" chance="800"/><!-- 0.8% spellbook -->
        <item id="2213" chance="600"/><!-- 0.6% dwarven ring -->
      
    </item>
    <item id="1987" chance="50000"/><!-- 50% bag -->
    <item id="2481" chance="16000"/><!-- 16% soldier helmet -->
    <item id="2649" chance="40000"/><!-- 40% leather legs -->
    <item id="2643" chance="80000"/><!-- 80% leather boots -->
    <item id="2146" chance="300"/><!-- 0.1% small sapphire -->
    <item id="2260" chance="20000"/><!-- 20% blank rune -->
    <item id="2148" chance="70000" countmax="30"/><!-- 30 70% gold coin -->
    <item id="2673" chance="36000" countmax="2"/><!-- 2 36% pear -->
    <item id="2787" chance="60000" countmax="2"/><!-- 2 60% white mushroom -->
  </loot>
</monster>