<?xml version="1.0" encoding="UTF-8"?>
<monster name="Dwarf" nameDescription="a dwarf" race="blood" experience="45" speed="170" manacost="320">
  <health now="90" max="90"/>
  <look type="69" head="0" body="0" legs="0" feet="0" corpse="2960"/>
  <targetchange interval="2000" chance="0"/>
  <strategy attack="100" defense="0"/>
  <flags>
    <flag summonable="1"/>
    <flag attackable="1"/>
    <flag hostile="1"/>
    <flag illusionable="1"/>
    <flag convinceable="1"/>
    <flag pushable="1"/>
    <flag canpushitems="0"/>
    <flag canpushcreatures="0"/>
    <flag targetdistance="1"/>
    <flag runonhealth="0"/>
  </flags>
  <attacks>
    <attack name="melee" interval="2000" skill="23" attack="14"/>
  </attacks>
  <defenses armor="8" defense="14"/>
  <immunities>
    <immunity physical="0"/>
    <immunity energy="0"/>
    <immunity fire="0"/>
    <immunity poison="1"/>
    <immunity lifedrain="0"/>
    <immunity paralyze="0"/>
    <immunity outfit="0"/>
    <immunity drunk="0"/>
    <immunity invisible="0"/>
  </immunities>
  <voices interval="5000" chance="10">
    <voice sentence="Hail Durin!"/>
  </voices>
	<loot>
    <item id="1987" chance="100000"> <!-- bag -->
        
            <item id="2597" chance="8300" /> <!--letter -->
            <item id="2553" chance="10750" /> <!--pick -->
            <item id="2530" chance="10750" /> <!--copper shield :: Def 19 -->
            <item id="2213" chance="150" /> <!--dwarven ring -->
        
    </item>
    <item id="2388" chance="24925" /> <!--hatchet :: Def 8 :: Atk 15 -->
    <item id="2649" chance="11600" /> <!--leather legs :: Arm 1 -->
    <item id="2787" chance="48350" /> <!--white mushroom -->
    <item id="2484" chance="6825" /> <!--studded armor :: Arm 5 -->
    <item id="2386" chance="16900" /> <!--axe :: Def 6 :: Atk 12 -->
    <item id="2148" countmax="8" chance="29650" /> <!--gold coin -->
</loot>
</monster>
