<?xml version="1.0" encoding="UTF-8"?>
<monster name="dwarf guard" nameDescription="a dwarf guard" race="blood" experience="165" speed="206" manacost="650">
  <health now="245" max="245"/>
  <look type="70" corpse="2983"/>
  <targetchange interval="1000" chance="5"/>
  <flags>
    <flag attackable="1"/>
    <flag hostile="1"/>
    <flag summonable="1"/>
    <flag convinceable="1"/>
    <flag illusionable="1"/>
    <flag pushable="0"/>
    <flag canpushitems="1"/>
    <flag canpushcreatures="1"/>
    <flag targetdistance="1"/>
    <flag staticattack="90"/>
    <flag runonhealth="0"/>
  </flags>
  <attacks>
    <attack name="melee" interval="2000" skill="55" attack="39"/>
  </attacks>
  <defenses armor="15" defense="37">
  </defenses>
  <elements>
    <element earthPercent="100"/>
  </elements>
  <immunities>
    <immunity invisible="1"/>
  </immunities>
  <voices interval="2000" chance="5">
    <voice sentence="Hail Durin!"/>
  </voices>
	<loot>
    <item id="1987" chance="100000"> <!-- bag -->
        
            <item id="2457" chance="1925" /> <!--steel helmet :: Arm 6 -->
            <item id="2208" chance="150" /> <!--axe ring -->
            <item id="2150" chance="75" /> <!--small amethyst -->
			<item id="2513" chance="6450" /> <!--battle shield :: Def 23 -->
			<item id="2417" chance="4550" /> <!--battle hammer :: Def 14 :: Atk 24 -->
        
    </item>
    <item id="2787" countmax="2" chance="41800" /><!-- white mushroom -->
    <item id="2643" chance="40025" /><!-- leather boots :: Arm 1 -->
    <item id="2387" chance="1100" /> <!--double axe :: Def 12 :: Atk 35 -->
    <item id="2483" chance="9600" /> <!--scale armor :: Arm 9 -->
    <item id="2148" countmax="40" chance="51350" /> <!--gold coin -->
</loot>
</monster>
