<?xml version="1.0" encoding="UTF-8"?>
<monster name="Dwarf Soldier" nameDescription="a dwarf soldier" race="blood" experience="70" speed="176" manacost="360">
  <health now="135" max="135"/>
  <look type="71" head="0" body="0" legs="0" feet="0" corpse="2985"/>
  <targetchange interval="2000" chance="0"/>
  <strategy attack="100" defense="0"/>
  <flags>
    <flag summonable="1"/>
    <flag attackable="1"/>
    <flag hostile="1"/>
    <flag illusionable="1"/>
    <flag convinceable="1"/>
    <flag pushable="0"/>
    <flag canpushitems="1"/>
    <flag canpushcreatures="0"/>
    <flag targetdistance="1"/>
    <flag runonhealth="0"/>
  </flags>
  <attacks>
    <attack name="melee" interval="2000" skill="42" attack="21"/>
    <attack name="physical" interval="2000" chance="13" range="7" min="-1" max="-40">
      <attribute key="shootEffect" value="bolt"/>
    </attack>
  </attacks>
  <defenses armor="9" defense="20"/>
  <immunities>
    <immunity physical="0"/>
    <immunity energy="0"/>
    <immunity fire="0"/>
    <immunity poison="1"/>
    <immunity lifedrain="0"/>
    <immunity paralyze="0"/>
    <immunity outfit="0"/>
    <immunity drunk="0"/>
    <immunity invisible="0"/>
  </immunities>
  <voices interval="5000" chance="10">
    <voice sentence="Hail Durin!"/>
  </voices>
	<loot>
    <item id="1987" chance="100000"> <!-- bag -->
        
            <item id="2455" chance="3650" /> <!--crossbow -->
            <item id="2378" chance="2825" /> <!--battle axe :: Def 10 :: Atk 25 -->
            <item id="2208" chance="100" /> <!--axe ring -->
        
    </item>
    <item id="2481" chance="12025" /> <!--soldier helmet :: Arm 5 -->
    <item id="2787" countmax="2" chance="30775" /> <!--white mushroom -->
    <item id="2554" chance="10400" /> <!--shovel -->
    <item id="2464" chance="7500" /> <!--chain armor :: Arm 6 -->
    <item id="2543" countmax="7" chance="22975" /> <!--bolt :: Atk 30 -->
    <item id="2525" chance="3900" /> <!--dwarven shield :: Def 26 -->
    <item id="2148" countmax="24" chance="36025" /> <!--gold coin -->
</loot>
</monster>
