<?xml version="1.0" encoding="UTF-8"?>
<monster name="Dworc Fleshhunter" nameDescription="a dworc fleshhunter" race="blood" experience="35" speed="148" manacost="300">
  <health now="85" max="85"/>
  <look type="215" head="0" body="0" legs="0" feet="0" corpse="4307"/>
  <targetchange interval="2000" chance="0"/>
  <strategy attack="100" defense="0"/>
  <flags>
    <flag summonable="0"/>
    <flag attackable="1"/>
    <flag hostile="1"/>
    <flag illusionable="1"/>
    <flag convinceable="1"/>
    <flag pushable="1"/>
    <flag canpushitems="0"/>
    <flag canpushcreatures="0"/>
    <flag targetdistance="1"/>
    <flag runonhealth="8"/>
  </flags>
  <attacks>
    <attack name="melee" interval="2000" skill="25" attack="17" poison="20"/>
    <attack name="physical" interval="2000" chance="9" range="7" min="-1" max="-15">
      <attribute key="shootEffect" value="throwingknife"/>
    </attack>
  </attacks>
  <defenses armor="3" defense="8"/>
  <immunities>
    <immunity physical="0"/>
    <immunity energy="0"/>
    <immunity fire="0"/>
    <immunity poison="1"/>
    <immunity lifedrain="0"/>
    <immunity paralyze="0"/>
    <immunity outfit="0"/>
    <immunity drunk="0"/>
    <immunity invisible="0"/>
  </immunities>
  <voices interval="5000" chance="10">
    <voice sentence="Grak brrretz!"/>
    <voice sentence="Grow truk grrrrr."/>
    <voice sentence="Prek tars, dekklep zurk."/>
  </voices>
	<loot>
    <item id="1987" chance="100000"> <!-- bag -->
        
            <item id="2411" chance="2325" /> <!--poison dagger :: Def 8 :: Atk 18 -->
            <item id="3967" chance="500" /> <!--tribal mask :: Arm 2 -->
            <item id="2541" chance="1775" /> <!--bone shield :: Def 20 -->
            <item id="3964" chance="625" /> <!--ripper lance :: Def 7 :: Atk 28 -->
        
    </item>
    <item id="2568" chance="8725" /> <!--cleaver -->
    <item id="2229" countmax="3" chance="2400" /> <!--skull -->
    <item id="2050" chance="5950" /> <!--torch -->
    <item id="2467" chance="11475" /> <!--leather armor :: Arm 4 -->
    <item id="2148" countmax="22" chance="50875" /> <!--gold coin -->
</loot>
</monster>
