<?xml version="1.0" encoding="UTF-8"?>
<monster name="Efreet" nameDescription="an efreet" race="blood" experience="300" speed="234" manacost="0">
  <health now="550" max="550"/>
  <look type="103" head="0" body="0" legs="0" feet="0" corpse="3037"/>
  <targetchange interval="2000" chance="0"/>
  <strategy attack="100" defense="0"/>
  <flags>
    <flag summonable="0"/>
    <flag attackable="1"/>
    <flag hostile="1"/>
    <flag illusionable="0"/>
    <flag convinceable="0"/>
    <flag pushable="0"/>
    <flag canpushitems="1"/>
    <flag canpushcreatures="0"/>
    <flag targetdistance="1"/>
    <flag runonhealth="0"/>
  </flags>
  <attacks>
    <attack name="melee" interval="2000" skill="55" attack="35"/>
    <attack name="fire" interval="2000" chance="50" range="7" min="-40" max="-110">
      <attribute key="shootEffect" value="fire"/>
    </attack>
    <attack name="energy" interval="2000" chance="25" range="7" min="-65" max="-115">
      <attribute key="shootEffect" value="energy"/>
    </attack>
    <attack name="lifedrain" interval="2000" chance="20" range="7" min="-60" max="-120">
      <attribute key="shootEffect" value="death"/>
    </attack>
    <attack name="speed" interval="2000" chance="13" range="7" speedchange="-300" duration="15000">
      <attribute key="areaEffect" value="redshimmer"/>
    </attack>
    <attack name="drunk" interval="2000" chance="20" range="7">
      <attribute key="shootEffect" value="energy"/>
      <attribute key="areaEffect" value="energy"/>
    </attack>
    <attack name="outfit" interval="2000" chance="17" range="7" monster="rat" duration="30000">
      <attribute key="areaEffect" value="blueshimmer"/>
    </attack>
    <attack name="energycondition" interval="2000" chance="17" radius="3" target="0" min="-60" max="-100">
      <attribute key="areaEffect" value="energy"/>
    </attack>
  </attacks>
  <defenses armor="24" defense="35">
    <defense name="healing" interval="2000" chance="15" min="50" max="80">
      <attribute key="areaEffect" value="blueshimmer"/>
    </defense>
  </defenses>
  <immunities>
    <immunity physical="0"/>
    <immunity energy="1"/>
    <immunity fire="1"/>
    <immunity poison="1"/>
    <immunity lifedrain="1"/>
    <immunity paralyze="1"/>
    <immunity outfit="1"/>
    <immunity drunk="1"/>
    <immunity invisible="1"/>
  </immunities>
  <summons maxSummons="2">
    <summon name="green djinn" interval="2000" chance="15" max="2"/>
  </summons>
  <voices interval="5000" chance="10">
    <voice sentence="I grant you a deathwish!"/>
    <voice sentence="Muhahahaha!"/>
    <voice sentence="I wish you a merry trip to hell!"/>
    <voice sentence="Tell me your last wish!"/>
    <voice sentence="Good wishes are for fairytales"/>
  </voices>
	<loot>
    <item id="1987" chance="100000"> <!-- bag -->
        
            <item id="1858" chance="2950" /> <!--green tapestry -->
            <item id="2442" chance="5550" /> <!--heavy machete :: Def 10 :: Atk 16 -->
            <item id="2062" chance="200" /> <!--small oil lamp -->
            <item id="2663" chance="200" /> <!--mystic turban :: Arm 1 -->
            <item id="2155" chance="550" /> <!--green gem -->
        
    </item>
    <item id="2673" countmax="5" chance="6900" /> <!--pear -->
    <item id="2149" chance="7850" /> <!--small emerald -->
    <item id="2148" countmax="100" chance="43725" /> <!--gold coin -->
    <item id="2148" countmax="29" chance="43725" /> <!--gold coin -->
</loot>
</monster>
