<?xml version="1.0" encoding="UTF-8"?>
<monster name="Elephant" nameDescription="an elephant" race="blood" experience="160" speed="190" manacost="500">
  <health now="320" max="320"/>
  <look type="211" head="0" body="0" legs="0" feet="0" corpse="4295"/>
  <targetchange interval="2000" chance="5"/>
  <strategy attack="70" defense="0"/>
  <flags>
    <flag summonable="1"/>
    <flag attackable="1"/>
    <flag hostile="1"/>
    <flag illusionable="1"/>
    <flag convinceable="1"/>
    <flag pushable="0"/>
    <flag canpushitems="1"/>
    <flag canpushcreatures="1"/>
    <flag targetdistance="1"/>
    <flag runonhealth="0"/>
  </flags>
  <attacks>
    <attack name="melee" interval="2000" skill="45" attack="41"/>
  </attacks>
  <defenses armor="20" defense="16"/>
  <immunities>
    <immunity physical="0"/>
    <immunity energy="0"/>
    <immunity fire="0"/>
    <immunity poison="0"/>
    <immunity lifedrain="0"/>
    <immunity paralyze="0"/>
    <immunity outfit="0"/>
    <immunity drunk="0"/>
    <immunity invisible="0"/>
  </immunities>
  <voices interval="5000" chance="10">
    <voice sentence="Hooooot-Toooooot!"/>
    <voice sentence="Tooooot."/>
    <voice sentence="Troooooot!"/>
  </voices>
	<loot>
    <item id="2666" countmax="4" chance="42800" /> <!--meat -->
    <item id="2671" countmax="3" chance="29600" /> <!--ham -->
    <item id="3973" chance="550" /> <!--tusk shield :: Def 27 -->
</loot>
</monster>
