<?xml version="1.0" encoding="UTF-8"?>
<monster name="Elf Scout" nameDescription="an elf scout" race="blood" experience="75" speed="220" manacost="360">
  <health now="160" max="160"/>
  <look type="64" head="0" body="0" legs="0" feet="0" corpse="2981"/>
  <targetchange interval="2000" chance="50"/>
  <strategy attack="100" defense="0"/>
  <flags>
    <flag summonable="1"/>
    <flag attackable="1"/>
    <flag hostile="1"/>
    <flag illusionable="1"/>
    <flag convinceable="1"/>
    <flag pushable="0"/>
    <flag canpushitems="1"/>
    <flag canpushcreatures="0"/>
    <flag targetdistance="4"/>
    <flag runonhealth="0"/>
  </flags>
  <attacks>
    <attack name="melee" interval="2000" skill="25" attack="18"/>
    <attack name="physical" interval="2000" chance="25" range="7" min="-1" max="-60">
      <attribute key="shootEffect" value="arrow"/>
    </attack>
  </attacks>
  <defenses armor="7" defense="18"/>
  <immunities>
    <immunity physical="0"/>
    <immunity energy="0"/>
    <immunity fire="0"/>
    <immunity poison="0"/>
    <immunity lifedrain="0"/>
    <immunity paralyze="0"/>
    <immunity outfit="1"/>
    <immunity drunk="1"/>
    <immunity invisible="1"/>
  </immunities>
  <voices interval="5000" chance="10">
    <voice sentence="Tha'shi Ab'Dendriel!"/>
    <voice sentence="Feel the sting of my arrows!"/>
    <voice sentence="Thy blood will quench the soil's thirst!"/>
    <voice sentence="Evicor guide my arrow."/>
    <voice sentence="Your existence will end here!"/>
  </voices>
	<loot>
    <item id="1987" chance="100000"> <!-- bag -->
        
            <item id="2456" chance="5000" /> <!--bow -->
            <item id="2031" chance="1800" /> <!--waterskin -->
            <item id="2642" chance="1400" /> <!--sandals -->
        
    </item>
    <item id="2545" countmax="4" chance="9275" /> <!--poison arrow :: Atk 20 -->
    <item id="2544" countmax="12" chance="18175" /> <!--arrow :: Atk 25 -->
    <item id="2681" chance="17700" /> <!--grapes -->
	<item id="2148" countmax="30" chance="68875" /> <!--gold coin -->
</loot>
</monster>
