<?xml version="1.0" encoding="UTF-8"?>
<monster name="Fire Devil" nameDescription="a fire devil" race="blood" experience="110" speed="180" manacost="530">
  <health now="200" max="200"/>
  <look type="40" head="0" body="0" legs="0" feet="0" corpse="6035"/>
  <targetchange interval="2000" chance="50"/>
  <strategy attack="100" defense="0"/>
  <flags>
    <flag summonable="1"/>
    <flag attackable="1"/>
    <flag hostile="1"/>
    <flag illusionable="1"/>
    <flag convinceable="1"/>
    <flag pushable="0"/>
    <flag canpushitems="1"/>
    <flag canpushcreatures="0"/>
    <flag targetdistance="4"/>
    <flag runonhealth="0"/>
  </flags>
  <attacks>
    <attack name="melee" interval="2000" skill="30" attack="22"/>
    <attack name="fire" interval="2000" chance="12" range="7" radius="4" target="1" min="-60" max="-90">
      <attribute key="shootEffect" value="fire"/>
      <attribute key="areaEffect" value="firearea"/>
    </attack>
    <attack name="fire" interval="2000" chance="25" range="7" radius="2" target="1" min="-20" max="-50">
      <attribute key="shootEffect" value="fire"/>
      <attribute key="areaEffect" value="firearea"/>
    </attack>
  </attacks>
  <defenses armor="13" defense="15"/>
  <immunities>
    <immunity physical="0"/>
    <immunity energy="0"/>
    <immunity fire="1"/>
    <immunity poison="0"/>
    <immunity lifedrain="0"/>
    <immunity paralyze="0"/>
    <immunity outfit="0"/>
    <immunity drunk="0"/>
    <immunity invisible="0"/>
  </immunities>
  <voices interval="5000" chance="10">
    <voice sentence="Hot, eh?"/>
    <voice sentence="Hell, oh hell!"/>
  </voices>
	<loot>
    <item id="1987" chance="100000"> <!-- bag -->
        
            <item id="2568" chance="1550" /> <!--cleaver -->
            <item id="2419" chance="5175" /> <!--scimitar :: Def 13 :: Atk 19 -->
            <item id="2191" chance="975" /> <!--red spell wand -->
            <item id="2150" chance="200" /> <!--small amethyst -->
        
    </item>
    <item id="2515" chance="1000" /> <!--guardian shield :: Def 30 -->
    <item id="2260" chance="11025" /> <!--blank rune -->
    <item id="2387" chance="2000" /> <!--double axe :: Def 12 :: Atk 35 -->
    <item id="2050" countmax="2" chance="1400" /> <!--torch -->
</loot>
</monster>
