<?xml version="1.0" encoding="UTF-8"?>
<monster name="Frost Troll" nameDescription="a frost troll" race="blood" experience="23" speed="140" manacost="300">
  <health now="55" max="55"/>
  <look type="53" head="0" body="0" legs="0" feet="0" corpse="2928"/>
  <targetchange interval="2000" chance="0"/>
  <strategy attack="100" defense="0"/>
  <flags>
    <flag summonable="1"/>
    <flag attackable="1"/>
    <flag hostile="1"/>
    <flag illusionable="1"/>
    <flag convinceable="1"/>
    <flag pushable="1"/>
    <flag canpushitems="0"/>
    <flag canpushcreatures="0"/>
    <flag targetdistance="1"/>
    <flag runonhealth="10"/>
  </flags>
  <attacks>
    <attack name="melee" interval="2000" skill="19" attack="11"/>
  </attacks>
  <defenses armor="7" defense="9"/>
  <immunities>
    <immunity physical="0"/>
    <immunity energy="0"/>
    <immunity fire="0"/>
    <immunity poison="0"/>
    <immunity lifedrain="0"/>
    <immunity paralyze="0"/>
    <immunity outfit="0"/>
    <immunity drunk="0"/>
    <immunity invisible="0"/>
  </immunities>
  <voices interval="5000" chance="10">
    <voice sentence="Brrrr"/>
    <voice sentence="Broar!"/>
  </voices>
	<loot>
    <item id="1987" chance="100000"> <!-- bag -->
           <!-- CTRL + SHIFT + Q vc seleciona e aperta -->
            <item id="2667" chance="16750" /> <!--fish -->
            <item id="2384" chance="16300" /> <!--rapier :: Def 8 :: Atk 10 -->
            <item id="2651" chance="9750" /> <!--coat :: Arm 1 -->
        
    </item>
    <item id="2245" chance="9900" /> <!--twigs -->
    <item id="2512" chance="15475" /> <!--wooden shield :: Def 14 -->
    <item id="2389" chance="20025" /> <!--spear :: Atk 25 -->
	<item id="2148" countmax="8" chance="68375" /> <!--gold coin -->
</loot>
</monster>
