<?xml version="1.0" encoding="UTF-8"?>
<monster name="Gargoyle" nameDescription="a gargoyle" race="undead" experience="150" speed="200" manacost="0">
  <health now="250" max="250"/>
  <look type="95" head="0" body="0" legs="0" feet="0" corpse="3022"/>
  <targetchange interval="2000" chance="5"/>
  <strategy attack="70" defense="0"/>
  <flags>
    <flag summonable="0"/>
    <flag attackable="1"/>
    <flag hostile="1"/>
    <flag illusionable="1"/>
    <flag convinceable="0"/>
    <flag pushable="0"/>
    <flag canpushitems="1"/>
    <flag canpushcreatures="1"/>
    <flag targetdistance="1"/>
    <flag runonhealth="30"/>
  </flags>
  <attacks>
    <attack name="melee" interval="2000" skill="45" attack="24"/>
  </attacks>
  <defenses armor="26" defense="30">
    <defense name="healing" interval="2000" chance="10" min="5" max="15">
      <attribute key="areaEffect" value="blueshimmer"/>
    </defense>
  </defenses>
  <immunities>
    <immunity physical="0"/>
    <immunity energy="0"/>
    <immunity fire="1"/>
    <immunity poison="1"/>
    <immunity lifedrain="1"/>
    <immunity paralyze="0"/>
    <immunity outfit="0"/>
    <immunity drunk="0"/>
    <immunity invisible="0"/>
  </immunities>
  <voices interval="5000" chance="10">
    <voice sentence="Harrrr Harrrr!"/>
    <voice sentence="Stone sweet stone."/>
    <voice sentence="Feel my claws, softskin."/>
    <voice sentence="Chhhhhrrrrk!"/>
    <voice sentence="There is a stone in your shoe!"/>
  </voices>
	<loot>
    <item id="1987" chance="100000"> <!-- bag -->
        
            <item id="2209" chance="625" /> <!--club ring -->
            <item id="2680" countmax="5" chance="1100" /> <!--strawberry -->
            <item id="2129" chance="750" /> <!--wolf tooth chain -->
            <item id="2457" chance="150" /> <!--steel helmet :: Arm 6 -->
        
    </item>
    <item id="2394" chance="1650" /> <!--morning star :: Def 11 :: Atk 25 -->
    <item id="2513" chance="2150" /> <!--battle shield :: Def 23 -->
    <item id="1294" countmax="10" chance="16900" /> <!--small stone :: Atk 5 -->
    <item id="2489" chance="150" /> <!--dark armor :: Arm 10 -->
	<item id="2148" countmax="30" chance="66975" /> <!--gold coin -->
</loot>
</monster>
