<?xml version="1.0" encoding="UTF-8"?>
<monster name="Gazer" nameDescription="a gazer" race="venom" experience="90" speed="240" manacost="0">
  <health now="120" max="120"/>
  <look type="109" corpse="3049"/>
  <targetchange interval="2000" chance="9"/>
  <strategy attack="100" defense="0"/>
  <flags>
    <flag summonable="0"/>
    <flag attackable="1"/>
    <flag hostile="1"/>
    <flag illusionable="1"/>
    <flag convinceable="0"/>
    <flag pushable="0"/>
    <flag canpushitems="1"/>
    <flag canpushcreatures="0"/>
    <flag targetdistance="4"/>
    <flag staticattack="90"/>
    <flag runonhealth="0"/>
  </flags>
  <attacks>
    <attack name="melee" interval="2000" skill="10" attack="15"/>
    <attack name="lifedrain" interval="2000" chance="20" range="7" min="-25" max="-35">
      <attribute key="areaEffect" value="redshimmer"/>
    </attack>
    <attack name="manadrain" interval="2000" chance="20" range="7" min="-10" max="-35">
      <attribute key="areaEffect" value="redshimmer"/>
    </attack>
  </attacks>
  <defenses armor="4" defense="15"/>
  <elements>
    <element icePercent="20"/>
    <element energyPercent="10"/>
    <element firePercent="50"/>
  </elements>
  <immunities>
    <immunity invisible="1"/>
    <immunity earth="1"/>
  </immunities>
  <voices interval="2000" chance="9">
    <voice sentence="Mommy!?"/>
    <voice sentence="Buuuuhaaaahhaaaaa!"/>
    <voice sentence="Me need mana!"/>
  </voices>
  <loot capacity="3000">
    <item id="1987" chance="100000"> <!-- bag -->
      
    <item id="2148" countmax="20" chance="70000"/> <!--gold coin -->
    <item id="2512" countmax="1" chance="3000"/> <!--wooden shield :: Def 14 -->
      
    </item>
    <item id="2148" countmax="12" chance="90000"/> <!--gold coin -->
    <item id="2148" countmax="16" chance="80000"/> <!--gold coin -->
  </loot>
</monster>
