<?xml version="1.0" encoding="UTF-8"?>
<monster name="Giant Spider" nameDescription="a giant spider" race="venom" experience="900" speed="280" manacost="0">
	<health now="1300" max="1300"/>
	<look type="38" corpse="2857"/>
	<targetchange interval="5000" chance="8"/>
	<strategy attack="100" defense="0"/>
	<flags>
		<flag summonable="0"/>
		<flag attackable="1"/>
		<flag hostile="1"/>
		<flag illusionable="0"/>
		<flag convinceable="0"/>
		<flag pushable="0"/>
		<flag canpushitems="1"/>
		<flag canpushcreatures="1"/>
		<flag targetdistance="1"/>
		<flag staticattack="90"/>
		<flag runonhealth="0"/>
	</flags>
	<attacks>
		<attack name="melee" interval="2000" skill="50" attack="100"/>
		<attack name="poisonfield" interval="1000" chance="17" range="7" radius="1" target="1">
			<attribute key="shootEffect" value="poison"/>
		</attack>
	</attacks>
	<defenses armor="20" defense="20">
		<defense name="speed" interval="1000" chance="6" speedchange="310" duration="20000">
			<attribute key="areaEffect" value="redshimmer"/>
		</defense>
	</defenses>
	<elements>
		<element earthPercent="100"/>
		<element energyPercent="20"/>
		<element icePercent="20"/>
		<element firePercent="-10"/>
	</elements>
	<immunities>
		<immunity outfit="1"/>
		<immunity drunk="1"/>
		<immunity invisible="1"/>
	</immunities>
	<summons maxSummons="2">
		<summon name="Poison Spider" interval="1000" chance="30" max="2"/>
	</summons>
	<loot>
    <item id="1987" chance="100000"> <!-- bag -->
        
            <item id="2477" chance="600" /> <!--knight legs :: Arm 8 -->
            <item id="2476" chance="650" /><!-- knight armor :: Arm 12 -->
            <item id="2171" chance="650" /> <!--platinum amulet :: Arm 2 -->
        
    </item>
    <item id="2545" countmax="12" chance="7075" /> <!--poison arrow :: Atk 20 -->
    <item id="2457" chance="6750" /> <!--steel helmet :: Arm 6 -->
    <item id="2463" chance="9000" /> <!--plate armor :: Arm 10 -->
    <item id="2169" chance="1250" /> <!--time ring -->
    <item id="2478" chance="8900" /> <!--brass legs :: Arm 5 -->
	<item id="2148" countmax="100" chance="77725" /> <!--gold coin -->
</loot>
</monster>
