<?xml version="1.0" encoding="UTF-8"?>
<monster name="Goblin" nameDescription="a goblin" race="blood" experience="25" speed="120" manacost="290">
  <health now="50" max="50"/>
  <look type="61" head="0" body="0" legs="0" feet="0" corpse="2940"/>
  <targetchange interval="2000" chance="0"/>
  <strategy attack="100" defense="0"/>
  <flags>
    <flag summonable="1"/>
    <flag attackable="1"/>
    <flag hostile="1"/>
    <flag illusionable="1"/>
    <flag convinceable="1"/>
    <flag pushable="1"/>
    <flag canpushitems="0"/>
    <flag canpushcreatures="0"/>
    <flag targetdistance="1"/>
    <flag runonhealth="15"/>
  </flags>
  <attacks>
    <attack name="melee" interval="2000" skill="15" attack="10"/>
    <attack name="physical" interval="2000" chance="9" range="7" min="-1" max="-25">
      <attribute key="shootEffect" value="smallstone"/>
    </attack>
  </attacks>
  <defenses armor="6" defense="8"/>
  <immunities>
    <immunity physical="0"/>
    <immunity energy="0"/>
    <immunity fire="0"/>
    <immunity poison="0"/>
    <immunity lifedrain="0"/>
    <immunity paralyze="0"/>
    <immunity outfit="0"/>
    <immunity drunk="0"/>
    <immunity invisible="0"/>
  </immunities>
  <voices interval="5000" chance="10">
    <voice sentence="Me have him!"/>
    <voice sentence="Zig Zag! Gobo attack!"/>
    <voice sentence="Help! Goblinkiller!"/>
    <voice sentence="Bugga! Bugga!"/>
    <voice sentence="Me green, me mean!"/>
  </voices>
	<loot>
    <item id="1987" chance="100000"> <!-- bag -->
        
            <item id="2467" chance="3400" /> <!--leather armor :: Arm 4 -->
            <item id="2559" chance="11025" /> <!--small axe -->
            <item id="2667" countmax="3" chance="13650" /> <!--fish -->
            <item id="1294" countmax="5" chance="25650" /> <!--small stone :: Atk 5 -->
        
    </item>
    <item id="2379" chance="2075" /> <!--dagger :: Def 6 :: Atk 8 -->
    <item id="2230" chance="1800" /> <!--bone -->
    <item id="2461" chance="2100" /> <!--leather helmet :: Arm 1 -->
    <item id="2449" chance="5100" /> <!--bone club :: Def 8 :: Atk 12 -->
    <item id="2406" chance="9350" /> <!--short sword :: Def 11 :: Atk 11 -->
    <item id="2235" chance="1175" /> <!--moldy cheese -->
	<item id="2148" countmax="14" chance="48550" /> <!--gold coin -->
</loot>
</monster>
