<?xml version="1.0" encoding="UTF-8"?>
<monster name="Hunter" nameDescription="a hunter" race="blood" experience="150" speed="210" manacost="530">
  <health now="150" max="150"/>
  <look type="129" head="95" body="116" legs="120" feet="115" corpse="3128"/>
  <targetchange interval="2000" chance="50"/>
  <strategy attack="100" defense="0"/>
  <flags>
    <flag summonable="0"/>
    <flag attackable="1"/>
    <flag hostile="1"/>
    <flag illusionable="1"/>
    <flag convinceable="1"/>
    <flag pushable="0"/>
    <flag canpushitems="1"/>
    <flag canpushcreatures="0"/>
    <flag targetdistance="4"/>
    <flag runonhealth="10"/>
  </flags>
  <attacks>
    <attack name="melee" interval="2000" skill="18" attack="13"/>
    <attack name="physical" interval="2000" chance="50" range="7" min="-1" max="-100">
      <attribute key="shootEffect" value="arrow"/>
    </attack>
  </attacks>
  <defenses armor="8" defense="10"/>
  <immunities>
    <immunity physical="0"/>
    <immunity energy="0"/>
    <immunity fire="0"/>
    <immunity poison="0"/>
    <immunity lifedrain="0"/>
    <immunity paralyze="0"/>
    <immunity outfit="0"/>
    <immunity drunk="0"/>
    <immunity invisible="0"/>
  </immunities>
  <voices interval="5000" chance="10">
    <voice sentence="Guess who we are hunting, hahaha!"/>
  </voices>
	<loot>
    <item id="1987" chance="100000"> <!-- bag -->
        
            <item id="2460" chance="6125" /><!-- brass helmet :: Arm 3 -->
            <item id="2545" countmax="4" chance="3500" /> <!--poison arrow :: Atk 20 -->
            <item id="2546" countmax="3" chance="3625" /> <!--burst arrow -->
            <item id="2147" chance="875" /> <!--small ruby -->
        
    </item>
    <item id="2544" countmax="22" chance="30075" /><!-- arrow :: Atk 25 -->
    <item id="2675" countmax="2" chance="14475" /> <!--orange -->
    <item id="2050" chance="2900" /> <!--torch -->
    <item id="2201" chance="3350" /> <!--dragon necklace -->
    <item id="2456" chance="6300" /> <!--bow -->
    <item id="2465" chance="4925" /> <!--brass armor :: Arm 8 -->
    <item id="2690" countmax="2" chance="9025" /> <!--roll -->
</loot>
</monster>
