<?xml version="1.0" encoding="UTF-8"?>
<monster name="Hydra" nameDescription="a hydra" race="blood" experience="2100" speed="200" manacost="0">
  <health now="2250" max="2250"/>
  <look type="121" head="0" body="0" legs="0" feet="0" corpse="4283"/>
  <targetchange interval="2000" chance="5"/>
  <strategy attack="70" defense="10"/>
  <flags>
    <flag summonable="0"/>
    <flag attackable="1"/>
    <flag hostile="1"/>
    <flag illusionable="1"/>
    <flag convinceable="0"/>
    <flag pushable="0"/>
    <flag canpushitems="1"/>
    <flag canpushcreatures="1"/>
    <flag targetdistance="1"/>
    <flag runonhealth="300"/>
  </flags>
  <attacks>
    <attack name="melee" interval="2000" skill="71" attack="56"/>
    <attack name="speed" interval="2000" chance="17" range="7" radius="4" target="1" speedchange="-200" duration="15000">
      <attribute key="shootEffect" value="poison"/>
      <attribute key="areaEffect" value="greenbubble"/>
    </attack>
    <attack name="physical" interval="2000" chance="15" length="8" spread="3" min="-100" max="-200">
      <attribute key="areaEffect" value="bluebubble"/>
    </attack>
    <attack name="poison" interval="2000" chance="12" length="8" spread="3" min="-60" max="-300">
      <attribute key="areaEffect" value="poison"/>
    </attack>
  </attacks>
  <defenses armor="27" defense="45">
    <defense name="healing" interval="2000" chance="34" min="200" max="400">
      <attribute key="areaEffect" value="blueshimmer"/>
    </defense>
  </defenses>
  <immunities>
    <immunity physical="0"/>
    <immunity energy="0"/>
    <immunity fire="0"/>
    <immunity poison="1"/>
    <immunity lifedrain="1"/>
    <immunity paralyze="1"/>
    <immunity outfit="1"/>
    <immunity drunk="1"/>
    <immunity invisible="1"/>
  </immunities>
  <voices interval="5000" chance="10">
    <voice sentence="FCHHHHH" yell="1"/>
    <voice sentence="HISSSS" yell="1"/>
  </voices>
	<loot>
    <item id="1987" chance="100000"> <!-- bag -->
        
            <item id="2475" chance="1000" /> <!--warrior helmet :: Arm 8 -->
            <item id="2177" chance="550" /> <!--life crystal -->
            <item id="4850" chance="1325" /> <!--hydra egg -->
            <item id="2197" chance="400" /> <!--stone skin amulet -->
            <item id="2498" chance="90" /> <!--royal helmet :: Arm 9 -->
            <item id="2195" chance="90" /> <!--boots of haste -->
        
    </item>
    <item id="2671" countmax="4" chance="9825" /> <!--ham -->
    <item id="2146" chance="1550" /> <!--small sapphire -->
    <item id="2476" chance="700" /> <!--knight armor :: Arm 12 -->
    <item id="2214" chance="900" /> <!--ring of healing -->
    <item id="2536" chance="100" /> <!--medusa shield :: Def 33 -->
    <item id="2148" countmax="99" chance="47425" /> <!--gold coin -->
    <item id="2148" countmax="99" chance="47425" /> <!--gold coin -->
    <item id="2148" countmax="52" chance="27425" /> <!--gold coin -->
</loot>
</monster>
