<?xml version="1.0" encoding="UTF-8"?>
<monster name="Ice Witch" nameDescription="a ice witch" race="blood" experience="700" speed="270">
  <health now="1000" max="1000"/>
  <look type="426" head="0" body="0" legs="0" feet="0" corpse="3065"/>
  <targetchange interval="2000" chance="50"/>
  <strategy attack="100" defense="0"/>
  <flags>
    <flag summonable="0"/>
    <flag attackable="1"/>
    <flag hostile="1"/>
    <flag illusionable="0"/>
    <flag convinceable="0"/>
    <flag pushable="0"/>
    <flag canpushitems="1"/>
    <flag canpushcreatures="0"/>
    <flag targetdistance="1"/>
    <flag runonhealth="120"/>
  </flags>
  <attacks>
    <attack name="melee" interval="2000" min="-100" max="-200"/>
    <attack name="physical" interval="2100" chance="60" range="5" min="-40" max="-170">
      <attribute key="shootEffect" value="snowball"/>
    </attack>
    <attack name="physical" interval="2800" chance="30" range="7" radius="4" target="1" min="-100" max="-370">
      <attribute key="shootEffect" value="icebola"/>
      <attribute key="areaEffect" value="icecube"/>
    </attack>
    <attack name="speed" interval="2500" chance="15" range="7" radius="4" target="1" speedchange="-300" duration="15000">
      <attribute key="shootEffect" value="icelula"/>
    </attack>
  </attacks>
  <defenses armor="22" defense="30">
  </defenses>
  <immunities>
    <immunity physical="0"/>
    <immunity energy="1"/>
    <immunity fire="0"/>
    <immunity poison="1"/>
    <immunity lifedrain="0"/>
    <immunity paralyze="0"/>
    <immunity outfit="1"/>
    <immunity drunk="1"/>
    <immunity invisible="1"/>
  </immunities>
  <voices interval="5000" chance="10">
    <voice sentence="Horax pokti!"/>
    <voice sentence="Hihihihi!"/>
    <voice sentence="Herba budinia ex!"/>
  </voices>
	<loot>
    <item id="1987" chance="100000"> <!-- bag -->
        
            <item id="2663" chance="200" /> <!--mystic turban -->
            <item id="6079" chance="150" /> <!--assasssin blade -->
            <item id="6116" chance="300" /> <!--old blue spell wand -->
        
    </item>
    <item id="6097" chance="20" /> <!--blizz legs -->
    <item id="2423" chance="500" /> <!--clerical mace -->
    <item id="2796" chance="30000" /> <!--green mushroom -->
    <item id="2273" chance="1000" /> <!--uh rune -->
    <item id="5827" countmax="4" chance="30000" /> <!--daraman arrow -->
	<item id="2148" countmax="90" chance="43975" /> <!--gold coin -->
</loot>
</monster>
