<?xml version="1.0" encoding="UTF-8"?>
<monster name="Kongra" nameDescription="a kongra" race="blood" experience="115" speed="200" manacost="0">
	<health now="340" max="340"/>
	<look type="116" corpse="4268"/>
	<targetchange interval="5000" chance="20"/>
	<strategy attack="100" defense="0"/>
	<flags>
		<flag summonable="0"/>
		<flag attackable="1"/>
		<flag hostile="1"/>
		<flag illusionable="1"/>
		<flag convinceable="0"/>
		<flag pushable="0"/>
		<flag canpushitems="1"/>
		<flag canpushcreatures="0"/>
		<flag targetdistance="1"/>
		<flag staticattack="90"/>
		<flag runonhealth="10"/>
	</flags>
	<attacks>
		<attack name="melee" interval="2000" skill="20" attack="40"/>
	</attacks>
	<defenses armor="18" defense="14">
		<defense name="speed" interval="1000" chance="7" speedchange="260" duration="3000">
			<attribute key="areaEffect" value="redshimmer"/>
		</defense>
	</defenses>
	<elements>
		<element firePercent="20"/>
		<element earthPercent="10"/>
		<element energyPercent="5"/>
		<element icePercent="-15"/>
		<element deathPercent="-5"/>
	</elements>
	<voices interval="5000" chance="10">
		<voice sentence="Hugah!"/>
		<voice sentence="Ungh! Ungh!"/>
		<voice sentence="Huaauaauaauaa!"/>
	</voices>
	<loot>
    <item id="1987" chance="100000"> <!-- bag -->
        
            <item id="2166" chance="875" /> <!--power ring -->
            <item id="2209" chance="150" /> <!--club ring -->
        
    </item>
    <item id="2200" chance="1250" /> <!--protection amulet -->
    <item id="2676" countmax="12" chance="2800" /> <!--banana -->
    <item id="2463" chance="1600" /> <!--plate armor :: Arm 10 -->
	<item id="2148" countmax="40" chance="62225" /> <!--gold coin -->
</loot>
</monster>
