<?xml version="1.0" encoding="UTF-8"?>
<monster name="Larva" nameDescription="a larva" race="venom" experience="44" speed="124" manacost="355">
  <health now="70" max="70"/>
  <look type="82" head="0" body="0" legs="0" feet="0" corpse="5861"/>
  <targetchange interval="2000" chance="0"/>
  <strategy attack="100" defense="0"/>
  <flags>
    <flag summonable="1"/>
    <flag attackable="1"/>
    <flag hostile="1"/>
    <flag illusionable="1"/>
    <flag convinceable="1"/>
    <flag pushable="1"/>
    <flag canpushitems="0"/>
    <flag canpushcreatures="0"/>
    <flag targetdistance="1"/>
    <flag runonhealth="0"/>
  </flags>
  <attacks>
    <attack name="melee" interval="2000" skill="30" attack="20" poison="15"/>
  </attacks>
  <defenses armor="5" defense="11"/>
  <immunities>
    <immunity physical="0"/>
    <immunity energy="0"/>
    <immunity fire="0"/>
    <immunity poison="1"/>
    <immunity lifedrain="0"/>
    <immunity paralyze="1"/>
    <immunity outfit="0"/>
    <immunity drunk="0"/>
    <immunity invisible="0"/>
  </immunities>
	<loot>
    <item id="2666" chance="14900" /> <!--meat -->
    <item id="2148" countmax="22" chance="55400" /> <!--gold coin -->
</loot>
</monster>
