<?xml version="1.0" encoding="UTF-8"?>
<monster name="Lich" nameDescription="a lich" race="undead" experience="900" speed="210" manacost="0">
  <health now="880" max="880"/>
  <look type="99" head="0" body="0" legs="0" feet="0" corpse="6220"/>
  <targetchange interval="2000" chance="3"/>
  <strategy attack="80" defense="10"/>
  <flags>
    <flag summonable="0"/>
    <flag attackable="1"/>
    <flag hostile="1"/>
    <flag illusionable="0"/>
    <flag convinceable="0"/>
    <flag pushable="0"/>
    <flag canpushitems="1"/>
    <flag canpushcreatures="1"/>
    <flag targetdistance="1"/>
    <flag runonhealth="0"/>
  </flags>
  <attacks>
    <attack name="melee" interval="2000" skill="40" attack="40" poison="400"/>
    <attack name="lifedrain" interval="2000" chance="4" range="1" min="-50" max="-250">
      <attribute key="areaEffect" value="blueshimmer"/>
    </attack>
    <attack name="speed" interval="2000" chance="15" range="7" speedchange="-475" duration="30000">
      <attribute key="areaEffect" value="redshimmer"/>
    </attack>
    <attack name="lifedrain" interval="2000" chance="17" radius="3" target="0" min="-120" max="-200">
      <attribute key="areaEffect" value="redshimmer"/>
    </attack>
    <attack name="lifedrain" interval="2000" chance="9" length="8" spread="0" min="-100" max="-200">
      <attribute key="areaEffect" value="redshimmer"/>
    </attack>
    <attack name="poisoncondition" interval="2000" chance="9" length="8" spread="0" min="-300" max="-400">
      <attribute key="areaEffect" value="greenspark"/>
    </attack>
  </attacks>
  <defenses armor="50" defense="60">
    <defense name="healing" interval="2000" chance="17" min="50" max="150">
      <attribute key="areaEffect" value="redshimmer"/>
    </defense>
  </defenses>
  <immunities>
    <immunity physical="0"/>
    <immunity energy="0"/>
    <immunity fire="1"/>
    <immunity poison="1"/>
    <immunity lifedrain="1"/>
    <immunity paralyze="1"/>
    <immunity outfit="1"/>
    <immunity drunk="1"/>
    <immunity invisible="1"/>
  </immunities>
  <summons maxSummons="4">
    <summon name="bonebeast" interval="2000" chance="17" max="4"/>
  </summons>
  <voices interval="5000" chance="10">
    <voice sentence="Death awaits all!"/>
    <voice sentence="Doomed be the living!"/>
    <voice sentence="Death and Decay!"/>
    <voice sentence="You will endure agony beyond thy death!"/>
    <voice sentence="Come to me my children!"/>
    <voice sentence="Pain sweet pain!"/>
    <voice sentence="Thy living flesh offends me!"/>
  </voices>
	<loot>
    <item id="1987" chance="100000"> <!-- bag -->
        
            <item id="2178" chance="800" /> <!--mind stone -->
            <item id="2535" chance="150" /> <!--castle shield :: Def 28 -->
            <item id="2171" chance="75" /> <!--platinum amulet :: Arm 2 -->
            <item id="2479" chance="800" /> <!--strange helmet :: Arm 6 -->
        
    </item>
    <item id="2401" chance="63400" /> <!--staff :: Def 25 :: Atk 10 -->
    <item id="2144" chance="5925" /> <!--black pearl -->
    <item id="2214" chance="1650" /> <!--ring of healing -->
    <item id="2175" chance="10550" /> <!--spellbook :: Def 14 -->
    <item id="2237" chance="17500" /> <!--dirty cape -->
    <item id="2143" chance="3025" /> <!--white pearl -->
    <item id="2148" countmax="100" chance="48125" /> <!--gold coin -->
    <item id="2148" countmax="40" chance="18125" /> <!--gold coin -->
</loot>
</monster>
