<?xml version="1.0" encoding="UTF-8"?>
<monster name="Lion" nameDescription="a lion" race="blood" experience="30" speed="190" manacost="320">
  <health now="80" max="80"/>
  <look type="41" head="0" body="0" legs="0" feet="0" corpse="5849"/>
  <targetchange interval="2000" chance="0"/>
  <strategy attack="100" defense="0"/>
  <flags>
    <flag summonable="1"/>
    <flag attackable="1"/>
    <flag hostile="1"/>
    <flag illusionable="1"/>
    <flag convinceable="1"/>
    <flag pushable="0"/>
    <flag canpushitems="0"/>
    <flag canpushcreatures="0"/>
    <flag targetdistance="1"/>
    <flag runonhealth="10"/>
  </flags>
  <attacks>
    <attack name="melee" interval="2000" skill="32" attack="20"/>
  </attacks>
  <defenses armor="6" defense="13"/>
  <immunities>
    <immunity physical="0"/>
    <immunity energy="0"/>
    <immunity fire="0"/>
    <immunity poison="0"/>
    <immunity lifedrain="0"/>
    <immunity paralyze="0"/>
    <immunity outfit="0"/>
    <immunity drunk="0"/>
    <immunity invisible="0"/>
  </immunities>
  <voices interval="5000" chance="10">
    <voice sentence="Groarrr!"/>
  </voices>
	<loot>
    <item id="2666" countmax="4" chance="48700" /> <!--meat -->
    <item id="2671" countmax="2" chance="20075" /> <!--ham -->
</loot>
</monster>
