<?xml version="1.0" encoding="UTF-8"?>
<monster name="Lizard Sentinel" nameDescription="a lizard sentinel" race="blood" experience="105" speed="180" manacost="560">
  <health now="265" max="265"/>
  <look type="114" head="0" body="0" legs="0" feet="0" corpse="4259"/>
  <targetchange interval="2000" chance="50"/>
  <strategy attack="100" defense="0"/>
  <flags>
    <flag summonable="0"/>
    <flag attackable="1"/>
    <flag hostile="1"/>
    <flag illusionable="1"/>
    <flag convinceable="1"/>
    <flag pushable="1"/>
    <flag canpushitems="1"/>
    <flag canpushcreatures="0"/>
    <flag targetdistance="4"/>
    <flag runonhealth="10"/>
  </flags>
  <attacks>
    <attack name="melee" interval="2000" skill="35" attack="26"/>
    <attack name="physical" interval="2000" chance="7" range="7" min="-1" max="-70">
      <attribute key="shootEffect" value="spear"/>
    </attack>
  </attacks>
  <defenses armor="17" defense="24"/>
  <immunities>
    <immunity physical="0"/>
    <immunity energy="0"/>
    <immunity fire="0"/>
    <immunity poison="1"/>
    <immunity lifedrain="0"/>
    <immunity paralyze="0"/>
    <immunity outfit="1"/>
    <immunity drunk="1"/>
    <immunity invisible="1"/>
  </immunities>
  <voices interval="5000" chance="10">
    <voice sentence="Tssss!"/>
  </voices>
	<loot>
    <item id="1987" chance="100000"> <!-- bag -->
        
            <item id="2381" chance="1100" /> <!--halberd :: Def 14 :: Atk 35 -->
            <item id="2145" chance="200" /> <!--small diamond -->
            <item id="3974" chance="975" /> <!--sentinel shield :: Def 22 -->
        
    </item>
    <item id="2483" chance="9250" /> <!--scale armor :: Arm 9 -->
    <item id="2464" chance="9625" /> <!--chain armor :: Arm 6 -->
    <item id="2389" countmax="3" chance="6875" /> <!--spear :: Atk 25 -->
    <item id="2425" chance="1575" /> <!--obsidian lance :: Def 10 :: Atk 34 -->
	<item id="2148" countmax="54" chance="60100" /> <!--gold coin -->
</loot>
</monster>
