<?xml version="1.0" encoding="UTF-8"?>
<monster name="Lizard Snakecharmer" nameDescription="a lizard snakecharmer" race="blood" experience="200" speed="184" manacost="0">
  <health now="325" max="325"/>
  <look type="115" head="0" body="0" legs="0" feet="0" corpse="4262"/>
  <targetchange interval="2000" chance="50"/>
  <strategy attack="100" defense="0"/>
  <flags>
    <flag summonable="0"/>
    <flag attackable="1"/>
    <flag hostile="1"/>
    <flag illusionable="1"/>
    <flag convinceable="0"/>
    <flag pushable="1"/>
    <flag canpushitems="1"/>
    <flag canpushcreatures="0"/>
    <flag targetdistance="4"/>
    <flag runonhealth="15"/>
  </flags>
  <attacks>
    <attack name="melee" interval="2000" skill="28" attack="18"/>
    <attack name="poisoncondition" interval="2000" chance="12" range="7" min="-1" max="-150">
      <attribute key="shootEffect" value="poison"/>
      <attribute key="areaEffect" value="poison"/>
    </attack>
    <attack name="poison" interval="2000" chance="17" range="7" radius="1" target="1" min="-50" max="-100">
      <attribute key="shootEffect" value="poison"/>
      <attribute key="areaEffect" value="greenbubble"/>
    </attack>
  </attacks>
  <defenses armor="22" defense="15">
    <defense name="healing" interval="2000" chance="34" min="50" max="100">
      <attribute key="areaEffect" value="blueshimmer"/>
    </defense>
  </defenses>
  <immunities>
    <immunity physical="0"/>
    <immunity energy="0"/>
    <immunity fire="0"/>
    <immunity poison="1"/>
    <immunity lifedrain="0"/>
    <immunity paralyze="0"/>
    <immunity outfit="1"/>
    <immunity drunk="1"/>
    <immunity invisible="1"/>
  </immunities>
  <summons maxSummons="6">
    <summon name="cobra" interval="2000" chance="25" max="6"/>
  </summons>
  <voices interval="5000" chance="10">
    <voice sentence="Shhhhhhhh."/>
    <voice sentence="I ssssmell warm blood!"/>
  </voices>
	<loot>
    <item id="1987" chance="100000"> <!-- bag -->
        
            <item id="2168" chance="750" /> <!--life ring -->
            <item id="3971" chance="625" /><!-- charmer tiara :: Arm 2 -->
        
    </item>
    <item id="2817" chance="30525" /> <!--dead snake -->
    <item id="2654" chance="11850" /> <!--cape :: Arm 1 -->
    <item id="2177" chance="1350" /> <!--life crystal -->
    <item id="2150" chance="975" /> <!--small amethyst -->
	<item id="2148" countmax="86" chance="53575" /> <!--gold coin -->
</loot>
</monster>
