<?xml version="1.0" encoding="UTF-8"?>
<monster name="Lizard Templar" nameDescription="a lizard templar" race="blood" experience="145" speed="174" manacost="0">
  <health now="410" max="410"/>
  <look type="113" head="0" body="0" legs="0" feet="0" corpse="4256"/>
  <targetchange interval="2000" chance="0"/>
  <strategy attack="100" defense="0"/>
  <flags>
    <flag summonable="0"/>
    <flag attackable="1"/>
    <flag hostile="1"/>
    <flag illusionable="1"/>
    <flag convinceable="0"/>
    <flag pushable="0"/>
    <flag canpushitems="1"/>
    <flag canpushcreatures="0"/>
    <flag targetdistance="1"/>
    <flag runonhealth="0"/>
  </flags>
  <attacks>
    <attack name="melee" interval="2000" skill="44" attack="30"/>
  </attacks>
  <defenses armor="26" defense="20"/>
  <immunities>
    <immunity physical="0"/>
    <immunity energy="0"/>
    <immunity fire="0"/>
    <immunity poison="1"/>
    <immunity lifedrain="0"/>
    <immunity paralyze="0"/>
    <immunity outfit="0"/>
    <immunity drunk="0"/>
    <immunity invisible="0"/>
  </immunities>
  <voices interval="5000" chance="10">
    <voice sentence="Hissss!"/>
  </voices>
	<loot>
    <item id="1987" chance="100000"> <!-- bag -->
        
            <item id="2394" chance="2925" /> <!--morning star :: Def 11 :: Atk 25 -->
            <item id="2463" chance="1600" /> <!--plate armor :: Arm 10 -->
            <item id="2149" chance="775" /> <!--small emerald -->
        
    </item>
    <item id="2376" chance="5225" /> <!--sword :: Def 12 :: Atk 14 -->
    <item id="2457" chance="2425" /> <!--steel helmet :: Arm 6 -->
    <item id="2406" chance="9800" /> <!--short sword :: Def 11 :: Atk 11 -->
    <item id="3963" chance="900" /> <!--templar scytheblade :: Def 15 :: Atk 23 -->
    <item id="2148" countmax="80" chance="61725" /> <!--gold coin -->
</loot>
</monster>
