<?xml version="1.0" encoding="UTF-8"?>
<monster name="Merlkin" nameDescription="a merlkin" race="blood" experience="135" speed="194" manacost="0">
  <health now="230" max="230"/>
  <look type="117" head="0" body="0" legs="0" feet="0" corpse="4271"/>
  <targetchange interval="2000" chance="50"/>
  <strategy attack="100" defense="0"/>
  <flags>
    <flag summonable="0"/>
    <flag attackable="1"/>
    <flag hostile="1"/>
    <flag illusionable="1"/>
    <flag convinceable="0"/>
    <flag pushable="0"/>
    <flag canpushitems="1"/>
    <flag canpushcreatures="0"/>
    <flag targetdistance="4"/>
    <flag runonhealth="0"/>
  </flags>
  <attacks>
    <attack name="melee" interval="2000" skill="25" attack="15"/>
    <attack name="fire" interval="2000" chance="13" range="7" min="-1" max="-90">
      <attribute key="shootEffect" value="fire"/>
      <attribute key="areaEffect" value="firearea"/>
    </attack>
    <attack name="energy" interval="2000" chance="34" range="7" min="-15" max="-45">
      <attribute key="shootEffect" value="energy"/>
      <attribute key="areaEffect" value="energy"/>
    </attack>
    <attack name="poisonfield" interval="2000" chance="15" range="7" radius="1" target="1">
      <attribute key="shootEffect" value="energy"/>
    </attack>
  </attacks>
  <defenses armor="16" defense="40">
    <defense name="healing" interval="2000" chance="10" min="10" max="40">
      <attribute key="areaEffect" value="blueshimmer"/>
    </defense>
  </defenses>
  <immunities>
    <immunity physical="0"/>
    <immunity energy="1"/>
    <immunity fire="0"/>
    <immunity poison="0"/>
    <immunity lifedrain="0"/>
    <immunity paralyze="0"/>
    <immunity outfit="1"/>
    <immunity drunk="1"/>
    <immunity invisible="1"/>
  </immunities>
  <voices interval="5000" chance="10">
    <voice sentence="Ugh! Ugh! Ugh!"/>
    <voice sentence="Holy banana!"/>
    <voice sentence="Chakka! Chakka!"/>
  </voices>
	<loot>
    <item id="1987" chance="100000"> <!-- bag -->
        
            <item id="2675" countmax="5" chance="350" /> <!--orange -->
            <item id="2150" chance="200" /> <!--small amethyst -->
        
    </item>
    <item id="3966" chance="550" /> <!--banana staff :: Def 15 :: Atk 25 -->
    <item id="2676" countmax="11" chance="2825" /> <!--banana -->
    <item id="2162" chance="1575" /> <!--magic lightwand -->
    <item id="2148" countmax="44" chance="68100" /> <!--gold coin -->
</loot>

</monster>
