<?xml version="1.0" encoding="UTF-8"?>
<monster name="Minotaur Guard" nameDescription="a minotaur guard" race="blood" experience="160" speed="190" manacost="550">
  <health now="185" max="185"/>
  <look type="29" head="0" body="0" legs="0" feet="0" corpse="2876"/>
  <targetchange interval="2000" chance="5"/>
  <strategy attack="70" defense="10"/>
  <flags>
    <flag summonable="1"/>
    <flag attackable="1"/>
    <flag hostile="1"/>
    <flag illusionable="1"/>
    <flag convinceable="1"/>
    <flag pushable="0"/>
    <flag canpushitems="1"/>
    <flag canpushcreatures="1"/>
    <flag targetdistance="1"/>
    <flag runonhealth="0"/>
  </flags>
  <attacks>
    <attack name="melee" interval="2000" skill="50" attack="35"/>
  </attacks>
  <defenses armor="15" defense="32"/>
  <immunities>
    <immunity physical="0"/>
    <immunity energy="0"/>
    <immunity fire="0"/>
    <immunity poison="0"/>
    <immunity lifedrain="0"/>
    <immunity paralyze="0"/>
    <immunity outfit="0"/>
    <immunity drunk="0"/>
    <immunity invisible="0"/>
  </immunities>
  <voices interval="5000" chance="10">
    <voice sentence="Kirll Karrrl!"/>
    <voice sentence="Kaplar!"/>
  </voices>
	<loot>
    <item id="1987" chance="100000"> <!-- bag -->
        
            <item id="2387" chance="850" /><!-- double axe :: Def 12 :: Atk 35 -->
            <item id="2580" chance="1300" /> <!--fishing rod -->
        
    </item>
    <item id="2464" chance="3125" /> <!--chain armor :: Arm 6 -->
    <item id="2465" chance="4525" /> <!--brass armor :: Arm 8 -->
    <item id="6075" chance="800"/> <!--Minotaur Hoof -->
    <item id="2513" chance="2250" /> <!--battle shield :: Def 23 -->
	<item id="2148" countmax="22" chance="62625" /> <!--gold coin -->
</loot>
</monster>
