<?xml version="1.0" encoding="UTF-8"?>
<monster name="Minotaur Archer" nameDescription="a minotaur archer" race="blood" experience="65" speed="160" manacost="390">
  <health now="100" max="100"/>
  <look type="24" head="0" body="0" legs="0" feet="0" corpse="2871"/>
  <targetchange interval="2000" chance="50"/>
  <strategy attack="100" defense="0"/>
  <flags>
    <flag summonable="1"/>
    <flag attackable="1"/>
    <flag hostile="1"/>
    <flag illusionable="1"/>
    <flag convinceable="1"/>
    <flag pushable="0"/>
    <flag canpushitems="0"/>
    <flag canpushcreatures="0"/>
    <flag targetdistance="4"/>
    <flag runonhealth="10"/>
  </flags>
  <attacks>
    <attack name="melee" interval="2000" skill="20" attack="15"/>
    <attack name="physical" interval="2000" chance="34" range="7" min="-1" max="-85">
      <attribute key="shootEffect" value="bolt"/>
    </attack>
  </attacks>
  <defenses armor="7" defense="8"/>
  <immunities>
    <immunity physical="0"/>
    <immunity energy="0"/>
    <immunity fire="0"/>
    <immunity poison="0"/>
    <immunity lifedrain="0"/>
    <immunity paralyze="0"/>
    <immunity outfit="0"/>
    <immunity drunk="0"/>
    <immunity invisible="0"/>
  </immunities>
  <voices interval="5000" chance="10">
    <voice sentence="Ruan Wihmpy!"/>
    <voice sentence="Kaplar!"/>
  </voices>
	<loot>
    <item id="1987" chance="100000"> <!-- bag -->
        
            <item id="2465" chance="875" /><!-- brass armor :: Arm 8 -->
            <item id="2455" chance="1125" /> <!--crossbow -->
            <item id="2483" chance="750" /> <!--scale armor :: Arm 9 -->
        
    </item>
    <item id="2666" chance="5075" /> <!--meat -->
    <item id="2543" countmax="20" chance="33000" /> <!--bolt :: Atk 30 -->
    <item id="6075" chance="700"/> <!--Minotaur Hoof -->
	<item id="2148" countmax="32" chance="49825" /> <!--gold coin -->
</loot>
</monster>
