<?xml version="1.0" encoding="UTF-8"?>
<monster name="Minotaur" nameDescription="a minotaur" race="blood" experience="50" speed="168" manacost="330">
  <health now="100" max="100"/>
  <look type="25" head="0" body="0" legs="0" feet="0" corpse="2830"/>
  <targetchange interval="2000" chance="0"/>
  <strategy attack="100" defense="0"/>
  <flags>
    <flag summonable="1"/>
    <flag attackable="1"/>
    <flag hostile="1"/>
    <flag illusionable="1"/>
    <flag convinceable="1"/>
    <flag pushable="1"/>
    <flag canpushitems="0"/>
    <flag canpushcreatures="0"/>
    <flag targetdistance="1"/>
    <flag runonhealth="0"/>
  </flags>
  <attacks>
    <attack name="melee" interval="2000" skill="25" attack="15"/>
  </attacks>
  <defenses armor="11" defense="11"/>
  <immunities>
    <immunity physical="0"/>
    <immunity energy="0"/>
    <immunity fire="0"/>
    <immunity poison="0"/>
    <immunity lifedrain="0"/>
    <immunity paralyze="0"/>
    <immunity outfit="0"/>
    <immunity drunk="0"/>
    <immunity invisible="0"/>
  </immunities>
  <voices interval="5000" chance="10">
    <voice sentence="Kaplar!"/>
  </voices>
	<loot>
    <item id="1987" chance="100000"> <!-- bag -->
        
            <item id="2376" chance="5450" /> <!--sword :: Def 12 :: Atk 14 -->
            <item id="2510" chance="20350" /><!-- plate shield :: Def 17 -->
            <item id="2554" chance="750" /> <!--shovel -->
            <item id="2172" chance="550" /><!-- bronze amulet -->
        
    </item>
    <item id="2398" chance="13225" /> <!--mace :: Def 11 :: Atk 16 -->
    <item id="2464" chance="11650" /> <!--chain armor :: Arm 6 -->
    <item id="6075" chance="600"/> <!--Minotaur Hoof -->
    <item id="2386" chance="4175" /> <!--axe :: Def 6 :: Atk 12 -->
    <item id="2460" chance="9600" /> <!--brass helmet :: Arm 3 -->
    <item id="2666" chance="5325" /> <!--meat -->
	<item id="2148" countmax="32" chance="40825" /> <!--gold coin -->
</loot>
</monster>
