<?xml version="1.0" encoding="UTF-8"?>
<monster name="Monk" nameDescription="a monk" race="blood" experience="200" speed="240" manacost="600">
  <health now="240" max="240"/>
  <look type="57" head="0" body="0" legs="0" feet="0" corpse="3128"/>
  <targetchange interval="2000" chance="5"/>
  <strategy attack="70" defense="20"/>
  <flags>
    <flag summonable="1"/>
    <flag attackable="1"/>
    <flag hostile="1"/>
    <flag illusionable="1"/>
    <flag convinceable="0"/>
    <flag pushable="0"/>
    <flag canpushitems="1"/>
    <flag canpushcreatures="1"/>
    <flag targetdistance="1"/>
    <flag runonhealth="0"/>
  </flags>
  <attacks>
    <attack name="melee" interval="2000" skill="55" attack="42"/>
  </attacks>
  <defenses armor="25" defense="52">
    <defense name="healing" interval="2000" chance="17" min="50" max="70">
      <attribute key="areaEffect" value="blueshimmer"/>
    </defense>
    <defense name="speed" interval="2000" chance="10" speedchange="350" duration="2000">
      <attribute key="areaEffect" value="redshimmer"/>
    </defense>
  </defenses>
  <immunities>
    <immunity physical="0"/>
    <immunity energy="0"/>
    <immunity fire="0"/>
    <immunity poison="0"/>
    <immunity lifedrain="0"/>
    <immunity paralyze="0"/>
    <immunity outfit="1"/>
    <immunity drunk="1"/>
    <immunity invisible="1"/>
  </immunities>
  <voices interval="5000" chance="10">
    <voice sentence="I will punish the sinners!"/>
    <voice sentence="A prayer to the almighty one."/>
    <voice sentence="Repent Heretic!" yell="1"/>
  </voices>
	<loot>
    <item id="1987" chance="100000"> <!-- bag -->
        
            <item id="1949" chance="2500" /> <!--scroll -->
            <item id="2015" chance="1250" /> <!--brown flask -->
            <item id="2177" chance="1150" /> <!--life crystal -->
            <item id="2166" chance="75" /> <!-- - power ring -->
            <item id="2642" chance="1500" /><!-- sandals -->
        
    </item>
    <item id="2689" chance="20250" /> <!--bread -->
    <item id="2044" chance="1825" /> <!--lamp -->
    <item id="2193" chance="2650" /><!-- ankh -->
    <item id="2401" chance="750" /><!-- staff :: Def 25 :: Atk 10 -->
	<item id="2148" countmax="22" chance="18250" /> <!--gold coin -->
</loot>
</monster>
