<?xml version="1.0" encoding="UTF-8"?>
<monster name="Morguthis" nameDescription="Morguthis" race="undead" experience="3000" speed="430" manacost="0">
  <health now="4800" max="4800"/>
  <look type="84" head="0" body="0" legs="0" feet="0" corpse="3016"/>
  <targetchange interval="2000" chance="5"/>
  <strategy attack="80" defense="10"/>
  <flags>
    <flag summonable="0"/>
    <flag attackable="1"/>
    <flag hostile="1"/>
    <flag illusionable="0"/>
    <flag convinceable="0"/>
    <flag pushable="0"/>
    <flag canpushitems="1"/>
    <flag canpushcreatures="1"/>
    <flag targetdistance="1"/>
    <flag runonhealth="0"/>
  </flags>
  <attacks>
    <attack name="melee" interval="2000" skill="150" attack="85" poison="65"/>
    <attack name="lifedrain" interval="2000" chance="7" range="1" min="-250" max="-550"/>
    <attack name="speed" interval="2000" chance="25" range="7" speedchange="-1000" duration="50000">
      <attribute key="areaEffect" value="redshimmer"/>
    </attack>
    <attack name="physical" interval="2000" chance="20" radius="3" target="0" min="-300" max="-600">
      <attribute key="areaEffect" value="blackspark"/>
    </attack>
    <attack name="physical" interval="2000" chance="7" radius="3" target="0" min="-450" max="-750">
      <attribute key="areaEffect" value="mortarea"/>
    </attack>
  </attacks>
  <defenses armor="75" defense="85">
    <defense name="healing" interval="2000" chance="13" min="200" max="300">
      <attribute key="areaEffect" value="blueshimmer"/>
    </defense>
    <defense name="speed" interval="2000" chance="7" speedchange="1000" duration="5000">
      <attribute key="areaEffect" value="redshimmer"/>
    </defense>
    <defense name="strength" interval="2000" chance="8">
      <attribute key="areaEffect" value="greenshimmer"/>
    </defense>
  </defenses>
  <immunities>
    <immunity physical="0"/>
    <immunity energy="0"/>
    <immunity fire="0"/>
    <immunity poison="1"/>
    <immunity lifedrain="1"/>
    <immunity paralyze="1"/>
    <immunity outfit="1"/>
    <immunity drunk="1"/>
    <immunity invisible="1"/>
  </immunities>
  <summons maxSummons="2">
    <summon name="hero" interval="2000" chance="7" max="2"/>
  </summons>
  <voices interval="5000" chance="10">
    <voice sentence="Vengeance!"/>
    <voice sentence="You will make a fine trophy."/>
    <voice sentence="Come and fight me, cowards!"/>
    <voice sentence="I am the supreme warrior!"/>
    <voice sentence="Let me hear the music of battle."/>
    <voice sentence="Anotherone to bite the dust!"/>
  </voices>
	<loot>
    <item id="1987" chance="100000"> <!-- bag -->
        
            <item id="2430" chance="2950" /><!-- knight axe :: Def 21 :: Atk 33 -->
            <item id="2144" chance="7825" /> <!--black pearl -->
            <item id="2197" chance="7825" /> <!--stone skin amulet -->
        
    </item>
    <item id="2350" chance="100000" /> <!--royal crossbow -->
    <item id="2148" countmax="100" chance="38475" /> <!--gold coin -->
    <item id="2148" countmax="62" chance="38475" /> <!--gold coin -->
</loot>
</monster>
