<?xml version="1.0" encoding="UTF-8"?>
<monster name="Mummy" nameDescription="a mummy" race="undead" experience="150" speed="150" manacost="510">
  <health now="240" max="240"/>
  <look type="65" head="0" body="0" legs="0" feet="0" corpse="2949"/>
  <targetchange interval="2000" chance="0"/>
  <strategy attack="100" defense="0"/>
  <flags>
    <flag summonable="0"/>
    <flag attackable="1"/>
    <flag hostile="1"/>
    <flag illusionable="1"/>
    <flag convinceable="0"/>
    <flag pushable="0"/>
    <flag canpushitems="1"/>
    <flag canpushcreatures="0"/>
    <flag targetdistance="1"/>
    <flag runonhealth="0"/>
  </flags>
  <attacks>
    <attack name="melee" interval="2000" skill="50" attack="32" poison="65"/>
    <attack name="lifedrain" interval="2000" chance="15" range="1" min="-30" max="-40"/>
    <attack name="speed" interval="2000" chance="8" range="7" speedchange="-200" duration="10000">
      <attribute key="areaEffect" value="redshimmer"/>
    </attack>
  </attacks>
  <defenses armor="14" defense="23"/>
  <immunities>
    <immunity physical="0"/>
    <immunity energy="0"/>
    <immunity fire="0"/>
    <immunity poison="1"/>
    <immunity lifedrain="1"/>
    <immunity paralyze="1"/>
    <immunity outfit="1"/>
    <immunity drunk="1"/>
    <immunity invisible="1"/>
  </immunities>
  <voices interval="5000" chance="10">
    <voice sentence="I will ssswallow your sssoul!"/>
    <voice sentence="Ahkahra exura belil mort!"/>
    <voice sentence="Yohag Sssetham!"/>
    <voice sentence="I will tassste life again!"/>
    <voice sentence="Mort ulhegh dakh visss."/>
    <voice sentence="Flesssh to dussst!"/>
  </voices>
	<loot>
    <item id="1987" chance="100000"> <!-- bag -->
        
            <item id="2411" chance="350" /><!-- poison dagger :: Def 8 :: Atk 18 -->
            <item id="2124" chance="2400" /><!-- crystal ring -->
            <item id="2529" chance="200" /> <!--black shield :: Def 18 -->
            <item id="2144" chance="1525" /> <!--black pearl -->
            <item id="2170" chance="200" /> <!--silver amulet -->
        
    </item>
    <item id="2162" chance="6525" /> <!--magic lightwand -->
    <item id="2134" chance="4175" /> <!--silver brooch -->
    <item id="2161" chance="5725" /> <!--strange talisman -->
	<item id="2148" countmax="80" chance="51175" /> <!--gold coin -->
</loot>
</monster>
