<?xml version="1.0" encoding="UTF-8"?>
<monster name="Necromancer" nameDescription="a necromancer" race="blood" experience="580" speed="188" manacost="0">
  <health now="580" max="580"/>
  <look type="9" head="0" body="0" legs="0" feet="0" corpse="3058"/>
  <targetchange interval="2000" chance="50"/>
  <strategy attack="100" defense="0"/>
  <flags>
    <flag summonable="0"/>
    <flag attackable="1"/>
    <flag hostile="1"/>
    <flag illusionable="0"/>
    <flag convinceable="0"/>
    <flag pushable="0"/>
    <flag canpushitems="1"/>
    <flag canpushcreatures="1"/>
    <flag targetdistance="4"/>
    <flag runonhealth="0"/>
  </flags>
  <attacks>
    <attack name="melee" interval="2000" skill="30" attack="40" poison="90"/>
    <attack name="lifedrain" interval="2000" chance="20" range="1" min="-60" max="-100">
      <attribute key="areaEffect" value="redspark"/>
    </attack>
    <attack name="poison" interval="2000" chance="17" range="7" min="-35" max="-95">
      <attribute key="shootEffect" value="poison"/>
      <attribute key="areaEffect" value="poison"/>
    </attack>
  </attacks>
  <defenses armor="50" defense="40">
    <defense name="healing" interval="2000" chance="25" min="42" max="68">
      <attribute key="areaEffect" value="blueshimmer"/>
    </defense>
  </defenses>
  <immunities>
    <immunity physical="0"/>
    <immunity energy="0"/>
    <immunity fire="0"/>
    <immunity poison="1"/>
    <immunity lifedrain="1"/>
    <immunity paralyze="0"/>
    <immunity outfit="1"/>
    <immunity drunk="1"/>
    <immunity invisible="1"/>
  </immunities>
  <summons maxSummons="2">
    <summon name="ghoul" interval="2000" chance="17" max="2"/>
    <summon name="ghost" interval="2000" chance="15" max="1"/>
    <summon name="mummy" interval="2000" chance="13" max="1"/>
  </summons>
  <voices interval="5000" chance="10">
    <voice sentence="Your corpse will be mine!"/>
    <voice sentence="Taste the sweetness of death!"/>
  </voices>
	<loot>
    <item id="1987" chance="100000"> <!-- bag -->
        
            <item id="2436" chance="150" /> <!--skull staff :: Def 12 :: Atk 36 -->
            <item id="2423" chance="875" /> <!--clerical mace :: Def 15 :: Atk 28 -->
        
    </item>
    <item id="2663" chance="975" /><!-- mystic turban :: Arm 1 -->
    <item id="2545" countmax="5" chance="9350" /> <!--poison arrow :: Atk 20 -->
    <item id="2796" chance="2025" /> <!--green mushroom -->
    <item id="2195" chance="100" /> <!--boots of haste -->
	<item id="2148" countmax="90" chance="45950" /> <!--gold coin -->
</loot>
</monster>
