<?xml version="1.0" encoding="UTF-8"?>
<monster name="Omruc" nameDescription="Omruc" race="undead" experience="2950" speed="310" manacost="0">
  <health now="4300" max="4300"/>
  <look type="90" head="0" body="0" legs="0" feet="0" corpse="3016"/>
  <targetchange interval="2000" chance="7"/>
  <strategy attack="70" defense="10"/>
  <flags>
    <flag summonable="0"/>
    <flag attackable="1"/>
    <flag hostile="1"/>
    <flag illusionable="0"/>
    <flag convinceable="0"/>
    <flag pushable="0"/>
    <flag canpushitems="1"/>
    <flag canpushcreatures="1"/>
    <flag targetdistance="4"/>
    <flag runonhealth="0"/>
  </flags>
  <attacks>
    <attack name="melee" interval="2000" skill="75" attack="65" poison="65"/>
    <attack name="lifedrain" interval="2000" chance="5" range="1" min="-50" max="-350"/>
    <attack name="poison" interval="2000" chance="20" range="7" min="-200" max="-500">
      <attribute key="shootEffect" value="poisonarrow"/>
      <attribute key="areaEffect" value="greenbubble"/>
    </attack>
    <attack name="fire" interval="2000" chance="13" range="7" min="-50" max="-450">
      <attribute key="shootEffect" value="burstarrow"/>
      <attribute key="areaEffect" value="explosionarea"/>
    </attack>
    <attack name="physical" interval="2000" chance="20" range="7" min="-200" max="-400">
      <attribute key="shootEffect" value="arrow"/>
      <attribute key="areaEffect" value="explosionarea"/>
    </attack>
    <attack name="speed" interval="2000" chance="25" range="7" speedchange="-1000" duration="50000">
      <attribute key="areaEffect" value="redshimmer"/>
    </attack>
  </attacks>
  <defenses armor="60" defense="65">
    <defense name="healing" interval="2000" chance="17" min="100" max="200">
      <attribute key="areaEffect" value="blueshimmer"/>
    </defense>
  </defenses>
  <immunities>
    <immunity physical="0"/>
    <immunity energy="0"/>
    <immunity fire="0"/>
    <immunity poison="1"/>
    <immunity lifedrain="1"/>
    <immunity paralyze="1"/>
    <immunity outfit="1"/>
    <immunity drunk="1"/>
    <immunity invisible="1"/>
  </immunities>
  <summons maxSummons="4">
    <summon name="stalker" interval="2000" chance="15" max="4"/>
  </summons>
  <voices interval="5000" chance="10">
    <voice sentence="Psssst, I am over chhhere."/>
    <voice sentence="Now chhhou shhhee me ... Now chhhou don't."/>
    <voice sentence="Chhhhou are marked ashhh my prey."/>
    <voice sentence="Catchhhh me if chhhou can."/>
    <voice sentence="Bullshhheye."/>
    <voice sentence="Die!"/>
  </voices>
	<loot>
    <item id="1987" chance="100000"> <!-- bag -->
        
            <item id="2546" countmax="14" chance="26150" /> <!--burst arrow -->
            <item id="2165" chance="11600" /> <!--stealth ring -->
            <item id="2547" countmax="2" chance="7900" /> <!--power bolt :: Atk 50 -->
            <item id="2145" countmax="3" chance="10375" /> <!--small diamond -->
        
    </item>
    <item id="2674" countmax="2" chance="57900" /><!-- red apple -->
    <item id="2545" countmax="20" chance="35125" /> <!--poison arrow :: Atk 20 -->
    <item id="2352" chance="100000" /> <!-- - crystal arrow -->
    <item id="2544" countmax="25" chance="8050" /><!-- arrow :: Atk 25 -->
    <item id="2148" countmax="100" chance="44950" /> <!--gold coin -->
    <item id="2148" countmax="41" chance="44950" /><!-- gold coin -->
</loot>
</monster>
