<?xml version="1.0" encoding="UTF-8"?>
<monster name="Orc Warrior" nameDescription="an orc warrior" race="blood" experience="50" speed="190" manacost="360">
  <health now="125" max="125"/>
  <look type="7" head="0" body="0" legs="0" feet="0" corpse="6039"/>
  <targetchange interval="2000" chance="0"/>
  <strategy attack="100" defense="0"/>
  <flags>
    <flag summonable="1"/>
    <flag attackable="1"/>
    <flag hostile="1"/>
    <flag illusionable="1"/>
    <flag convinceable="1"/>
    <flag pushable="1"/>
    <flag canpushitems="0"/>
    <flag canpushcreatures="0"/>
    <flag targetdistance="1"/>
    <flag runonhealth="10"/>
  </flags>
  <attacks>
    <attack name="melee" interval="2000" skill="42" attack="19"/>
  </attacks>
  <defenses armor="8" defense="14"/>
  <immunities>
    <immunity physical="0"/>
    <immunity energy="0"/>
    <immunity fire="0"/>
    <immunity poison="0"/>
    <immunity lifedrain="0"/>
    <immunity paralyze="0"/>
    <immunity outfit="0"/>
    <immunity drunk="0"/>
    <immunity invisible="0"/>
  </immunities>
  <voices interval="5000" chance="10">
    <voice sentence="Grow truk grrrr."/>
    <voice sentence="Trak grrrr brik."/>
    <voice sentence="Alk!"/>
  </voices>
	<loot>
    <item id="1987" chance="100000"> <!-- bag -->
        
            <item id="2530" chance="600" /><!-- copper shield :: Def 19 -->
            <item id="2411" chance="75" /><!-- poison dagger :: Def 8 :: Atk 18 -->
        
    </item>
    <item id="2666" chance="16300" /><!-- meat -->
    <item id="2464" chance="7775" /><!-- chain armor :: Arm 6 -->
	<item id="2148" countmax="22" chance="44375" /><!-- gold coin -->
</loot>
</monster>
