<?xml version="1.0" encoding="UTF-8"?>
<monster name="orc" nameDescription="an orc" race="blood" experience="25" speed="150" manacost="300">
  <health now="70" max="70"/>
  <look type="5" corpse="6032"/>
  <targetchange interval="1000" chance="0"/>
  <strategy attack="70" defense="20"/>
  <flags>
    <flag attackable="1"/>
    <flag hostile="1"/>
    <flag summonable="1"/>
    <flag convinceable="1"/>
    <flag illusionable="1"/>
    <flag pushable="1"/>
    <flag canpushitems="0"/>
    <flag canpushcreatures="0"/>
    <flag targetdistance="1"/>
    <flag staticattack="90"/>
    <flag runonhealth="15"/>
  </flags>
  <attacks>
    <attack name="melee" interval="2000" skill="22" attack="13"/>
  </attacks>
  <defenses armor="4" defense="8">
  </defenses>
  <elements>
  </elements>
  <immunities>
  </immunities>
  <voices interval="2000" chance="5">
    <voice sentence="Grak brrretz!"/>
    <voice sentence="Grow truk grrrrr."/>
    <voice sentence="Prek tars, dekklep zurk."/>
  </voices>
  <loot>
    <item id="2666" chance="20000"/><!-- 20% meat -->
    <item id="2148" chance="85000" countmax="14"/><!-- 8 85% gold coin -->
    <item id="2482" chance="9000"/><!-- 9% studded helmet -->
    <item id="2484" chance="12000"/><!-- 12% studded armor -->
    <item id="1987" chance="100000"><!-- bag -->
      
        <item id="2386" chance="8000"/><!-- 8% axe -->
        <item id="2385" chance="6000"/><!-- 6% sabre -->
        <item id="2526" chance="10000"/><!-- 10% studded shield -->
      
    </item>
  </loot>
  <script>
        <!-- <event name="BlockSummon"/> -->
 </script>
</monster>