<?xml version="1.0" encoding="UTF-8"?>
<monster name="Parrot" nameDescription="a parrot" race="blood" experience="0" speed="320" manacost="250">
  <health now="25" max="25"/>
  <look type="217" head="0" body="0" legs="0" feet="0" corpse="4314"/>
  <targetchange interval="2000" chance="10"/>
  <strategy attack="100" defense="0"/>
  <flags>
    <flag summonable="1"/>
    <flag attackable="1"/>
    <flag hostile="0"/>
    <flag illusionable="1"/>
    <flag convinceable="1"/>
    <flag pushable="1"/>
    <flag canpushitems="0"/>
    <flag canpushcreatures="0"/>
    <flag targetdistance="1"/>
    <flag runonhealth="25"/>
  </flags>
  <attacks>
    <attack name="melee" interval="2000" skill="13" attack="6"/>
  </attacks>
  <defenses armor="2" defense="6"/>
  <immunities>
    <immunity physical="0"/>
    <immunity energy="0"/>
    <immunity fire="0"/>
    <immunity poison="0"/>
    <immunity lifedrain="0"/>
    <immunity paralyze="0"/>
    <immunity outfit="0"/>
    <immunity drunk="0"/>
    <immunity invisible="0"/>
  </immunities>
  <voices interval="5000" chance="10">
    <voice sentence="BR? PL? SWE?"/>
    <voice sentence="Screeeeeeech!"/>
    <voice sentence="Neeeewbiiieee!"/>
    <voice sentence="You advanshed, you advanshed!"/>
    <voice sentence="Hope you die and loooosh it!"/>
    <voice sentence="Hunterrr ish PK!"/>
  </voices>
</monster>
