<?xml version="1.0" encoding="UTF-8"?>
<monster name="Pig" nameDescription="a pig" race="blood" experience="0" speed="114" manacost="255">
  <health now="25" max="25"/>
  <look type="60" head="0" body="0" legs="0" feet="0" corpse="2935"/>
  <targetchange interval="2000" chance="0"/>
  <strategy attack="100" defense="0"/>
  <flags>
    <flag summonable="1"/>
    <flag attackable="1"/>
    <flag hostile="0"/>
    <flag illusionable="1"/>
    <flag convinceable="1"/>
    <flag pushable="1"/>
    <flag canpushitems="0"/>
    <flag canpushcreatures="0"/>
    <flag targetdistance="1"/>
    <flag runonhealth="25"/>
  </flags>
  <attacks>
    <attack name="melee" interval="2000" skill="10" attack="0"/>
  </attacks>
  <defenses armor="2" defense="2"/>
  <immunities>
    <immunity physical="0"/>
    <immunity energy="0"/>
    <immunity fire="0"/>
    <immunity poison="0"/>
    <immunity lifedrain="0"/>
    <immunity paralyze="0"/>
    <immunity outfit="0"/>
    <immunity drunk="0"/>
    <immunity invisible="0"/>
  </immunities>
  <loot capacity="150">
    <item id="2666" countmax="4" chance="66150" /><!-- meat -->
  </loot>
</monster>
