<?xml version="1.0" encoding="UTF-8"?>
<monster name="Poison Spider" nameDescription="a poison spider" race="venom" experience="22" speed="160" manacost="270">
  <health now="26" max="26"/>
  <look type="36" head="0" body="0" legs="0" feet="0" corpse="2848"/>
  <targetchange interval="2000" chance="0"/>
  <strategy attack="100" defense="0"/>
  <flags>
    <flag summonable="1"/>
    <flag attackable="1"/>
    <flag hostile="1"/>
    <flag illusionable="1"/>
    <flag convinceable="1"/>
    <flag pushable="1"/>
    <flag canpushitems="0"/>
    <flag canpushcreatures="0"/>
    <flag targetdistance="1"/>
    <flag runonhealth="6"/>
  </flags>
  <attacks>
    <attack name="melee" interval="2000" skill="25" attack="12" poison="30"/>
  </attacks>
  <defenses armor="2" defense="6"/>
  <immunities>
    <immunity physical="0"/>
    <immunity energy="0"/>
    <immunity fire="0"/>
    <immunity poison="1"/>
    <immunity lifedrain="0"/>
    <immunity paralyze="0"/>
    <immunity outfit="0"/>
    <immunity drunk="0"/>
    <immunity invisible="0"/>
  </immunities>
	<loot>
    <item id="2148" countmax="8" chance="26375" /><!-- gold coin -->
</loot>
</monster>
