<?xml version="1.0" encoding="UTF-8"?>
<monster name="Polar Bear" nameDescription="a polar bear" race="blood" experience="28" speed="156" manacost="315">
  <health now="85" max="85"/>
  <look type="42" head="0" body="0" legs="0" feet="0" corpse="5881"/>
  <targetchange interval="2000" chance="0"/>
  <strategy attack="100" defense="0"/>
  <flags>
    <flag summonable="1"/>
    <flag attackable="1"/>
    <flag hostile="1"/>
    <flag illusionable="1"/>
    <flag convinceable="1"/>
    <flag pushable="0"/>
    <flag canpushitems="0"/>
    <flag canpushcreatures="0"/>
    <flag targetdistance="1"/>
    <flag runonhealth="5"/>
  </flags>
  <attacks>
    <attack name="melee" interval="2000" skill="19" attack="18"/>
  </attacks>
  <defenses armor="7" defense="10"/>
  <immunities>
    <immunity physical="0"/>
    <immunity energy="0"/>
    <immunity fire="0"/>
    <immunity poison="0"/>
    <immunity lifedrain="0"/>
    <immunity paralyze="0"/>
    <immunity outfit="0"/>
    <immunity drunk="0"/>
    <immunity invisible="0"/>
  </immunities>
  <voices interval="5000" chance="10">
    <voice sentence="Grrrrrr"/>
    <voice sentence="GROARRR!" yell="1"/>
  </voices>
	<loot>
    <item id="2671" countmax="2" chance="51700" /><!-- ham -->
    <item id="2666" countmax="4" chance="50525" /><!-- meat -->
</loot>
</monster>
