<?xml version="1.0" encoding="UTF-8"?>
<monster name="Rotworm" nameDescription="a rotworm" race="blood" experience="40" speed="126" manacost="305">
	<health now="65" max="65"/>
	<look type="26" corpse="2824"/>
	<targetchange interval="2000" chance="0"/>
	<strategy attack="100" defense="0"/>
	<flags>
		<flag summonable="0"/>
		<flag attackable="1"/>
		<flag hostile="1"/>
		<flag illusionable="0"/>
		<flag convinceable="1"/>
		<flag pushable="0"/>
		<flag canpushitems="0"/>
		<flag canpushcreatures="0"/>
		<flag targetdistance="1"/>
		<flag staticattack="90"/>
		<flag runonhealth="0"/>
	</flags>
	<attacks>
		<attack name="melee" interval="2000" skill="30" attack="20"/>
	</attacks>
	<defenses armor="8" defense="11"/>
	<loot>
    <item id="1987" chance="100000"> <!-- bag -->
        
            <item id="2376" chance="3625" /><!-- sword :: Def 12 :: Atk 14 -->
            <item id="2398" chance="4775" /><!-- mace :: Def 11 :: Atk 16 -->
        
    </item>
    <item id="2666" countmax="2" chance="20750" /><!-- meat -->
    <item id="2671" countmax="2" chance="19875" /><!-- ham -->
	<item id="2148" countmax="20" chance="44050" /><!-- gold coin -->
</loot>
</monster>
