<?xml version="1.0" encoding="UTF-8"?>
<monster name="Royalist" nameDescription="a royalist" race="blood" experience="5000" speed="280" manacost="0">
  <health now="5500" max="5500"/>
  <look type="422" head="0" body="0" legs="0" feet="0" corpse="6314"/>
  <targetchange interval="2000" chance="5"/>
  <strategy attack="80" defense="10"/>
  <flags>
    <flag summonable="0"/>
    <flag attackable="1"/>
    <flag hostile="1"/>
    <flag illusionable="0"/>
    <flag convinceable="0"/>
    <flag pushable="0"/>
    <flag canpushitems="1"/>
    <flag canpushcreatures="1"/>
    <flag targetdistance="1"/>
    <flag runonhealth="400"/>
  </flags>
  <attacks>
    <attack name="melee" interval="2000" min="-30" max="-700"/>
    <attack name="physical" interval="2300" chance="30" range="7" min="-5" max="-200">
      <attribute key="shootEffect" value="bolt"/>
    </attack>
  </attacks>
  <defenses armor="35" defense="70">
    <defense name="healing" interval="2000" chance="10" min="100" max="250">
      <attribute key="areaEffect" value="blueshimmer"/>
    </defense>
  </defenses>
  <immunities>
    <immunity physical="0"/>
    <immunity energy="0"/>
    <immunity fire="1"/>
    <immunity poison="1"/>
    <immunity lifedrain="0"/>
    <immunity paralyze="0"/>
    <immunity outfit="0"/>
    <immunity drunk="0"/>
    <immunity invisible="1"/>
  </immunities>
  <summons maxSummons="5">
    <summon name="Thaian Soldier" interval="2000" chance="10" max="5"/>
  </summons>
  <voices interval="5000" chance="10">
    <voice sentence="Death to all traitors!"/>
    <voice sentence="I pledged myself to Tibianus"/>
    <voice sentence="Order"/>
  </voices>
	<loot>
    <item id="2148" countmax="70" chance="50000"/><!-- gold coin -->
    <item id="2148" countmax="100" chance="20000"/><!-- gold coin -->
    <item id="6332" chance="80"/><!-- royal plate armor -->
    <item id="5811" chance="250"/><!-- orc head -->
    <item id="6080" chance="150"/><!-- arming sword -->
    <item id="1987" chance="100000"> <!-- bag -->
      
        <item id="2645" chance="100"/><!-- steel boots -->
        <item id="6333" chance="200"/><!-- bascinet -->
        <item id="6334" chance="800"/><!-- Thaian soldier legs -->
        <item id="2171" chance="1000"/><!-- plat amulet -->
      
    </item>
  </loot>
</monster>
