<?xml version="1.0" encoding="UTF-8"?>
<monster name="Scorpion" nameDescription="a scorpion" race="venom" experience="45" speed="150" manacost="310">
  <health now="45" max="45"/>
  <look type="43" head="0" body="0" legs="0" feet="0" corpse="5884"/>
  <targetchange interval="2000" chance="10"/>
  <strategy attack="60" defense="0"/>
  <flags>
    <flag summonable="1"/>
    <flag attackable="1"/>
    <flag hostile="1"/>
    <flag illusionable="1"/>
    <flag convinceable="1"/>
    <flag pushable="1"/>
    <flag canpushitems="0"/>
    <flag canpushcreatures="0"/>
    <flag targetdistance="1"/>
    <flag runonhealth="5"/>
  </flags>
  <attacks>
    <attack name="melee" interval="2000" skill="35" attack="21" poison="350"/>
  </attacks>
  <defenses armor="14" defense="5"/>
  <immunities>
    <immunity physical="0"/>
    <immunity energy="0"/>
    <immunity fire="0"/>
    <immunity poison="1"/>
    <immunity lifedrain="0"/>
    <immunity paralyze="0"/>
    <immunity outfit="0"/>
    <immunity drunk="0"/>
    <immunity invisible="0"/>
  </immunities>
</monster>
