<?xml version="1.0" encoding="UTF-8"?>
<monster name="Serpent Spawn" nameDescription="a serpent spawn" race="blood" experience="3050" speed="234" manacost="0">
  <health now="3000" max="3000"/>
  <look type="220" head="0" body="0" legs="0" feet="0" corpse="4323"/>
  <targetchange interval="2000" chance="25"/>
  <strategy attack="70" defense="30"/>
  <flags>
    <flag summonable="0"/>
    <flag attackable="1"/>
    <flag hostile="1"/>
    <flag illusionable="0"/>
    <flag convinceable="0"/>
    <flag pushable="0"/>
    <flag canpushitems="1"/>
    <flag canpushcreatures="1"/>
    <flag targetdistance="1"/>
    <flag runonhealth="275"/>
  </flags>
  <attacks>
    <attack name="melee" interval="2000" skill="82" attack="62"/>
    <attack name="poison" interval="2000" chance="13" range="7" min="-100" max="-300">
      <attribute key="shootEffect" value="poison"/>
      <attribute key="areaEffect" value="greenspark"/>
    </attack>
    <attack name="outfit" interval="2000" chance="1" range="7" item="3976" duration="4000">
      <attribute key="areaEffect" value="blueshimmer"/>
    </attack>
    <attack name="speed" interval="2000" chance="20" range="7" radius="4" target="1" speedchange="-650" duration="120000">
      <attribute key="shootEffect" value="poison"/>
      <attribute key="areaEffect" value="greenbubble"/>
    </attack>
    <attack name="lifedrain" interval="2000" chance="15" length="8" spread="0" min="-150" max="-400">
      <attribute key="areaEffect" value="rednote"/>
    </attack>
    <attack name="poison" interval="2000" chance="17" length="8" spread="3" min="-50" max="-500">
      <attribute key="areaEffect" value="poison"/>
    </attack>
  </attacks>
  <defenses armor="38" defense="40">
    <defense name="healing" interval="2000" chance="17" min="300" max="400">
      <attribute key="areaEffect" value="blueshimmer"/>
    </defense>
    <defense name="speed" interval="2000" chance="9" speedchange="400" duration="3000">
      <attribute key="areaEffect" value="redshimmer"/>
    </defense>
  </defenses>
  <immunities>
    <immunity physical="0"/>
    <immunity energy="0"/>
    <immunity fire="0"/>
    <immunity poison="1"/>
    <immunity lifedrain="1"/>
    <immunity paralyze="1"/>
    <immunity outfit="1"/>
    <immunity drunk="1"/>
    <immunity invisible="1"/>
  </immunities>
  <voices interval="5000" chance="10">
    <voice sentence="Ssssolus for the one"/>
    <voice sentence="HISSSS" yell="1"/>
    <voice sentence="Tsssse one will risssse again"/>
    <voice sentence="I bring you deathhhh, mortalssss"/>
  </voices>
	<loot>
    <item id="1987" chance="100000"> <!-- bag -->
        
            <item id="2479" chance="1125" /><!-- strange helmet :: Arm 6 -->
            <item id="4842" chance="400" /><!-- parchment -->
            <item id="2498" chance="250" /><!-- royal helmet :: Arm 9 -->
            <item id="3971" chance="100" /><!-- charmer tiara :: Arm 2 -->
            <item id="2528" chance="900" /><!-- tower shield :: Def 32 -->
        
    </item>
    <item id="2168" chance="3450" /><!-- life ring -->
    <item id="2167" chance="3400" /><!-- energy ring -->
    <item id="2146" chance="10550" /><!-- small sapphire -->
    <item id="2796" chance="18200" /><!-- green mushroom -->
    <item id="2547" chance="5350" /><!-- power bolt :: Atk 50 -->
    <item id="2487" chance="625" /><!-- crown armor :: Arm 13 -->
    <item id="2475" chance="400" /><!-- warrior helmet :: Arm 8 -->
    <item id="2177" chance="1300" /><!-- life crystal -->
    <item id="2033" chance="3575" /><!-- golden mug -->
    <item id="2148" countmax="100" chance="36650" /><!-- gold coin -->
    <item id="2148" countmax="100" chance="36650" /><!-- gold coin -->
    <item id="2148" countmax="45" chance="36650" /><!-- gold coin -->
</loot>
</monster>
