<?xml version="1.0" encoding="UTF-8"?>
<monster name="Sheep" nameDescription="a sheep" race="blood" experience="0" speed="116" manacost="250">
  <health now="20" max="20"/>
  <look type="14" head="0" body="0" legs="0" feet="0" corpse="2905"/>
  <targetchange interval="2000" chance="0"/>
  <strategy attack="100" defense="0"/>
  <flags>
    <flag summonable="1"/>
    <flag attackable="1"/>
    <flag hostile="0"/>
    <flag illusionable="1"/>
    <flag convinceable="1"/>
    <flag pushable="1"/>
    <flag canpushitems="0"/>
    <flag canpushcreatures="0"/>
    <flag targetdistance="1"/>
    <flag runonhealth="20"/>
  </flags>
  <attacks>
    <attack name="melee" interval="2000" skill="0" attack="0"/>
  </attacks>
  <defenses armor="1" defense="2"/>
  <immunities>
    <immunity physical="0"/>
    <immunity energy="0"/>
    <immunity fire="0"/>
    <immunity poison="0"/>
    <immunity lifedrain="0"/>
    <immunity paralyze="0"/>
    <immunity outfit="0"/>
    <immunity drunk="0"/>
    <immunity invisible="0"/>
  </immunities>
  <voices interval="5000" chance="10">
    <voice sentence="Maeh"/>
  </voices>
	<loot>
    <item id="2666" countmax="4" chance="67100" /><!-- meat -->
</loot>
</monster>
