<?xml version="1.0" encoding="UTF-8"?>
<monster name="Sibang" nameDescription="a sibang" race="blood" experience="105" speed="220" manacost="0">
	<health now="225" max="225"/>
	<look type="118" corpse="4274"/>
	<targetchange interval="5000" chance="8"/>
	<strategy attack="100" defense="0"/>
	<flags>
		<flag summonable="0"/>
		<flag attackable="1"/>
		<flag hostile="1"/>
		<flag illusionable="1"/>
		<flag convinceable="0"/>
		<flag pushable="0"/>
		<flag canpushitems="1"/>
		<flag canpushcreatures="0"/>
		<flag targetdistance="4"/>
		<flag staticattack="90"/>
		<flag runonhealth="0"/>
	</flags>
	<attacks>
		<attack name="melee" interval="2000" skill="10" attack="40"/>
		<attack name="physical" interval="1000" chance="25" range="7" min="-20" max="-55">
			<attribute key="shootEffect" value="smallstone"/>
		</attack>
	</attacks>
	<defenses armor="15" defense="12">
		<defense name="speed" interval="1000" chance="12" speedchange="240" duration="3000">
			<attribute key="areaEffect" value="redshimmer"/>
		</defense>
	</defenses>
	<elements>
		<element firePercent="25"/>
		<element holyPercent="10"/>
		<element icePercent="-15"/>
		<element deathPercent="-5"/>
	</elements>
	<immunities>
		<immunity outfit="1"/>
		<immunity drunk="1"/>
		<immunity invisible="1"/>
	</immunities>
	<voices interval="5000" chance="10">
		<voice sentence="Eeeeek! Eeeeek"/>
		<voice sentence="Huh! Huh! Huh!"/>
		<voice sentence="Ahhuuaaa!"/>
	</voices>
	<loot>
    <item id="1987" chance="100000"> <!-- bag -->
        
            <item id="2676" countmax="11" chance="3825" /><!-- banana -->
            <item id="2678" countmax="3" chance="2825" /><!-- coconut -->
            <item id="2682" chance="1450" /><!-- melon -->
        
    </item>
    <item id="2675" countmax="5" chance="10475" /><!-- orange -->
    <item id="1294" countmax="6" chance="9075" /><!-- small stone :: Atk 5 -->
    <item id="2148" countmax="35" chance="62250" /><!-- gold coin -->
</loot>
</monster>
