<?xml version="1.0" encoding="UTF-8"?>
<monster name="Skeleton King" nameDescription="a skeleton king" race="blood" experience="8500" speed="390" manacost="0">
  <health now="15000" max="15000"/>
  <look type="308" head="95" body="95" legs="95" feet="95" corpse="5740"/>
  <targetchange interval="2000" chance="3"/>
  <strategy attack="80" defense="10"/>
  <flags>
    <flag summonable="0"/>
    <flag attackable="1"/>
    <flag hostile="1"/>
    <flag illusionable="0"/>
    <flag convinceable="0"/>
    <flag pushable="0"/>
    <flag canpushitems="1"/>
    <flag canpushcreatures="1"/>
    <flag targetdistance="1"/>
    <flag runonhealth="0"/>
  </flags>
  <attacks>
    <attack name="melee" interval="2000" skill="92" attack="320"/>
    <attack name="physical" interval="3000" chance="35" range="7" min="-1" max="-710">
      <attribute key="shootEffect" value="throwingknife"/>
    </attack>
  </attacks>
  <defenses armor="72" defense="80"/>
  <immunities>
    <immunity physical="0"/>
    <immunity energy="1"/>
    <immunity fire="1"/>
    <immunity poison="1"/>
    <immunity lifedrain="0"/>
    <immunity paralyze="1"/>
    <immunity outfit="1"/>
    <immunity drunk="1"/>
    <immunity invisible="1"/>
  </immunities>
  <summons maxSummons="6">
    <summon name="Demon Skeleton" interval="5000" chance="65" max="6"/>
  </summons>
  <voices interval="5000" chance="10">
    <voice sentence="MINE!" yell="1"/>
    <voice sentence="NO PRISONERS!" yell="1"/>
    <voice sentence="NO MERCY!" yell="1"/>
    <voice sentence="By Bolg's Blood!"/>
    <voice sentence="You're no match for me!"/>
  </voices>
	<loot>
    <item id="1987" chance="100000"> <!-- bag -->
        
            <item id="6027" chance="2000"/><!-- Titanium Armor -->
            <item id="2475" chance="5000"/><!-- Warrior Helmet -->
            <item id="6053" chance="2005"/><!-- Heavy Halberd -->
            <item id="2437" chance="100"/><!-- Golden mace -->
            <item id="2528" chance="8000"/><!-- Tower Shield -->
            <item id="6090" chance="400"/><!-- Ancient Sword -->
        
    </item>
    <item id="2410" countmax="10" chance="20650" /><!-- spear :: Atk 25 -->
    <item id="6116" chance="10000" /> <!-- Blue spellwand -->
    <item id="2498" chance="3000"/><!-- Royal Helmet -->
    <item id="2152" countmax="10" chance="40000" /><!-- gold coin -->
    <item id="2148" countmax="60" chance="6000" /><!-- gold coin -->
</loot>
</monster>
