<?xml version="1.0" encoding="UTF-8"?>
<monster name="Smuggler" nameDescription="a smuggler" race="blood" experience="48" speed="176" manacost="390">
  <health now="130" max="130"/>
  <look type="134" head="95" body="0" legs="113" feet="115" corpse="3128"/>
  <targetchange interval="2000" chance="50"/>
  <strategy attack="100" defense="0"/>
  <flags>
    <flag summonable="1"/>
    <flag attackable="1"/>
    <flag hostile="1"/>
    <flag illusionable="1"/>
    <flag convinceable="1"/>
    <flag pushable="0"/>
    <flag canpushitems="1"/>
    <flag canpushcreatures="0"/>
    <flag targetdistance="1"/>
    <flag runonhealth="18"/>
  </flags>
  <attacks>
    <attack name="melee" interval="2000" skill="23" attack="19"/>
  </attacks>
  <defenses armor="10" defense="13"/>
  <immunities>
    <immunity physical="0"/>
    <immunity energy="0"/>
    <immunity fire="0"/>
    <immunity poison="0"/>
    <immunity lifedrain="0"/>
    <immunity paralyze="0"/>
    <immunity outfit="0"/>
    <immunity drunk="0"/>
    <immunity invisible="0"/>
  </immunities>
  <voices interval="5000" chance="10">
    <voice sentence="I will silence you forever!"/>
    <voice sentence="You saw something you shouldn't!"/>
  </voices>
	<loot>
    <item id="1987" chance="100000"> <!-- bag -->
        
            <item id="2461" chance="10600" /><!-- leather helmet :: Arm 1 -->
            <item id="2406" chance="10550" /><!-- short sword :: Def 11 :: Atk 11 -->
            <item id="2376" chance="5050" /><!-- sword :: Def 12 :: Atk 14 -->
        
    </item>
    <item id="2649" chance="14850" /><!-- leather legs :: Arm 1 -->
    <item id="2050" countmax="2" chance="23150" /><!-- torch -->
    <item id="2671" chance="10650" /><!-- ham -->
    <item id="2404" chance="4500" /><!-- combat knife :: Def 6 :: Atk 8 -->
    <item id="2403" chance="10500" /><!-- knife :: Def 5 :: Atk 7 -->
	<item id="2148" countmax="10" chance="65950" /><!-- gold coin -->
</loot>
</monster>
