<?xml version="1.0" encoding="UTF-8"?>
<monster name="Spit Nettle" nameDescription="a spit nettle" race="venom" experience="20" speed="0" manacost="0">
  <health now="150" max="150"/>
  <look type="221" head="0" body="0" legs="0" feet="0" corpse="4326"/>
  <targetchange interval="2000" chance="0"/>
  <strategy attack="100" defense="0"/>
  <flags>
    <flag summonable="0"/>
    <flag attackable="1"/>
    <flag hostile="1"/>
    <flag illusionable="0"/>
    <flag convinceable="0"/>
    <flag pushable="0"/>
    <flag canpushitems="0"/>
    <flag canpushcreatures="0"/>
    <flag targetdistance="1"/>
    <flag runonhealth="150"/>
  </flags>
  <attacks>
    <attack name="melee" interval="2000" skill="15" attack="9" poison="18"/>
    <attack name="poison" interval="2000" chance="15" range="7" min="-17" max="-37">
      <attribute key="shootEffect" value="poison"/>
      <attribute key="areaEffect" value="greenbubble"/>
    </attack>
    <attack name="poisoncondition" interval="2000" chance="25" range="7" min="-5" max="-38">
      <attribute key="shootEffect" value="poison"/>
      <attribute key="areaEffect" value="greenbubble"/>
    </attack>
  </attacks>
  <defenses armor="12" defense="33">
    <defense name="healing" interval="2000" chance="13" min="8" max="16">
      <attribute key="areaEffect" value="blueshimmer"/>
    </defense>
  </defenses>
  <immunities>
    <immunity physical="0"/>
    <immunity energy="1"/>
    <immunity fire="0"/>
    <immunity poison="1"/>
    <immunity lifedrain="1"/>
    <immunity paralyze="1"/>
    <immunity outfit="1"/>
    <immunity drunk="1"/>
    <immunity invisible="1"/>
  </immunities>
	<loot>
    <item id="2802" countmax="2" chance="3425" /><!-- sling herb -->
    <item id="2804" chance="10475" /><!-- shadow herb -->
    <item id="2747" chance="1100" /><!-- grave flower -->
	<item id="2148" countmax="10" chance="45550" /><!-- gold coin -->
</loot>
</monster>
