<?xml version="1.0" encoding="UTF-8"?>
<monster name="Stone Golem" nameDescription="a stone golem" race="undead" experience="160" speed="180" manacost="590">
  <health now="270" max="270"/>
  <look type="67" head="0" body="0" legs="0" feet="0" corpse="2952"/>
  <targetchange interval="2000" chance="0"/>
  <strategy attack="100" defense="0"/>
  <flags>
    <flag summonable="1"/>
    <flag attackable="1"/>
    <flag hostile="1"/>
    <flag illusionable="1"/>
    <flag convinceable="1"/>
    <flag pushable="0"/>
    <flag canpushitems="1"/>
    <flag canpushcreatures="1"/>
    <flag targetdistance="1"/>
    <flag runonhealth="0"/>
  </flags>
  <attacks>
    <attack name="melee" interval="2000" skill="52" attack="38"/>
  </attacks>
  <defenses armor="30" defense="25"/>
  <immunities>
    <immunity physical="0"/>
    <immunity energy="0"/>
    <immunity fire="1"/>
    <immunity poison="1"/>
    <immunity lifedrain="0"/>
    <immunity paralyze="1"/>
    <immunity outfit="0"/>
    <immunity drunk="0"/>
    <immunity invisible="0"/>
  </immunities>
	<loot>
    <item id="1987" chance="100000"> <!-- bag -->
        
            <item id="2166" chance="5500" /><!-- power ring -->
            <item id="2124" chance="200" /><!-- crystal ring -->
            <item id="2156" chance="525" /><!-- red gem -->
        
    </item>
    <item id="1294" countmax="4" chance="31450" /><!-- small stone :: Atk 5 -->
    <item id="2395" chance="2100" /><!-- carlin sword :: Def 13 :: Atk 15 -->
	<item id="2148" countmax="30" chance="19075" /><!-- gold coin -->
</loot>
</monster>
