<?xml version="1.0" encoding="UTF-8"?>
<monster name="Swamp Troll" nameDescription="a swamp troll" race="blood" experience="25" speed="128" manacost="320">
  <health now="55" max="55"/>
  <look type="76" head="0" body="0" legs="0" feet="0" corpse="5858"/>
  <targetchange interval="2000" chance="0"/>
  <strategy attack="100" defense="0"/>
  <flags>
    <flag summonable="1"/>
    <flag attackable="1"/>
    <flag hostile="1"/>
    <flag illusionable="1"/>
    <flag convinceable="1"/>
    <flag pushable="1"/>
    <flag canpushitems="0"/>
    <flag canpushcreatures="0"/>
    <flag targetdistance="1"/>
    <flag runonhealth="15"/>
  </flags>
  <attacks>
    <attack name="melee" interval="2000" skill="20" attack="12" poison="10"/>
  </attacks>
  <defenses armor="6" defense="10"/>
  <immunities>
    <immunity physical="0"/>
    <immunity energy="0"/>
    <immunity fire="0"/>
    <immunity poison="0"/>
    <immunity lifedrain="0"/>
    <immunity paralyze="0"/>
    <immunity outfit="0"/>
    <immunity drunk="0"/>
    <immunity invisible="0"/>
  </immunities>
  <voices interval="5000" chance="10">
    <voice sentence="Grrrr"/>
    <voice sentence="Groar!"/>
    <voice sentence="Me strong! Me ate spinach!"/>
  </voices>
	<loot>
    <item id="1987" chance="100000"> <!-- bag -->
        
            <item id="2389" chance="13075" /><!-- spear :: Atk 25 -->
            <item id="2805" chance="1400" /><!-- troll green -->
            <item id="2580" chance="550" /><!-- fishing rod -->
        
    </item>
    <item id="2643" chance="10575" /><!-- leather boots :: Arm 1 -->
    <item id="2667" chance="59875" /><!-- fish -->
    <item id="2050" chance="15025" /><!-- torch -->
	<item id="2148" countmax="5" chance="60925" /><!-- gold coin -->
</loot>
</monster>
