<?xml version="1.0" encoding="UTF-8"?>
<monster name="Thalas" nameDescription="Thalas" race="undead" experience="2950" speed="260" manacost="0">
  <health now="4100" max="4100"/>
  <look type="89" head="0" body="0" legs="0" feet="0" corpse="3016"/>
  <targetchange interval="2000" chance="3"/>
  <strategy attack="80" defense="10"/>
  <flags>
    <flag summonable="0"/>
    <flag attackable="1"/>
    <flag hostile="1"/>
    <flag illusionable="0"/>
    <flag convinceable="0"/>
    <flag pushable="0"/>
    <flag canpushitems="1"/>
    <flag canpushcreatures="1"/>
    <flag targetdistance="1"/>
    <flag runonhealth="0"/>
  </flags>
  <attacks>
    <attack name="melee" interval="2000" skill="110" attack="65" poison="700"/>
    <attack name="lifedrain" interval="2000" chance="7" range="1" min="-400" max="-900"/>
    <attack name="poison" interval="2000" chance="25" range="7" min="-300" max="-650">
      <attribute key="shootEffect" value="poison"/>
      <attribute key="areaEffect" value="poison"/>
    </attack>
    <attack name="speed" interval="2000" chance="6" range="7" speedchange="-1000" duration="50000">
      <attribute key="areaEffect" value="redshimmer"/>
    </attack>
    <attack name="poisoncondition" interval="2000" chance="15" radius="5" target="0" min="-400" max="-700">
      <attribute key="areaEffect" value="poison"/>
    </attack>
    <attack name="speed" interval="2000" chance="15" radius="5" target="0" speedchange="-400" duration="12000">
      <attribute key="areaEffect" value="poison"/>
    </attack>
    <attack name="poison" interval="2000" chance="17" length="8" spread="3" min="-250" max="-550">
      <attribute key="areaEffect" value="poison"/>
    </attack>
  </attacks>
  <defenses armor="40" defense="60">
    <defense name="healing" interval="2000" chance="20" min="150" max="450">
      <attribute key="areaEffect" value="blueshimmer"/>
    </defense>
  </defenses>
  <immunities>
    <immunity physical="0"/>
    <immunity energy="0"/>
    <immunity fire="0"/>
    <immunity poison="1"/>
    <immunity lifedrain="1"/>
    <immunity paralyze="1"/>
    <immunity outfit="1"/>
    <immunity drunk="1"/>
    <immunity invisible="1"/>
  </immunities>
  <summons maxSummons="8">
    <summon name="slime2" interval="2000" chance="9" max="8"/>
  </summons>
  <voices interval="5000" chance="10">
    <voice sentence="You will become a feast for my maggots."/>
    <voice sentence="Death and decay!"/>
    <voice sentence="Death awaits you."/>
    <voice sentence="Your precious life will be wasted."/>
    <voice sentence="Green is my favourite color."/>
    <voice sentence="Flesssh to dussst!"/>
  </voices>
	<loot>
    <item id="1987" chance="100000"> <!-- bag -->
        
            <item id="2149" countmax="3" chance="6800" /><!-- small emerald -->
            <item id="2451" chance="2400" /><!-- djinn blade :: Def 22 :: Atk 38 -->
            <item id="2169" chance="5700" /><!-- time ring -->
            <item id="2409" chance="3100" /><!-- serpent sword :: Def 15 :: Atk 26 -->
            <item id="2155" chance="1450" /><!-- green gem -->
        
    </item>
    <item id="2351" chance="100000" /><!-- cobrafang dagger -->
    <item id="2411" chance="19850" /><!-- poison dagger :: Def 8 :: Atk 18 -->
    <item id="2148" countmax="100" chance="29725" /><!-- gold coin -->
    <item id="2148" countmax="100" chance="29725" /><!-- gold coin -->
    <item id="2148" countmax="20" chance="29725" /><!-- gold coin -->
</loot>
</monster>
