<?xml version="1.0" encoding="UTF-8"?>
<monster name="Tiger" nameDescription="a tiger" race="blood" experience="40" speed="200" manacost="420">
  <health now="75" max="75"/>
  <look type="125" head="0" body="0" legs="0" feet="0" corpse="4292"/>
  <targetchange interval="2000" chance="5"/>
  <strategy attack="70" defense="0"/>
  <flags>
    <flag summonable="1"/>
    <flag attackable="1"/>
    <flag hostile="1"/>
    <flag illusionable="1"/>
    <flag convinceable="1"/>
    <flag pushable="0"/>
    <flag canpushitems="1"/>
    <flag canpushcreatures="1"/>
    <flag targetdistance="1"/>
    <flag runonhealth="0"/>
  </flags>
  <attacks>
    <attack name="melee" interval="2000" skill="42" attack="15"/>
  </attacks>
  <defenses armor="5" defense="15">
    <defense name="speed" interval="2000" chance="12" speedchange="330" duration="3000">
      <attribute key="areaEffect" value="redshimmer"/>
    </defense>
  </defenses>
  <immunities>
    <immunity physical="0"/>
    <immunity energy="0"/>
    <immunity fire="0"/>
    <immunity poison="0"/>
    <immunity lifedrain="0"/>
    <immunity paralyze="0"/>
    <immunity outfit="0"/>
    <immunity drunk="0"/>
    <immunity invisible="0"/>
  </immunities>
	<loot>
    <item id="2666" countmax="3" chance="33000" /><!-- meat -->
</loot>
</monster>
