<?xml version="1.0" encoding="UTF-8"?>
<monster name="Troll" nameDescription="a troll" race="blood" experience="20" speed="126" manacost="290">
  <health now="50" max="50"/>
  <look type="15" head="0" body="0" legs="0" feet="0" corpse="2806"/>
  <targetchange interval="2000" chance="0"/>
  <strategy attack="100" defense="0"/>
  <flags>
    <flag summonable="1"/>
    <flag attackable="1"/>
    <flag hostile="1"/>
    <flag illusionable="1"/>
    <flag convinceable="1"/>
    <flag pushable="1"/>
    <flag canpushitems="0"/>
    <flag canpushcreatures="0"/>
    <flag targetdistance="1"/>
    <flag runonhealth="15"/>
  </flags>
  <attacks>
    <attack name="melee" interval="2000" skill="10" attack="5"/>
  </attacks>
  <defenses armor="6" defense="8"/>
  <immunities>
    <immunity physical="0"/>
    <immunity energy="0"/>
    <immunity fire="0"/>
    <immunity poison="0"/>
    <immunity lifedrain="0"/>
    <immunity paralyze="0"/>
    <immunity outfit="0"/>
    <immunity drunk="0"/>
    <immunity invisible="0"/>
  </immunities>
  <voices interval="5000" chance="10">
    <voice sentence="Grrrr"/>
    <voice sentence="Groar"/>
    <voice sentence="Gruntz!"/>
    <voice sentence="Hmmm, bugs."/>
    <voice sentence="Hmmm, dogs."/>
  </voices>
	<loot>
    <item id="1987" chance="100000"> <!-- bag -->
        
            <item id="2461" chance="12700" /><!-- leather helmet :: Arm 1 -->
            <item id="2643" chance="8675" /><!-- leather boots :: Arm 1 -->
            <item id="2170" chance="525" /><!-- silver amulet -->
        
    </item>
    <item id="2389" chance="8275" /><!-- spear :: Atk 25 -->
    <item id="2120" chance="9150" /><!-- rope -->
    <item id="2666" chance="15700" /><!-- meat -->
    <item id="2512" chance="11250" /><!-- wooden shield :: Def 14 -->
    <item id="2380" chance="17675" /><!-- hand axe :: Def 5 :: Atk 10 -->
	<item id="2148" countmax="5" chance="76425" /><!-- gold coin -->
</loot>
</monster>
