<?xml version="1.0" encoding="UTF-8"?>
<monster name="Valkyrie" nameDescription="a valkyrie" race="blood" experience="85" speed="176" manacost="450">
	<health now="190" max="190"/>
	<look type="139" head="113" body="57" legs="95" feet="113" corpse="3065"/>
	<targetchange interval="5000" chance="8"/>
	<strategy attack="100" defense="0"/>
	<flags>
		<flag summonable="1"/>
		<flag attackable="1"/>
		<flag hostile="1"/>
		<flag illusionable="1"/>
		<flag convinceable="1"/>
		<flag pushable="0"/>
		<flag canpushitems="1"/>
		<flag canpushcreatures="0"/>
		<flag targetdistance="1"/>
		<flag staticattack="90"/>
		<flag runonhealth="10"/>
	</flags>
	<attacks>
		<attack name="melee" interval="2000" skill="25" attack="40"/>
		<attack name="physical" interval="1000" chance="15" range="7" min="-5" max="-50">
			<attribute key="shootEffect" value="spear"/>
		</attack>
	</attacks>
	<defenses armor="12" defense="14"/>
	<elements>
		<element icePercent="10"/>
		<element firePercent="10"/>
		<element holyPercent="7"/>
		<element deathPercent="-7"/>
		<element physicalPercent="-6"/>
	</elements>
	<voices interval="5000" chance="10">
		<voice sentence="Another head for me!"/>
		<voice sentence="Head off!"/>
		<voice sentence="Your head will be mine!"/>
		<voice sentence="Stand still!"/>
		<voice sentence="One more head for me!"/>
	</voices>
	<loot>
    <item id="1987" chance="100000"> <!-- bag -->
        
            <item id="2463" chance="1425" /><!-- plate armor :: Arm 10 -->
            <item id="2229" chance="600" /><!-- skull -->
            <item id="2200" chance="1425" /><!-- protection amulet -->
            <item id="2387" chance="200" /><!-- double axe :: Def 12 :: Atk 35 -->
        
    </item>
    <item id="2674" countmax="2" chance="5800" /><!-- red apple -->
    <item id="2666" countmax="3" chance="29750" /><!-- meat -->
    <item id="2389" countmax="3" chance="37975" /><!-- spear :: Atk 25 -->
    <item id="2464" chance="8800" /><!-- chain armor :: Arm 6 -->
	<item id="2148" countmax="12" chance="38600" /><!-- gold coin -->
</loot>
</monster>
