<?xml version="1.0" encoding="UTF-8"?>
<monster name="War Wolf" nameDescription="a war wolf" race="blood" experience="55" speed="264" manacost="420">
  <health now="140" max="140"/>
  <look type="3" head="0" body="0" legs="0" feet="0" corpse="2969"/>
  <targetchange interval="2000" chance="0"/>
  <strategy attack="100" defense="0"/>
  <flags>
    <flag summonable="0"/>
    <flag attackable="1"/>
    <flag hostile="1"/>
    <flag illusionable="1"/>
    <flag convinceable="1"/>
    <flag pushable="0"/>
    <flag canpushitems="1"/>
    <flag canpushcreatures="0"/>
    <flag targetdistance="1"/>
    <flag runonhealth="0"/>
  </flags>
  <attacks>
    <attack name="melee" interval="2000" skill="39" attack="24"/>
  </attacks>
  <defenses armor="8" defense="16"/>
  <immunities>
    <immunity physical="0"/>
    <immunity energy="0"/>
    <immunity fire="0"/>
    <immunity poison="0"/>
    <immunity lifedrain="0"/>
    <immunity paralyze="0"/>
    <immunity outfit="0"/>
    <immunity drunk="0"/>
    <immunity invisible="0"/>
  </immunities>
  <voices interval="5000" chance="10">
    <voice sentence="Grrrrrrr"/>
    <voice sentence="Yoooohhuuuu!" yell="1"/>
  </voices>
	<loot>
    <item id="2671" chance="22125" /> <!--ham -->
</loot>
</monster>
