<?xml version="1.0" encoding="UTF-8"?>
<monster name="Warlock" nameDescription="a warlock" race="blood" experience="4000" speed="230" manacost="0">
  <health now="3200" max="3200"/>
  <look type="130" head="0" body="52" legs="128" feet="95" corpse="3128"/>
  <targetchange interval="2000" chance="50"/>
  <strategy attack="100" defense="0"/>
  <flags>
    <flag summonable="0"/>
    <flag attackable="1"/>
    <flag hostile="1"/>
    <flag illusionable="0"/>
    <flag convinceable="0"/>
    <flag pushable="0"/>
    <flag canpushitems="1"/>
    <flag canpushcreatures="1"/>
    <flag targetdistance="4"/>
    <flag runonhealth="1000"/>
  </flags>
  <attacks>
    <attack name="melee" interval="2000" skill="50" attack="40"/>
    <attack name="physical" interval="2000" chance="50" range="7" min="-1" max="-105">
      <attribute key="shootEffect" value="energy"/>
    </attack>
    <attack name="manadrain" interval="2000" chance="8" range="7" min="-35" max="-75"/>
    <attack name="speed" interval="2000" chance="12" range="7" speedchange="-400" duration="40000">
      <attribute key="areaEffect" value="redshimmer"/>
    </attack>
    <attack name="fire" interval="2000" chance="34" range="7" radius="3" target="1" min="-90" max="-170">
      <attribute key="shootEffect" value="fire"/>
      <attribute key="areaEffect" value="firearea"/>
    </attack>
    <attack name="firefield" interval="2000" chance="15" range="7" radius="1" target="1">
      <attribute key="shootEffect" value="fire"/>
    </attack>
    <attack name="firefield" interval="2000" chance="20" range="7" radius="2" target="1">
      <attribute key="shootEffect" value="fire"/>
    </attack>
    <attack name="energy" interval="2000" chance="13" length="8" spread="0" min="-145" max="-205">
      <attribute key="areaEffect" value="energy"/>
    </attack>
  </attacks>
  <defenses armor="32" defense="50">
    <defense name="healing" interval="2000" chance="25" min="60" max="100">
      <attribute key="areaEffect" value="blueshimmer"/>
    </defense>
    <defense name="invisible" interval="5000" chance="30" duration="5000">
			<attribute key="areaEffect" value="redshimmer"/>
		</defense>
  </defenses>
  <immunities>
    <immunity physical="0"/>
    <immunity energy="1"/>
    <immunity fire="1"/>
    <immunity poison="1"/>
    <immunity lifedrain="0"/>
    <immunity paralyze="1"/>
    <immunity outfit="1"/>
    <immunity drunk="1"/>
    <immunity invisible="1"/>
  </immunities>
  <summons maxSummons="1">
    <summon name="stone golem" interval="2000" chance="10" max="1"/>
  </summons>
  <voices interval="5000" chance="10">
    <voice sentence="Learn the secret of our magic! YOUR death!"/>
    <voice sentence="Even a rat is a better mage than you."/>
    <voice sentence="We don't like intruders!"/>
  </voices>
	<loot>
    <item id="1987" chance="100000"> <!-- bag -->
        
            <item id="2411" chance="8125" /> <!--poison dagger :: Def 8 :: Atk 18 -->
            <item id="2436" chance="1450" /> <!--skull staff :: Def 12 :: Atk 36 -->
            <item id="2178" chance="2700" /> <!--mind stone -->
            <item id="2185" chance="200"/> <!-- - wand of might -->
            <item id="2679" countmax="4" chance="12625" /> <!--cherry -->
            <item id="2689" chance="10000" /> <!--bread -->
            <item id="2466" chance="90" /> <!--golden armor :: Arm 14 -->
            <item id="2197" chance="500" /> <!--stone skin amulet -->
            <item id="2114" chance="100" /> <!--piggy bank -->
        
    </item>
    <item id="2146" chance="1300" /> <!--small sapphire -->
    <item id="5652" chance="70"/> <!--Daraman Crossbow -->
    <item id="2600" chance="1200" /> <!--inkwell -->
    <item id="2151" chance="1300" /> <!--talon -->
    <item id="2656" chance="800" /> <!--blue robe :: Arm 11 -->
    <item id="2167" chance="2425" /> <!--energy ring -->
    <item id="2792" chance="3450" /> <!--dark mushroom -->
    <item id="2047" chance="1800" /> <!--candlestick -->
    <item id="2123" chance="500" /> <!-- ring of the sky -->
    <item id="2124" chance="1200" /> <!--crystal ring -->
    <item id="1986" chance="500" /> <!--red tome -->
	<item id="2148" countmax="80" chance="35325" /> <!--gold coin -->
</loot>
</monster>
