<?xml version="1.0" encoding="UTF-8"?>
<monster name="Wasp" nameDescription="a wasp" race="venom" experience="24" speed="320" manacost="280">
  <health now="35" max="35"/>
  <look type="44" head="0" body="0" legs="0" feet="0" corpse="2899"/>
  <targetchange interval="2000" chance="10"/>
  <strategy attack="60" defense="0"/>
  <flags>
    <flag summonable="1"/>
    <flag attackable="1"/>
    <flag hostile="1"/>
    <flag illusionable="1"/>
    <flag convinceable="1"/>
    <flag pushable="1"/>
    <flag canpushitems="0"/>
    <flag canpushcreatures="0"/>
    <flag targetdistance="1"/>
    <flag runonhealth="0"/>
  </flags>
  <attacks>
    <attack name="melee" interval="2000" skill="23" attack="12" poison="25"/>
  </attacks>
  <defenses armor="4" defense="8"/>
  <immunities>
    <immunity physical="0"/>
    <immunity energy="0"/>
    <immunity fire="0"/>
    <immunity poison="1"/>
    <immunity lifedrain="0"/>
    <immunity paralyze="0"/>
    <immunity outfit="0"/>
    <immunity drunk="0"/>
    <immunity invisible="0"/>
  </immunities>
  <voices interval="5000" chance="10">
    <voice sentence="Bsssssss"/>
	</voices>
	<loot>
</loot>
	</monster>
