<?xml version="1.0" encoding="UTF-8"?>
<monster name="Witch" nameDescription="a witch" race="blood" experience="120" speed="204" manacost="0">
  <health now="300" max="300"/>
  <look type="54" head="0" body="0" legs="0" feet="0" corpse="3065"/>
  <targetchange interval="2000" chance="50"/>
  <strategy attack="100" defense="0"/>
  <flags>
    <flag summonable="0"/>
    <flag attackable="1"/>
    <flag hostile="1"/>
    <flag illusionable="1"/>
    <flag convinceable="0"/>
    <flag pushable="0"/>
    <flag canpushitems="1"/>
    <flag canpushcreatures="0"/>
    <flag targetdistance="4"/>
    <flag runonhealth="30"/>
  </flags>
  <attacks>
    <attack name="melee" interval="2000" skill="18" attack="18"/>
    <attack name="fire" interval="2000" chance="20" range="7" min="-25" max="-55">
      <attribute key="shootEffect" value="fire"/>
    </attack>
    <attack name="firefield" interval="2000" chance="13" range="7" radius="1" target="1">
      <attribute key="shootEffect" value="fire"/>
    </attack>
  </attacks>
  <defenses armor="8" defense="12"/>
  <immunities>
    <immunity physical="0"/>
    <immunity energy="1"/>
    <immunity fire="0"/>
    <immunity poison="1"/>
    <immunity lifedrain="0"/>
    <immunity paralyze="0"/>
    <immunity outfit="1"/>
    <immunity drunk="1"/>
    <immunity invisible="1"/>
  </immunities>
  <voices interval="5000" chance="10">
    <voice sentence="Horax pokti!"/>
    <voice sentence="Hihihihi!"/>
    <voice sentence="Herba budinia ex!"/>
  </voices>
	<loot>
    <item id="1987" chance="100000"> <!-- bag -->
        
            <item id="2199" chance="3000" /> <!--garlic necklace -->
            <item id="2129" chance="10075" /> <!--wolf tooth chain -->
            <item id="2402" chance="1200" /> <!--silver dagger :: Def 7 :: Atk 8 -->
        
    </item>
    <item id="2405" chance="31850" /> <!--sickle :: Def 4 :: Atk 7 -->
    <item id="2800" chance="9850" /> <!--star herb -->
    <item id="2654" chance="40025" /> <!--cape :: Arm 1 -->
    <item id="2687" countmax="8" chance="17475" /> <!--cookie -->
    <item id="2643" chance="40150" /> <!--leather boots :: Arm 1 -->
    <item id="2651" chance="16800" /> <!--coat :: Arm 1 -->
	<item id="2148" countmax="40" chance="13975" /> <!--gold coin -->
</loot>
</monster>
