<?xml version="1.0" encoding="UTF-8"?>
<monster name="Dark Torturer" nameDescription="a dark torturer" race="blood" experience="3500" speed="250" manacost="0">
	<health now="7350" max="7350"/>
	<look type="234" corpse="6328"/>
	<targetchange interval="5000" chance="8"/>
	<strategy attack="100" defense="0"/>
	<flags>
		<flag summonable="0"/>
		<flag attackable="1"/>
		<flag hostile="1"/>
		<flag illusionable="1"/>
		<flag convinceable="0"/>
		<flag pushable="0"/>
		<flag canpushitems="1"/>
		<flag canpushcreatures="1"/>
		<flag targetdistance="1"/>
		<flag staticattack="90"/>
		<flag runonhealth="0"/>
	</flags>
	<attacks>
		<attack name="melee" interval="2000" skill="90" attack="100"/>
		<attack name="physical" interval="3000" chance="17" range="7" min="-60" max="-600">
			<attribute key="shootEffect" value="throwingknife"/>
		</attack>
		<attack name="physical" interval="3000" chance="17" length="4" spread="3" min="-0" max="-0">
			<attribute key="areaEffect" value="purplenote"/>
		</attack>
	</attacks>
	<defenses armor="25" defense="35">
		<defense name="healing" interval="1000" chance="50" min="75" max="125">
			<attribute key="areaEffect" value="blueshimmer"/>
		</defense>
	</defenses>
	<elements>
		<element firePercent="100"/>
		<element earthPercent="50"/>
		<element energyPercent="40"/>
		<element deathPercent="35"/>
		<element icePercent="-20"/>
		<element holyPercent="-17"/>
	</elements>
	<immunities>
		<immunity invisible="1"/>
	</immunities>
	<voices interval="3000" chance="30">
		<voice sentence="You like it, don't you?"/>
		<voice sentence="IahaEhheAie!"/>
	</voices>
	<loot>
		<item id="2148" countmax="90" chance="50000"/><!-- gold coin -->
		<item id="2148" countmax="90" chance="50000"/><!-- gold coin -->
		<item id="7368" countmax="2" chance="1500"/><!-- assassin star -->
		<item id="7412"  chance="200"/><!-- butcher axe -->
		<item id="5480" chance="1200"/><!-- cat's paw -->
		<item id="23500" countmax="3" chance="4555"/><!-- concentrated demonic blood -->
		<item id="6300" chance="1650"/><!-- death ring -->
		<item id="6500" chance="6500"/><!-- demonic essence -->
		<item id="7591" chance="10000"/><!-- great health potion -->
		<item id="1987" chance="100000"><!-- bag -->
					
				<item id="2671" countmax="8" chance="10500"/><!-- ham -->
				<item id="5801" chance="650"/><!-- key ring -->
				<item id="5022" countmax="2" chance="600"/><!-- orichalcum pearl -->
				<item id="2152" countmax="3" chance="12500"/><!-- platinum coin -->
				<item id="2558" chance="1700"/><!-- saw -->
				<item id="5944" chance="13000"/><!-- soul orb -->
				<item id="2645" chance="5000"/><!-- steel boots -->
				<item id="7388" chance="600"/><!-- vile axe -->
				<item id="2470" chance="100"/><!-- golden legs -->
				<item id="9971" chance="300"/><!-- gold ingot -->
			
		</item>
	</loot>
</monster>
