<?xml version="1.0" encoding="UTF-8"?>
<monster name="Carmesin Hydra" nameDescription="a carmesin hydra" race="blood" experience="4600" speed="320" manacost="0">
  <health now="7800" max="7800"/>
  <look type="547" corpse="6491"/>
  <targetchange interval="4000" chance="5"/>
  <flags>
    <flag summonable="0"/>
    <flag attackable="1"/>
    <flag hostile="1"/>
    <flag illusionable="1"/>
    <flag convinceable="0"/>
    <flag pushable="0"/>
    <flag canpushitems="1"/>
    <flag canpushcreatures="1"/>
    <flag targetdistance="1"/>
    <flag staticattack="70"/>
    <flag runonhealth="366"/>
  </flags>
  <attacks>
    <attack name="melee" interval="2000" skill="124" attack="90"/>
    <attack name="poisoncondition" interval="2000" chance="10" target="1" range="5" min="-920" max="-1280">
      <attribute key="areaEffect" value="groundshaker"/>
    </attack>
    <attack name="fire" interval="2000" chance="15" range="7" target="1" min="-80" max="-230">
      <attribute key="areaEffect" value="dragonhead"/>
    </attack>
    <attack name="fire" interval="2000" chance="10" length="8" spread="3" min="-120" max="-250">
      <attribute key="areaEffect" value="magic72"/>
    </attack>
    <attack name="fire" interval="2000" chance="15" radius="4" target="0" min="-110" max="-180">
      <attribute key="areaEffect" value="magic71"/>
    </attack>
    <attack name="speed" interval="2000" chance="20" range="7" target="1" speedchange="-800" duration="30000">
      <attribute key="areaEffect" value="yellowenergy"/>
    </attack>
  </attacks>
  <defenses armor="35" defense="35"/>
  <immunities>
    <immunity paralyze="1"/>
    <immunity invisible="1"/>
    <immunity fire="1"/>
    <immunity poison="1"/>
  </immunities>
  <loot>
    <item id="2148" countmax="100" chance="33725" /><!-- gold coin -->
    <item id="2148" countmax="100" chance="33725" /><!-- gold coin -->
    <item id="2520" chance="8035" /><!-- demon shield -->
    <item id="2152" countmax="2" chance="29840" /><!-- platinum coin -->
  </loot>
</monster>