<?xml version="1.0" encoding="utf-8"?>
<!-- based in crawler -->
<monster name="Coatl" namedescription="a coatl" race="blood" experience="1000" speed="270" manacost="0">
	<health now="1450" max="1450"/>
	<look type="550" corpse="6494"/>
	<targetchange interval="4000" chance="10"/>
	<flags>
		<flag summonable="0"/>
		<flag attackable="1"/>
		<flag hostile="1"/>
		<flag illusionable="1"/>
		<flag convinceable="0"/>
		<flag pushable="1"/>
		<flag canpushitems="1"/>
		<flag canpushcreatures="1"/>
		<flag targetdistance="0"/>
		<flag runonhealth="40"/>
	</flags>
	<attacks>
		<attack name="melee" interval="2000" min="0" max="-220" poison="4"/>
		<attack name="poison" interval="2000" chance="20" range="7" min="-80" max="-150">
			<attribute key="shootEffect" value="shiverarrow"/>
		</attack>
	</attacks>
	<defenses armor="30" defense="30">
		<defense name="speed" interval="2000" chance="15" speedchange="260" duration="3000">
			<attribute key="areaEffect" value="redshimmer"/>
		</defense>
	</defenses>
	<immunities>
		<immunity invisible="1"/>
	</immunities>
	<voices interval="5000" chance="10">
		<voice sentence="Sssschrchrsss!"/>
		<voice sentence="Chrssschrsss!"/>
	</voices>
	<loot>
		<item id="2148" countmax="190" chance="100000"/>	<!-- gold coin -->
		<item id="2152" chance="50000"/>					<!-- platinum coin -->
		<item id="2391" chance="1800"/>						<!-- war hammer -->
		<item id="2154" chance="460"/>						<!-- yellow gem -->
		<item id="2671" countmax="4" chance="9825" /><!-- ham --> 
	</loot>
</monster>
