<?xml version="1.0" encoding="UTF-8"?>
<monster name="Desert Drakon" nameDescription="a desert drakon" race="blood" experience="1550" speed="230" manacost="0">
  <health now="1825" max="1825"/>
  <look type="753" corpse="7495"/>
  <targetchange interval="4000" chance="10"/>
  <flags>
    <flag summonable="0"/>
    <flag attackable="1"/>
    <flag hostile="1"/>
    <flag illusionable="0"/>
    <flag convinceable="0"/>
    <flag pushable="0"/>
    <flag canpushitems="1"/>
    <flag staticattack="80"/>
    <flag lightlevel="0"/>
    <flag lightcolor="0"/>
    <flag targetdistance="1"/>
    <flag runonhealth="1"/>
  </flags>
  <attacks>
    <attack name="melee" interval="2000" skill="60" attack="67"/>
    <attack name="physical" interval="2000" chance="15" radius="3" min="-100" max="-220">
      <attribute key="areaEffect" value="magic72"/>
    </attack>
    <attack name="physical" interval="2000" chance="10" length="5" spread="2" min="-130" max="-200">
      <attribute key="areaEffect" value="holydamage"/>
    </attack>
    <attack name="energy" interval="2000" chance="20" range="7" min="-100" max="-125">
      <attribute key="shootEffect" value="energy"/>
      <attribute key="areaEffect" value="energy"/>
    </attack>
    <attack name="lifedrain" interval="2000" chance="10" length="4" spread="0" min="-98" max="-145">
      <attribute key="areaEffect" value="poff"/>
    </attack>
  </attacks>
  <defenses armor="35" defense="35">
    <defense name="healing" interval="2000" chance="15" min="100" max="150">
      <attribute key="areaEffect" value="blueshimmer"/>
    </defense>
    <defense name="physical" interval="2000" chance="10" radius="1">
      <attribute key="areaEffect" value="yellownote"/>
    </defense>
  </defenses>
  <immunities>
    <immunity energy="1"/>
    <immunity paralyze="1"/>
    <immunity invisible="1"/>
    <immunity lifedrain="1"/>
  </immunities>
  <voices interval="5000" chance="10">
    <voice sentence="GRRR!"/>
    <voice sentence="GROOOOAAAAAAAAR!"/>
  </voices>
  <loot>
    <item id="2148" countmax="100" chance="30000"/><!-- gold coin -->
    <item id="2148" countmax="100" chance="30000"/><!-- gold coin -->
    <item id="2148" countmax="30" chance="30000"/><!-- gold coin -->
    <item id="2672" countmax="3" chance="34800"/><!-- dragon ham -->
    <item id="2546" countmax="10" chance="7650"/><!-- burst arrow -->
    <item id="2145" countmax="3" chance="750"/><!-- small diamonds-->
    <item id="2455" chance="5920"/><!-- crossbow -->
  </loot>
</monster>
