<?xml version="1.0" encoding="utf-8"?>
<!-- based in medusa -->
<monster name="Runespoor" namedescription="a runespoor" race="blood" experience="4050" speed="290" manacost="0">
	<health now="4500" max="4500" />
	<look type="222" corpse="7193" />
	<targetchange interval="4000" chance="20" />
	<strategy attack="110" defense="30"/>
	<flags>
		<flag summonable="0" />
		<flag attackable="1" />
		<flag hostile="1" />
		<flag illusionable="0" />
		<flag convinceable="0" />
		<flag pushable="0" />
		<flag canpushitems="1" />
		<flag canpushcreatures="1" />
		<flag targetdistance="1" />
		<flag staticattack="80" />
		<flag runonhealth="600" />
	</flags>
	<attacks>
		<attack name="melee" interval="2000" skill="80" attack="100" poison="840" />
		<attack name="lifedrain" interval="2000" chance="20" count="5" range="7" target="1" min="-21" max="-350">
			<attribute key="shootEffect" value="poison" />
			<attribute key="areaEffect" value="holyarea" />
		</attack>
		<attack name="poison" interval="2000" chance="15" length="8" spread="3" min="-250" max="-500">
			<attribute key="areaEffect" value="groundshaker" />
		</attack>
		<attack name="speed" interval="4000" chance="20" radius="7" target="1" speedchange="-400">
			<attribute key="areaEffect" value="poison" />
		</attack>
		<attack name="outfit" interval="2000" chance="1" target="1" range="7" monster="slime" duration="3000" />
	</attacks>
	<defenses armor="30" defense="30">
		<defense name="healing" interval="2000" chance="25" min="150" max="300">
			<attribute key="areaEffect" value="blueshimmer" />
		</defense>
	</defenses>
	<immunities>
		<immunity paralyze="1" />
		<immunity invisible="1" />
		<immunity lifedrain="1" />
	</immunities>
	<voices interval="2000" chance="7">
		<voice sentence="SSSssssSssSsSSs!" />
		<voice sentence="SsszzszszzzZZZZsszZZz" />
	</voices>
	<loot>
		<item id="2148" countmax="100" chance="50000" /><!-- gold coin -->
		<item id="2148" countmax="10" chance="50000" /><!-- gold coin -->
		<item id="2152" countmax="1" chance="74810" /><!-- platinum coin -->
		<item id="6059" countmax="19" chance="74810" /><!-- venomshoot bolt -->
		<item id="2149" countmax="4" chance="3770" /><!-- small emerald -->
		<item id="2536" chance="3040" /><!-- medusa shield -->
		<item id="5671" chance="3040" /><!-- envenomed crossbow -->
		<item id="5656" chance="4040" /><!-- poisoned bow -->
		<item id="2214" chance="900" /> <!-- ring of healing -->
		<item id="2488" chance="1840" /><!-- crown legs -->
		<item id="2487" chance="2840" /><!-- crown armor -->
		<item id="2671" countmax="4" chance="9825" /><!-- ham --> 
	</loot>
</monster>