<?xml version="1.0" encoding="utf-8"?>
<!-- based in lizard high guard -->
<monster name="Salamander Warrior" namedescription="a salamander warrior" race="blood" experience="1450" speed="240" manacost="0">
	<health now="1800" max="1800"/>
	<look type="445" corpse="6501"/>
	<targetchange interval="4000" chance="10"/>
	<flags>
		<flag summonable="0"/>
		<flag attackable="1"/>
		<flag hostile="1"/>
		<flag illusionable="1"/>
		<flag convinceable="0"/>
		<flag pushable="0"/>
		<flag canpushitems="1"/>
		<flag canpushcreatures="0"/>
		<flag targetdistance="1"/>
		<flag staticattack="90"/>
		<flag runonhealth="0"/>
	</flags>
	<attacks>
		<attack name="melee" interval="2000" skill="75" attack="72"/>
	</attacks>
	<defenses armor="35" defense="35">
		<defense name="healing" interval="2000" chance="10" min="25" max="75">
			<attribute key="areaEffect" value="greenshimmer"/>
		</defense>
	</defenses>
	<elements>
		<element physicalPercent="5"/>
	</elements>
	<immunities>
		<immunity invisible="1"/>
	</immunities>
	<voices interval="5000" chance="10">
		<voice sentence="Hizzzzzzz!"/>
		<voice sentence="To armzzzz!"/>
		<voice sentence="Engage zze aggrezzor!"/>
	</voices>
	<loot>
		<item id="2148" countmax="100" chance="32000" /><!-- gold coin -->
		<item id="2148" countmax="100" chance="32000" /><!-- gold coin -->
		<item id="2148" countmax="27" chance="32000" /><!-- gold coin -->
		<item id="2152" countmax="2" chance="4900" /><!-- platinum coin -->
		<item id="2528" chance="1040" /><!-- tower shield -->
		<item id="6079" chance="1040" /><!-- Gladius -->
		<item id="7146" chance="500" /><!-- knight lance -->
		<item id="2477" chance="2500" /><!-- knight legs -->
		<item id="2476" chance="2500" /><!-- knight legs -->
		<item id="2149" countmax="4" chance="2520" /><!-- small emerald -->
	</loot>
</monster>