<?xml version="1.0" encoding="UTF-8"?>
<monster name="Salamander Goliath" nameDescription="a salamander goliath" race="blood" experience="2400" speed="220" manacost="0">
  <health now="4150" max="4150"/>
  <look type="548" corpse="6520"/>
  <targetchange interval="4000" chance="10"/>
  <flags>
    <flag summonable="0"/>
    <flag attackable="1"/>
    <flag hostile="1"/>
    <flag illusionable="1"/>
    <flag convinceable="0"/>
    <flag pushable="0"/>
    <flag canpushitems="1"/>
    <flag canpushcreatures="0"/>
    <flag targetdistance="1"/>
    <flag staticattack="90"/>
    <flag runonhealth="0"/>
  </flags>
  <attacks>
    <attack name="melee" interval="2000" skill="90" attack="60"/>
    <attack name="fire" interval="2000" chance="10" length="4" spread="3" min="-240" max="-520">
      <attribute key="areaEffect" value="explosion"/>
    </attack>
  </attacks>
  <defenses armor="40" defense="40">
    <defense name="healing" interval="2000" chance="10" min="510" max="600">
      <attribute key="areaEffect" value="blueshimmer"/>
    </defense>
  </defenses>
  <immunities>
    <immunity fire="1"/>
    <immunity poison="1"/>
    <immunity invisible="1"/>
  </immunities>
  <voices interval="5000" chance="10">
    <voice sentence="Attack aggrezzively! Dezztroy zze intruderzz!"/>
    <voice sentence="Hizzzzz!"/>
  </voices>
  <loot>
    <item id="2148" countmax="100" chance="47000" /><!-- gold coin -->
    <item id="2148" countmax="100" chance="50000" /><!-- gold coin -->
    <item id="2152" countmax="5" chance="50625" /><!-- platinum coin -->
    <item id="2528" chance="2035" /><!-- tower shield -->
    <item id="2444" chance="2035" /><!-- hammer of wrath -->
    <item id="2452" chance="2035" /><!-- silver mace -->
    <item id="2666" chance="30300" /><!-- meat -->
    <item id="2123" chance="180" /><!-- ring of the sky -->
    <item id="2147" countmax="5" chance="1525" /><!-- small ruby -->
  </loot>
</monster>