<?xml version="1.0" encoding="UTF-8"?>
<monster name="Salamander Abomination" nameDescription="a salamander abomination" race="blood" experience="3800" speed="230" manacost="0">
  <health now="6250" max="6250"/>
  <look type="551" corpse="6516"/>
  <targetchange interval="4000" chance="10"/>
  <flags>
    <flag summonable="0"/>
    <flag attackable="1"/>
    <flag hostile="1"/>
    <flag illusionable="1"/>
    <flag convinceable="0"/>
    <flag pushable="0"/>
    <flag canpushitems="1"/>
    <flag canpushcreatures="0"/>
    <flag targetdistance="1"/>
    <flag staticattack="70"/>
    <flag runonhealth="0"/>
  </flags>
  <attacks>
    <attack name="melee" interval="2000" skill="110" attack="70"/>
    <attack name="fire" interval="2000" chance="10" length="4" spread="3" min="-310" max="-630">
      <attribute key="areaEffect" value="magic71"/>
    </attack>
    <attack name="physical" interval="2000" chance="15" length="4" spread="0" min="-170" max="-370">
      <attribute key="areaEffect" value="skullvertical"/>
    </attack>
    <attack name="drunk" interval="2000" chance="15" range="7" radius="4" target="0" duration="9000">
      <attribute key="shootEffect" value="flasharrow"/>
      <attribute key="areaEffect" value="poison"/>
    </attack>
    <attack name="physical" interval="2000" chance="10" range="7" radius="3" target="0">
      <attribute key="areaEffect" value="greenspark"/>
    </attack>
  </attacks>
  <defenses armor="30" defense="30">
    <defense name="healing" interval="2000" chance="15" min="650" max="700">
      <attribute key="areaEffect" value="blueshimmer"/>
    </defense>
  </defenses>
  <immunities>
    <immunity fire="1"/>
    <immunity poison="1"/>
    <immunity invisible="1"/>
  </immunities>
  <voices interval="5000" chance="10">
    <voice sentence="Ugggh!"/>
    <voice sentence="Gll"/>
  </voices>
  <loot>
    <item id="2148" countmax="100" chance="50000" /><!-- gold coin -->
    <item id="2148" countmax="98" chance="47000" /><!-- gold coin -->
    <item id="2152" countmax="8" chance="50590" /><!-- platinum coin -->
    <item id="2666" countmax="4" chance="50450" /><!-- meat -->
    <item id="2444" chance="2035" /><!-- hammer of wrath -->
    <item id="2466" chance="2035" /><!-- golden armor -->
    <item id="2393" chance="2035" /><!-- hammer of wrath -->
  </loot>
</monster>