<?xml version="1.0" encoding="utf-8"?>
<!-- based in lizard dragon priest -->
<monster name="Salamander Mage" nameDescription="a salamander mage" race="blood" experience="1320" speed="220" manacost="0">
	<health now="1450" max="1450"/>
	<look type="446" corpse="6504"/>
	<targetchange interval="4000" chance="10"/>
	<flags>
		<flag summonable="0"/>
		<flag attackable="1"/>
		<flag hostile="1"/>
		<flag illusionable="1"/>
		<flag convinceable="0"/>
		<flag pushable="0"/>
		<flag canpushitems="1"/>
		<flag canpushcreatures="0"/>
		<flag targetdistance="4"/>
		<flag staticattack="90"/>
		<flag runonhealth="50"/>
	</flags>
	<attacks>
		<attack name="melee" interval="2000" skill="30" attack="25"/>
		<attack name="fireball" interval="2000" chance="35" target="1" range="7" min="-125" max="-190"/>
		<attack name="soulfire" interval="2000" chance="30" target="1" range="7" radius="1" min="-320" max="-400">
			<attribute key="shootEffect" value="fire"/>
			<attribute key="areaEffect" value="effect71"/>
		</attack>
	</attacks>
	<defenses armor="15" defense="15">
		<defense name="healing" interval="2000" chance="30" min="200" max="300">
			<attribute key="areaEffect" value="blueshimmer"/>
		</defense>
		<defense name="invisible" interval="2000" chance="15" duration="4000">
			<attribute key="areaEffect" value="blueshimmer"/>
		</defense>
	</defenses>
	<immunities>
		<immunity invisible="1"/>
	</immunities>
	<voices interval="5000" chance="10">
		<voice sentence="I ssssmell warm blood!"/>
	</voices>
	<summons maxSummons="2">
		<summon name="Beholder" interval="2000" chance="20" max="2"/>
	</summons>
	<loot>
		<item id="2148" countmax="100" chance="5000" /><!-- gold coin -->
		<item id="2148" countmax="88" chance="4400" /><!-- gold coin -->
		<item id="2152" countmax="2" chance="4090" /><!-- platinum coin -->
		<item id="2154" chance="1000" /><!-- yellow gem -->
		<item id="2150" countmax="3" chance="4900" /><!-- small amethyst -->
		<item id="2168" chance="770" /><!-- life ring -->
		<item id="2656" chance="2040" /><!-- Blue Robe -->
	</loot>
</monster>