<?xml version="1.0" encoding="UTF-8"?>
<monster name="Slave hunter" nameDescription="a slave hunter" race="blood" experience="220" speed="250" manacost="0">
  <health now="500" max="500"/>
  <look type="300" head="0" body="0" legs="0" feet="0" corpse="5676"/>
  <targetchange interval="2000" chance="5"/>
  <strategy attack="72" defense="25"/>
  <flags>
    <flag summonable="0"/>
    <flag attackable="1"/>
    <flag hostile="1"/>
    <flag illusionable="0"/>
    <flag convinceable="0"/>
    <flag pushable="0"/>
    <flag canpushitems="1"/>
    <flag canpushcreatures="1"/>
    <flag targetdistance="6"/>
    <flag runonhealth="200"/>
  </flags>
  <attacks>
    <attack name="melee" interval="2000" skill="50" attack="38"/>
    <attack name="physical" interval="2000" chance="60" range="10" min="-40" max="-150">
      <attribute key="shootEffect" value="enchantedspear"/>
    </attack>
    <attack name="energycondition" interval="2000" chance="30" range="7" radius="1" target="1" min="-485" max="-485">
      <attribute key="shootEffect" value="redstar"/>
      <attribute key="areaEffect" length="0" spread="0" value="energy"/>
    </attack>
    <attack name="speed" interval="2000" chance="30" range="7" speedchange="-600" duration="15000">
      <attribute key="areaEffect" value="redshimmer"/>
    </attack>
  </attacks>
  <defenses armor="72" defense="80"/>
  <immunities>
    <immunity physical="0"/>
    <immunity energy="1"/>
    <immunity fire="1"/>
    <immunity poison="0"/>
    <immunity lifedrain="0"/>
    <immunity paralyze="1"/>
    <immunity outfit="1"/>
    <immunity drunk="1"/>
    <immunity invisible="1"/>
  </immunities>
  <voices interval="5000" chance="10">
    <voice sentence="DEATH TO THE CALIPH!"/>
    <voice sentence="Catch that fellow!"/>
    <voice sentence="You will be our prisoner."/>
    <voice sentence="Surrender or die!."/>
  </voices>
	<loot>
    <item id="1987" chance="100000"> <!--bag -->

            <item id="5655" chance="100" /> <!--Daraman Bow -->
            <item id="2663" chance="1300" /> <!--mystic turban -->

    </item>
    <item id="2666" chance="10150" /> <!--meat -->
    <item id="5827" chance="20000" /> <!--Daraman Arrow -->
	<item id="2148" countmax="30" chance="52825" /> <!--gold coin -->
</loot>
</monster>
