<?xml version="1.0" encoding="UTF-8"?>
<monster name="Slave Guard" nameDescription="a Slave Guard" race="blood" experience="1025" speed="220" manacost="0">
  <health now="1000" max="1000"/>
  <look type="317" head="0" body="0" legs="0" feet="0" corpse="5825"/>
  <targetchange interval="2000" chance="15"/>
  <strategy attack="80" defense="30"/>
  <flags>
    <flag summonable="0"/>
    <flag attackable="1"/>
    <flag hostile="1"/>
    <flag illusionable="1"/>
    <flag convinceable="0"/>
    <flag pushable="0"/>
    <flag canpushitems="1"/>
    <flag canpushcreatures="1"/>
    <flag targetdistance="1"/>
    <flag runonhealth="300"/>
  </flags>
  <attacks>
    <attack name="melee" interval="2000" skill="92" attack="100"/>
    <attack name="physical" interval="3000" chance="45" range="7" radius="4" target="1" min="-30" max="-234">
      <attribute key="shootEffect" value="throwingstar"/>
    </attack>
    <attack name="speed" interval="2000" chance="12" range="7" speedchange="-550" duration="30000">
      <attribute key="areaEffect" value="redshimmer"/>
    </attack>
  </attacks>
  <defenses armor="32" defense="48">
    <defense name="healing" interval="2000" chance="10" min="1" max="70">
      <attribute key="areaEffect" value="blueshimmer"/>
    </defense>
  </defenses>
  <immunities>
    <immunity physical="0"/>
    <immunity energy="0"/>
    <immunity fire="1"/>
    <immunity poison="1"/>
    <immunity lifedrain="0"/>
    <immunity paralyze="0"/>
    <immunity outfit="1"/>
    <immunity drunk="1"/>
    <immunity invisible="1"/>
  </immunities>
  <voices interval="5000" chance="100">
    <voice sentence="Intruders!" yell="1"/>
    <voice sentence="Get out!" yell="1"/>
    <voice sentence="Justice for all!" yell="1"/>
  </voices>
	<loot>
    <item id="1987" chance="100000"> <!--bag -->

    <item id="2207" chance="1300" /> <!--Sword ring -->
    <item id="2663" chance="2000" /> <!--Mystic Turban -->

    </item>
    <item id="2667" countmax="4" chance="40000" /> <!--Fish -->
    <item id="2642" chance="20000" /> <!--Sandals -->
    <item id="6068" chance="500"/><!-- Smoking Pipe -->
    <item id="2148" countmax="80" chance="41475" /> <!--gold coin -->
</loot>
</monster>
