<?xml version="1.0" encoding="UTF-8"?>
<monster name="Temple Golem" nameDescription="a temple golem" race="undead" experience="7000" speed="300" manacost="0">
  <health now="11000" max="11000"/>
  <look type="791" corpse="7486"/>
  <targetchange interval="4000" chance="20"/>
  <flags>
    <flag summonable="0"/>
    <flag attackable="1"/>
    <flag hostile="1"/>
    <flag illusionable="0"/>
    <flag convinceable="0"/>
    <flag pushable="0"/>
    <flag canpushitems="1"/>
    <flag canpushcreatures="1"/>
    <flag targetdistance="1"/>
    <flag staticattack="80"/>
    <flag runonhealth="0"/>
  </flags>
  <attacks>
    <attack name="melee" interval="2000" skill="100" attack="100"/>
    <attack name="physical" interval="2000" chance="35" length="8" spread="0" target="1" min="-350" max="-800">
      <attribute key="areaEffect" value="assassin"/>
    </attack>
    <attack name="physical" interval="2000" chance="40" radius="1" target="1" min="-300" max="-500">
      <attribute key="shootEffect" value="largerock"/>
    </attack>
  </attacks>
  <defenses armor="70" defense="70">
    <defense name="healing" interval="2000" chance="30" min="50" max="1100">
      <attribute key="areaEffect" value="blueshimmer"/>
    </defense>
  </defenses>
  <immunities>
    <immunity paralyze="1"/>
    <immunity invisible="1"/>
  </immunities>
  <voices interval="5000" chance="10">
    <voice sentence="SMASH INTRUDERS!"/>
    <voice sentence="RUN THIEF!"/>
    <voice sentence="HOW DARE TO DEFEAT OUR TRADITION?"/>
    <voice sentence="RUN THROUGH INTRUDER, OR DIE FOR MY STRENGTH!"/>
  </voices>
  <loot>
    <item id="2152" countmax="5" chance="100000"/><!-- platinum coin -->
    <item id="2164" chance="8000"/><!-- might ring -->
    <item id="2197" chance="18000"/><!-- stone skin amulet -->
    <item id="2444" chance="1380"/><!-- hammer of wrath -->
    <item id="2445" chance="5500"/><!-- crystal mace -->
    <item id="2472" chance="1380"/><!-- magic plate armor -->
    <item id="2497" chance="920"/><!-- crusader helmet -->
    <item id="2488" chance="920"/><!-- crown legs -->
    <item id="2528" chance="1380"/><!-- tower shield -->
    <item id="2645" chance="920"/><!-- steel boots -->
  </loot>
</monster>
