<?xml version="1.0" encoding="UTF-8"?>
<monster name="Water Manifestation" nameDescription="a water manifestation" race="undead" experience="1100" speed="280" manacost="0">
  <health now="1250" max="1250"/>
  <look type="305" corpse="5738"/>
  <targetchange interval="4000" chance="10"/>
  <flags>
    <flag summonable="0"/>
    <flag attackable="1"/>
    <flag hostile="1"/>
    <flag illusionable="0"/>
    <flag convinceable="0"/>
    <flag pushable="0"/>
    <flag canpushitems="1"/>
    <flag canpushcreatures="1"/>
    <flag staticattack="90"/>
    <flag targetdistance="1"/>
    <flag runonhealth="0"/>
  </flags>
  <attacks>
    <attack name="melee" interval="2000" skill="45" attack="80" poison="300" />
    <attack name="physical" interval="2000" chance="15" target="1" range="7" radius="2" min="-330" max="-450">
      <attribute key="areaEffect" value="smoke"/>
    </attack>
    <attack name="fire" interval="2000" chance="20" range="7" min="-170" max="-210">
      <attribute key="areaEffect" value="smallclouds"/>
    </attack>
    <attack name="poisoncondition" interval="2000" chance="20" target="0" radius="5" min="-355" max="-420">
      <attribute key="areaEffect" value="sleep"/>
    </attack>
  </attacks>
  <defenses armor="25" defense="25">
    <defense name="healing" interval="2000" chance="5" min="120" max="250">
      <attribute key="areaEffect" value="blueshimmer"/>
    </defense>
  </defenses>
  <immunities>
    <immunity paralyze="1"/>
    <immunity invisible="1"/>
    <immunity fire="1"/>
    <immunity lifedrain="1"/>
  </immunities>
  <loot>
    <item id="2148" countmax="100" chance="50000"/><!-- gold coin -->
    <item id="2152" countmax="2" chance="20000"/><!-- platinum coin -->
    <item id="2667" countmax="2" chance="40000"/><!-- fish -->
    <item id="2145" countmax="2" chance="1900"/><!-- small diamond -->
    <item id="2149" countmax="2" chance="1000"/><!-- small emerald -->
    <item id="2167" chance="910"/><!-- energy ring -->
    <item id="2168" chance="1000"/><!-- life ring -->
  </loot>
</monster>
