<?xml version="1.0" encoding="UTF-8"?>
<monster name="Betrayed Wraith" nameDescription="a betrayed wraith" race="blood" experience="3500" speed="310" manacost="0">
	<health now="4200" max="4200"/>
	<look type="252" corpse="5532"/>
	<targetchange interval="5000" chance="8"/>
	<strategy attack="100" defense="0"/>
	<flags>
		<flag summonable="0"/>
		<flag attackable="1"/>
		<flag hostile="1"/>
		<flag illusionable="1"/>
		<flag convinceable="0"/>
		<flag pushable="0"/>
		<flag canpushitems="1"/>
		<flag canpushcreatures="1"/>
		<flag targetdistance="1"/>
		<flag staticattack="90"/>
		<flag runonhealth="250"/>
	</flags>
	<attacks>
		<attack name="melee" interval="2000" skill="80" attack="100"/>
		<attack name="poison" interval="3000" chance="17" length="6" spread="3" min="-100" max="-350">
			<attribute key="areaEffect" value="yellowbubble"/>
		</attack>
		<attack name="speed" interval="1000" chance="25" range="1" target="1" speedchange="-600" duration="3000">
			<attribute key="areaEffect" value="redshimmer"/>
		</attack>
	</attacks>
	<defenses armor="15" defense="15">
		<defense name="healing" interval="1000" chance="50" min="150" max="200">
			<attribute key="areaEffect" value="blueshimmer"/>
		</defense>
		<defense name="invisible" interval="4000" chance="50" duration="4000">
			<attribute key="areaEffect" value="redshimmer"/>
		</defense>
		<defense name="speed" interval="1000" chance="12" speedchange="360" duration="30000">
			<attribute key="areaEffect" value="redshimmer"/>
		</defense>
	</defenses>
	<elements>
		<element deathPercent="100"/>
		<element firePercent="100"/>
		<element energyPercent="100"/>
		<element earthPercent="100"/>
		<element icePercent="50"/>
		<element holyPercent="-25"/>
	</elements>
	<immunities>
		<immunity lifedrain="1"/>
		<immunity paralyze="1"/>
		<immunity invisible="1"/>
	</immunities>
	<voices interval="5000" chance="10">
		<voice sentence="Rrrah!"/>
		<voice sentence="Gnarr!"/>
		<voice sentence="Tcharrr!"/>
	</voices>
	<loot>
    <item id="2417" chance="5650" /><!-- battle hammer -->
    <item id="2387" chance="30275" /><!-- double axe -->
    <item id="2148" countmax="100" chance="43100" /><!-- gold coin -->
    <item id="2148" countmax="100" chance="43100" /><!-- gold coin -->
    <item id="2148" countmax="20" chance="43100" /><!-- gold coin -->
    <item id="2152" countmax="8" chance="4075" /><!-- platinum coin -->
    <item id="2383" chance="5925" /><!-- spike sword -->
    <item id="1987" chance="100000"><!-- bag -->

	    <item id="2173" chance="2000" /><!-- amulet of loss -->
	    <item id="2547" countmax="15" chance="4700" /><!-- power bolts -->
            <item id="5022" countmax="2" chance="4200" /><!-- orichalcum pearl -->
            <item id="2145" countmax="4" chance="9800" /><!-- small diamond -->

    </item>
</loot>
</monster>
