<?xml version="1.0" encoding="UTF-8"?>
<monster name="Dark Torturer" nameDescription="a dark torturer" race="blood" experience="4650" speed="280" manacost="0">
	<health now="7350" max="7350"/>
	<look type="254" corpse="5529"/>
	<targetchange interval="5000" chance="8"/>
	<strategy attack="100" defense="0"/>
	<flags>
		<flag summonable="0"/>
		<flag attackable="1"/>
		<flag hostile="1"/>
		<flag illusionable="1"/>
		<flag convinceable="0"/>
		<flag pushable="0"/>
		<flag canpushitems="1"/>
		<flag canpushcreatures="1"/>
		<flag targetdistance="1"/>
		<flag staticattack="90"/>
		<flag runonhealth="0"/>
	</flags>
	<attacks>
		<attack name="melee" interval="2000" skill="90" attack="100"/>
		<attack name="physical" interval="3000" chance="17" range="7" min="0" max="-781">
			<attribute key="shootEffect" value="throwingknife"/>
		</attack>
		<attack name="physical" interval="3000" chance="17" length="4" spread="3" min="-0" max="-0">
			<attribute key="areaEffect" value="purplenote"/>
		</attack>
	</attacks>
	<defenses armor="25" defense="35">
		<defense name="healing" interval="5000" chance="10" min="75" max="125">
			<attribute key="areaEffect" value="blueshimmer"/>
		</defense>
	</defenses>
	<elements>
		<element earthPercent="90"/>
		<element energyPercent="30"/>
		<element deathPercent="10"/>
		<element icePercent="-10"/>
		<element holyPercent="-10"/>
	</elements>
	<immunities>
		<immunity invisible="1"/>
		<immunity fire="1"/>
	</immunities>
	<voices interval="3000" chance="10">
		<voice sentence="You like it, don't you?"/>
		<voice sentence="The torturer is in!"/>
		<voice sentence="It's party time!"/>
		<voice sentence="Harrr, Harrr!"/>
		<voice sentence="IahaEhheAie!"/>
	</voices>
	<loot>
    <item id="5022" countmax="2" chance="600" /><!-- orichalcum pearl -->
    <item id="2558" chance="1800" /><!-- saw -->
    <item id="2152" countmax="6" chance="4950" /><!-- platinum coin -->
    <item id="2645" chance="625" /><!-- steel boots -->
    <item id="1987" chance="100000"><!-- bag -->

            <item id="2148" countmax="100" chance="34800" /><!-- gold coin -->
            <item id="2148" countmax="99" chance="34800" /><!-- gold coin -->
	    <item id="2152" countmax="8" chance="5800" /><!-- platinum coin -->
            <item id="2671" countmax="2" chance="65875" /><!-- ham -->
            <item id="2470" chance="300" /><!-- golden legs -->       


    </item>
</loot>






</monster>