<?xml version="1.0" encoding="UTF-8"?>
<monster name="Defiler" nameDescription="a defiler" race="venom" experience="3700" speed="260" manacost="0">
	<health now="3650" max="3650"/>
	<look type="251" corpse="5521"/>
	<targetchange interval="5000" chance="8"/>
	<strategy attack="100" defense="0"/>
	<flags>
		<flag summonable="0"/>
		<flag attackable="1"/>
		<flag hostile="1"/>
		<flag illusionable="1"/>
		<flag convinceable="0"/>
		<flag pushable="0"/>
		<flag canpushitems="1"/>
		<flag canpushcreatures="1"/>
		<flag targetdistance="1"/>
		<flag staticattack="90"/>
		<flag runonhealth="0"/>
	</flags>
	<attacks>
		<attack name="melee" interval="2000" skill="50" attack="80"/>
		<attack name="speed" interval="1000" chance="12" radius="6" target="0" speedchange="-400" duration="10000">
			<attribute key="areaEffect" value="poison"/>
		</attack>
		<attack name="physical" interval="2000" chance="17" range="7" min="-250" max="-450">
			<attribute key="shootEffect" value="poison"/>
		</attack>
		</attacks>
	<defenses armor="15" defense="15">
		<defense name="healing" interval="1000" chance="50" min="75" max="225">
			<attribute key="areaEffect" value="blueshimmer"/>
		</defense>
	</defenses>
	<elements>
		<element earthPercent="100"/>
		<element energyPercent="50"/>
		<element icePercent="40"/>
		<element firePercent="-20"/>
	</elements>
	<immunities>
		<immunity paralyze="1"/>
		<immunity invisible="1"/>
	</immunities>
	<voices interval="5000" chance="10">
		<voice sentence="Blubb"/>
	</voices>
	<loot>
    <item id="2148" countmax="100" chance="49175" /><!-- gold coin -->
    <item id="2148" countmax="100" chance="49175" /><!-- gold coin -->
    <item id="2148" countmax="80" chance="49175" /><!-- gold coin -->
    <item id="2152" countmax="4" chance="5100" /><!-- platinum coin -->
    <item id="2151" chance="2350" /><!-- talon -->
    <item id="2149" countmax="3" chance="2250" /><!-- small emerald -->
    <item id="2155" chance="550" /><!-- green gem -->
    <item id="1987" chance="100000"><!-- bag -->

            <item id="2154" chance="1275" /><!-- yellow gem -->
            <item id="2147" countmax="2" chance="1625" /><!-- small ruby -->
            <item id="2145" chance="175" /><!-- small diamond -->
            <item id="2156" chance="900" /><!-- red gem -->
            <item id="2158" chance="900" /><!-- blue gem -->

    </item>
</loot>
</monster>



