<?xml version="1.0" encoding="UTF-8"?>
<monster name="Destroyer" nameDescription="a destroyer" race="blood" experience="2500" speed="380" manacost="0">
	<health now="3700" max="3700"/>
	<look type="255" corpse="5531"/>
	<targetchange interval="5000" chance="8"/>
	<strategy attack="100" defense="0"/>
	<flags>
		<flag summonable="0"/>
		<flag attackable="1"/>
		<flag hostile="1"/>
		<flag illusionable="1"/>
		<flag convinceable="0"/>
		<flag pushable="0"/>
		<flag canpushitems="1"/>
		<flag canpushcreatures="1"/>
		<flag targetdistance="1"/>
		<flag staticattack="90"/>
		<flag runonhealth="0"/>
	</flags>
	<attacks>
		<attack name="melee" interval="2000" skill="90" attack="90"/>
		<attack name="physical" interval="2000" chance="10" range="6" min="0" max="-200">
			<attribute key="shootEffect" value="largerock"/>
		</attack>
	</attacks>
	<defenses armor="30" defense="35">
		<defense name="speed" interval="1000" chance="7" speedchange="90" duration="8000">
			<attribute key="areaEffect" value="redshimmer"/>
		</defense>
	</defenses>
	<elements>
		<element energyPercent="100"/>
		<element firePercent="30"/>
		<element physicalPercent="20"/>
		<element earthPercent="20"/>
		<element deathPercent="20"/>
		<element icePercent="-15"/>
		<element holyPercent="-3"/>
	</elements>
	<immunities>
		<immunity paralyze="1"/>
		<immunity invisible="1"/>
	</immunities>
	<voices interval="5000" chance="10">
		<voice sentence="COME HERE AND DIE!" yell="1"/>
		<voice sentence="Destructiooooon!"/>
		<voice sentence="It's a good day to destroy!"/>
	</voices>
	<loot>
    <item id="2148" countmax="100" chance="39275" /><!-- gold coin -->
    <item id="2148" countmax="100" chance="39275" /><!-- gold coin -->
    <item id="2148" countmax="100" chance="39275" /><!-- gold coin -->
    <item id="2148" countmax="41" chance="39275" /><!-- gold coin -->
    <item id="2666" chance="54525" /><!-- meat -->
    <item id="2150" countmax="2" chance="5550" /><!-- small amethyst -->
    <item id="2416" chance="15700" /><!-- crowbar -->
    <item id="2463" chance="5050" /><!-- plate armor -->
    <item id="2553" chance="6600" /><!-- pick -->
    <item id="2178" chance="800" /><!-- mind stone -->
    <item id="2489" chance="11100" /><!-- dark armor -->
    <item id="2645" chance="1100" /><!-- steel boots -->
    <item id="2546" countmax="12" chance="5625" /><!-- burst arrow -->
    <item id="1987" chance="100000"><!-- bag -->

            <item id="2152" countmax="3" chance="5020" /><!-- platinum coin -->
            <item id="2125" chance="400" /><!-- crystal necklace -->
            <item id="2393" chance="850" /><!-- giant sword -->

    </item>
</loot>






</monster>
