<?xml version="1.0" encoding="UTF-8"?>
<monster name="Diabolic Imp" nameDescription="a diabolic imp" race="blood" experience="2900" speed="320" manacost="0">
	<health now="1950" max="1950"/>
	<look type="253" corpse="5520"/>
	<targetchange interval="5000" chance="8"/>
	<strategy attack="100" defense="0"/>
	<flags>
		<flag summonable="0"/>
		<flag attackable="1"/>
		<flag hostile="1"/>
		<flag illusionable="1"/>
		<flag convinceable="0"/>
		<flag pushable="0"/>
		<flag canpushitems="1"/>
		<flag canpushcreatures="1"/>
		<flag targetdistance="4"/>
		<flag staticattack="90"/>
		<flag runonhealth="400"/>
	</flags>
	<attacks>
		<attack name="melee" interval="2000" skill="70" attack="60" poison="160"/>
		<attack name="fire" interval="4000" chance="50" range="4" radius="4" target="1" min="-100" max="-240">
			<attribute key="shootEffect" value="fire"/>
			<attribute key="areaEffect" value="firearea"/>
		</attack>
		<attack name="fire" interval="3000" chance="34" range="4" radius="2" target="1" min="-300" max="-430">
			<attribute key="shootEffect" value="fire"/>
		</attack>
	</attacks>
	<defenses armor="15" defense="15">
		<defense name="healing" interval="5000" chance="60" min="200" max="300">
			<attribute key="areaEffect" value="blueshimmer"/>
		</defense>
		<defense name="speed" interval="4000" chance="40" speedchange="1000" duration="2000">
			<attribute key="areaEffect" value="redshimmer"/>
		</defense>
		<defense name="invisible" interval="4000" chance="50" duration="2000">
			<attribute key="areaEffect" value="redshimmer"/>
		</defense>
	</defenses>
	<elements>
		<element firePercent="100"/>
		<element earthPercent="50"/>
		<element deathPercent="10"/>
		<element icePercent="-10"/>
		<element holyPercent="-5"/>
	</elements>
	<immunities>
		<immunity lifedrain="1"/>
		<immunity paralyze="1"/>
		<immunity invisible="1"/>
	</immunities>
	<voices interval="5000" chance="10">
		<voice sentence="Muahaha!"/>
		<voice sentence="He he he!"/>
	</voices>
	<loot>

    <item id="2568" chance="11450" /><!-- cleaver -->
    <item id="2419" chance="5350" /><!-- scimitar -->
    <item id="2260" countmax="2" chance="10125" /><!-- blank rune -->
    <item id="2148" countmax="100" chance="46775" /><!-- gold coin -->
    <item id="2148" countmax="100" chance="46775" /><!-- gold coin -->
    <item id="2548" chance="10550" /><!-- pitchfork -->
    <item id="2150" countmax="3" chance="1775" /><!-- small amethyst -->
    <item id="2152" countmax="7" chance="2350" /><!-- platinum coin -->
    <item id="1987" chance="100000"><!-- bag -->

            <item id="2515" chance="3100" /><!-- guardian shield -->
            <item id="2387" chance="2300" /><!-- double axe -->
            <item id="2165" chance="1900" /><!-- stealth ring -->

    </item>
</loot>






</monster>
