<?xml version="1.0" encoding="UTF-8"?>
<monster name="Fury" nameDescription="a fury" race="blood" experience="4500" speed="460" manacost="0">
	<health now="4100" max="4100"/>
	<look type="192" head="94" body="77" legs="96" feet="0" addons="3" corpse="3065"/>
	<targetchange interval="5000" chance="25"/>
	<strategy attack="100" defense="0"/>
	<flags>
		<flag summonable="0"/>
		<flag attackable="1"/>
		<flag hostile="1"/>
		<flag illusionable="1"/>
		<flag convinceable="0"/>
		<flag pushable="0"/>
		<flag canpushitems="1"/>
		<flag canpushcreatures="1"/>
		<flag targetdistance="1"/>
		<flag staticattack="95"/>
		<flag runonhealth="0"/>
	</flags>
	<attacks>
		<attack name="melee" interval="2000" skill="80" attack="113"/>
		<attack name="death" interval="2000" chance="10" range="7" target="1" min="-0" max="-250">
			<attribute key="shootEffect" value="death"/>
			<attribute key="areaEffect" value="mortarea"/>
		</attack>
		<attack name="death" interval="4000" chance="20" range="7" radius="4" target="0" min="-0" max="-300">
			<attribute key="areaEffect" value="redspark"/>
		</attack>
		<attack name="melee" interval="4000" chance="20" range="7" radius="4" target="0" min="-0" max="-0">
			<attribute key="areaEffect" value="yellownote"/>
		</attack>
		<attack name="fire" interval="1500" chance="10" length="5" spread="3" min="-200" max="-300">
			<attribute key="areaEffect" value="explosionarea"/>
		</attack>
		<attack name="death" interval="2250" chance="10" length="8" spread="0" min="-0" max="-700">
			<attribute key="areaEffect" value="redspark"/>
		</attack>
		<attack name="lifedrain" interval="2000" chance="15" radius="3"  min="-0" max="-300">
			<attribute key="areaEffect" value="blackspark"/>
		</attack>
	</attacks>
	<defenses armor="20" defense="20">
		<defense name="speed" interval="2000" chance="20" speedchange="266" duration="2000">
			<attribute key="areaEffect" value="redshimmer"/>
		</defense>
	</defenses>
	<elements>
		<element firePercent="100"/>
		<element icePercent="30"/>
		<element holyPercent="30"/>
		<element deathPercent="-10"/>
		<element energyPercent="-10"/>
		<element earthPercent="-10"/>
		<element physicalPercent="-10"/>
	</elements>
	<immunities>
		<immunity paralyze="1"/>
		<immunity invisible="1"/>
	</immunities>
	<voices interval="3000" chance="30">
		<voice sentence="Ahhhhrrrr!"/>
		<voice sentence="Waaaaah!"/>
		<voice sentence="Carnage!"/>
	</voices>
	<loot>
    <item id="2148" countmax="100" chance="43275" /><!-- gold coin -->
    <item id="2148" countmax="100" chance="43275" /><!-- gold coin -->
    <item id="2148" countmax="32" chance="43275" /><!-- gold coin -->
    <item id="2666" countmax="2" chance="3275" /><!-- meat -->
    <item id="2152" countmax="3" chance="5375" /><!-- platinum coin -->
    <item id="2150" countmax="3" chance="4375" /><!-- small amethyst -->
    <item id="1987" chance="100000"><!-- bag -->

            <item id="2645" chance="850" /><!-- steel boots -->
            <item id="2470" chance="450" /><!-- golden legs -->            
	    <item id="2124" chance="1150" /><!-- Crystal Ring -->
            <item id="5022" countmax="4" chance="1300" /><!-- orichalcum pearl -->

    </item>
</loot>











</monster>
