<?xml version="1.0" encoding="UTF-8"?>
<monster name="Hellhound" nameDescription="a hellhound" race="blood" experience="6800" speed="310" manacost="0">
	<health now="7500" max="7500"/>
	<look type="249" corpse="5528"/>
	<targetchange interval="5000" chance="8"/>
	<strategy attack="100" defense="0"/>
	<flags>
		<flag summonable="0"/>
		<flag attackable="1"/>
		<flag hostile="1"/>
		<flag illusionable="1"/>
		<flag convinceable="0"/>
		<flag pushable="0"/>
		<flag canpushitems="1"/>
		<flag canpushcreatures="1"/>
		<flag targetdistance="1"/>
		<flag staticattack="60"/>
		<flag runonhealth="0"/>
	</flags>
	<attacks>
		<attack name="melee" interval="2000" skill="70" attack="130"/>
		<attack name="physical" interval="2000" chance="20" length="8" spread="3" min="-200" max="-600">
			<attribute key="areaEffect" value="poison"/>
		</attack>
		<attack name="physical" interval="2000" chance="25" range="7" min="-100" max="-480">
			<attribute key="areaEffect" value="mortarea"/>
		</attack>
		<attack name="physical" interval="3000" chance="19" length="8" spread="3" min="-250" max="-660">
			<attribute key="areaEffect" value="firearea"/>
		</attack>
		<attack name="poison" interval="1000" chance="23" range="7" min="-150" max="-400">
			<attribute key="shootEffect" value="poison"/>
			<attribute key="areaEffect" value="poison"/>
		</attack>
	</attacks>
	<defenses armor="25" defense="35"/>
	<elements>
		<element firePercent="100"/>
		<element earthPercent="20"/>
		<element energyPercent="10"/>
		<element icePercent="-5"/>
		<element holyPercent="-5"/>
	</elements>
	<immunities>
		<immunity paralyze="1"/>
		<immunity outfit="1"/>
		<immunity drunk="1"/>
		<immunity invisible="1"/>
	</immunities>
	<voices interval="5000" chance="10">
		<voice sentence="GROOOWL!"/>
		<voice sentence="GRRRRR!"/>
	</voices>
	<loot>
    <item id="2152" countmax="7" chance="5075" /><!-- platinum coin -->
    <item id="2148" countmax="100" chance="40025" /><!-- gold coin -->
    <item id="2671" chance="30350" /><!-- ham -->
    <item id="2383" chance="4825" /><!-- spike sword -->
    <item id="1987" chance="100000"><!-- bag -->

            <item id="2430" chance="3850" /><!-- knight axe -->
            <item id="2392" chance="950" /><!-- fire sword -->
            <item id="2144" countmax="4" chance="5350" /><!-- black pearl -->
            <item id="2393" chance="1375" /><!-- giant sword -->
            <item id="2231" chance="700" /><!-- big bone -->
            <item id="4873" chance="100" /><!-- brooch -->

    </item>
</loot>








</monster>
