<?xml version="1.0" encoding="UTF-8"?>
<monster name="Hellfire Fighter" nameDescription="a hellfire fighter" race="fire" experience="3900" speed="260" manacost="0">
	<health now="3800" max="3800"/>
	<look type="246" corpse="5530"/>
	<targetchange interval="5000" chance="8"/>
	<strategy attack="100" defense="0"/>
	<flags>
		<flag summonable="0"/>
		<flag attackable="1"/>
		<flag hostile="1"/>
		<flag illusionable="1"/>
		<flag convinceable="0"/>
		<flag pushable="0"/>
		<flag canpushitems="1"/>
		<flag canpushcreatures="1"/>
		<flag targetdistance="1"/>
		<flag staticattack="90"/>
		<flag runonhealth="0"/>
	</flags>
	<attacks>
		<attack name="melee" interval="2000" skill="120" attack="80"/>
		<attack name="firefield" interval="3000" chance="30" range="7" radius="4" target="0">
			<attribute key="shootEffect" value="fire"/>
		</attack>
		<attack name="fire" interval="2000" chance="40" range="5" length="8" spread="3" min="-700" max="-1115">
			<attribute key="areaEffect" value="firearea"/>
		</attack>
		<attack name="melee" interval="1000" chance="25" range="7" radius="3" target="0" min="-150" max="-250">
			<attribute key="areaEffect" value="explosionarea"/>
		</attack>
	</attacks>
	<defenses armor="25" defense="25"/>
	<elements>
		<element firePercent="100"/>
		<element energyPercent="40"/>
		<element physicalPercent="24"/>
		<element deathPercent="22"/>
		<element icePercent="-20"/>
	</elements>
	<immunities>
		<immunity paralyze="1"/>
		<immunity invisible="1"/>
	</immunities>
	<loot>
    <item id="2148" countmax="100" chance="42525" /><!-- gold coin -->
    <item id="2148" countmax="100" chance="42525" /><!-- gold coin -->
    <item id="2148" countmax="31" chance="42525" /><!-- gold coin -->
    <item id="2239" chance="47850" /><!-- burnt scroll -->
    <item id="2260" chance="21925" /><!-- blank rune -->
    <item id="2260" chance="21925" /><!-- blank rune -->
    <item id="2432" chance="850" /><!-- fire axe -->
    <item id="2392" chance="1550" /><!-- fire sword -->
    <item id="1987" chance="100000"><!-- bag -->

            <item id="2127" chance="2125" /><!-- emerald bangle -->
            <item id="2145" countmax="2" chance="1775" /><!-- small diamond -->
            <item id="2152" chance="6000" /><!-- platinum coin -->
            <item id="2136" chance="175" /><!-- demonbone amulet -->

    </item>
</loot>








</monster>
