<?xml version="1.0" encoding="UTF-8"?>
<monster name="Juggernaut" nameDescription="a juggernaut" race="blood" experience="14000" speed="500" manacost="0">
	<health now="20000" max="20000"/>
	<look type="244" corpse="5527"/>
	<targetchange interval="5000" chance="8"/>
	<strategy attack="100" defense="0"/>
	<flags>
		<flag summonable="0"/>
		<flag attackable="1"/>
		<flag hostile="1"/>
		<flag illusionable="1"/>
		<flag convinceable="0"/>
		<flag pushable="0"/>
		<flag canpushitems="1"/>
		<flag canpushcreatures="1"/>
		<flag targetdistance="1"/>
		<flag staticattack="95"/>
		<flag runonhealth="0"/>
	</flags>
	<attacks>
		<attack name="melee" interval="2000" skill="120" attack="160"/>
		<attack name="physical" interval="2000" chance="27" range="7" min="-0" max="-780">
		<attribute key="shootEffect" value="largerock"/>
		</attack>
	</attacks>
	<defenses armor="15" defense="15">
		<defense name="speed" interval="1000" chance="12" speedchange="294" duration="4000">
		<attribute key="areaEffect" value="redshimmer"/>
		</defense>
	</defenses>
	<elements>
		<element physicalPercent="20"/>
		<element firePercent="30"/>
		<element icePercent="10"/>
		<element earthPercent="20"/>
		<element energyPercent="-10"/>
		<element holyPercent="-5"/>
	</elements>
	<immunities>
		<immunity paralyze="1"/>
		<immunity invisible="1"/>
	</immunities>
	<voices interval="5000" chance="30">
		<voice sentence="WAHHHH!" yell="1"/>
		<voice sentence="RAAARRR!" yell="1"/>
		<voice sentence="GRRRRRR!" yell="1"/>
	</voices>
	<loot>
    <item id="2671" chance="86200" /><!-- ham -->
    <item id="2148" countmax="100" chance="40825" /><!-- gold coin -->
    <item id="2148" countmax="100" chance="40825" /><!-- gold coin -->
    <item id="2148" countmax="100" chance="40825" /><!-- gold coin -->
    <item id="2148" countmax="100" chance="40825" /><!-- gold coin -->
    <item id="2149" countmax="5" chance="1825" /><!-- small Emeralds -->
    <item id="2147" countmax="4" chance="1525" /><!-- small rubies -->
    <item id="2228" chance="7000" /><!-- broken pottery -->
    <item id="2220" chance="5000" /><!-- dirty fur -->

    <item id="1987" chance="100000"><!-- bag -->

            <item id="2152" countmax="7" chance="5775" /><!-- platinum coin -->
            <item id="2514" chance="375" /><!-- mastermind shield -->
            <item id="2452" chance="190" /><!-- heavy mace -->
            <item id="2136" chance="200" /><!-- demonbone amulet -->
            <item id="2470" chance="375" /><!-- golden legs -->
            <item id="2153" chance="975" /><!-- violet gem -->
            <item id="2466" chance="575" /><!-- golden armor -->

    </item>
</loot>






</monster>
