<?xml version="1.0" encoding="UTF-8"?>
<monster name="Lost Soul" nameDescription="a lost soul" race="undead" experience="4000" speed="250" manacost="0">
	<health now="5800" max="5800"/>
	<look type="250" corpse="5534"/>
	<targetchange interval="5000" chance="8"/>
	<strategy attack="100" defense="0"/>
	<flags>
		<flag summonable="0"/>
		<flag attackable="1"/>
		<flag hostile="1"/>
		<flag illusionable="1"/>
		<flag convinceable="0"/>
		<flag pushable="0"/>
		<flag canpushitems="1"/>
		<flag canpushcreatures="1"/>
		<flag targetdistance="1"/>
		<flag staticattack="90"/>
		<flag runonhealth="0"/>
	</flags>
	<attacks>
		<attack name="melee" interval="2000" skill="60" attack="120"/>
		<attack name="lifedrain" interval="1000" chance="20" range="7" radius="4" target="0" min="-150" max="-250">
			<attribute key="shootEffect" value="burstarrow"/>
			<attribute key="areaEffect" value="redshimmer"/>
		</attack>
		<attack name="speed" interval="2000" chance="20" range="1" target="1" speedchange="-400" duration="30000">
			<attribute key="areaEffect" value="redshimmer"/>
		</attack>
		<attack name="physical" interval="1000" chance="20" range="7" radius="7" target="0" min="-100" max="-220">
			<attribute key="areaEffect" value="yellowbubble"/>
		</attack>
	</attacks>
	<defenses armor="25" defense="35">
		<defense name="speed" interval="1000" chance="35" speedchange="370" duration="30000">
			<attribute key="areaEffect" value="redshimmer"/>
		</defense>
	</defenses>
	<elements>
		<element firePercent="100"/>
		<element deathPercent="100"/>
		<element earthPercent="100"/>
		<element icePercent="50"/>
		<element energyPercent="10"/>
		<element holyPercent="-25"/>
	</elements>
	<immunities>
		<immunity paralyze="1"/>
		<immunity invisible="1"/>
	</immunities>
	<voices interval="5000" chance="30">
		<voice sentence="Forgive Meeeee!"/>
		<voice sentence="Mouuuurn meeee!"/>
	</voices>
	<loot>
    <item id="2483" chance="8675" /><!-- scale armor -->
    <item id="2144" countmax="3" chance="1325" /><!-- black pearl -->
    <item id="2143" countmax="3" chance="1300" /><!-- white pearl -->
    <item id="2197" chance="950" /><!-- stone skin amulet -->
    <item id="2260" chance="32750" /><!-- blank rune -->
    <item id="2457" chance="9275" /><!-- steel helmet -->
    <item id="1987" chance="100000"><!-- bag -->

            <item id="2463" chance="10000" /><!-- plate armor -->
            <item id="2148" countmax="100" chance="43325" /><!-- gold coin -->
            <item id="2148" countmax="98" chance="43325" /><!-- gold coin -->
            <item id="2152" countmax="7" chance="4875" /><!-- platinum coin -->
            <item id="2156" chance="875" /><!-- red gem -->
            <item id="2133" chance="750" /><!-- ruby necklace -->
            <item id="2436" chance="1100" /><!-- skull staff -->
            <item id="2528" chance="900" /><!-- tower shield -->

    </item>
</loot>








</monster>
