<?xml version="1.0" encoding="UTF-8"?>
<monster name="Massacre" nameDescription="the massacre" race="blood" experience="9800" speed="390" manacost="0">
	<health now="32000" max="32000"/>
	<look type="244" corpse="5527"/>
	<targetchange interval="60000" chance="0"/>
	<strategy attack="100" defense="0"/>
	<flags>
		<flag summonable="0"/>
		<flag attackable="1"/>
		<flag hostile="1"/>
		<flag illusionable="1"/>
		<flag convinceable="0"/>
		<flag pushable="0"/>
		<flag canpushitems="1"/>
		<flag canpushcreatures="1"/>
		<flag targetdistance="1"/>
		<flag staticattack="90"/>
		<flag runonhealth="0"/>
	</flags>
	<attacks>
		<attack name="melee" interval="2000" skill="160" attack="150"/>
		<attack name="physical" interval="2000" chance="24" range="7" min="-280" max="-500">
			<attribute key="shootEffect" value="largerock"/>
		</attack>
	</attacks>
	<defenses armor="15" defense="15">
		<defense name="speed" interval="2000" chance="15" speedchange="380" duration="4000">
			<attribute key="areaEffect" value="redshimmer"/>
		</defense>
	</defenses>
	<immunities>
		<immunity physical="0"/>
		<immunity energy="1"/>
		<immunity fire="1"/>
		<immunity poison="1"/>
		<immunity lifedrain="1"/>
		<immunity paralyze="1"/>
		<immunity outfit="1"/>
		<immunity drunk="1"/>
		<immunity invisible="1"/>
	</immunities>
	<voices interval="5000" chance="30">
		<voice sentence="HATE! HATE! KILL! KILL!" yell="1"/>
		<voice sentence="GRRAAARRRHH!" yell="1"/>
		<voice sentence="GRRRR!" yell="1"/>
	</voices>
	<loot>
    <item id="2221" chance="45700" /><!-- old twig -->
    <item id="2176" chance="8575" /><!-- orb -->
    <item id="5022" countmax="6" chance="10000" /><!-- Orichalcum Pearls -->
    <item id="2231" chance="8575" /><!-- big bone -->
    <item id="2666" countmax="9" chance="50000" /><!-- meat -->
    <item id="1987" chance="100000"><!-- bag -->

            <item id="2152" countmax="6" chance="30950" /><!-- platinum coin -->
            <item id="2522" chance="5000" /><!-- great shield -->
 	    <item id="2466" chance="5000" /><!-- golden armor -->
            <item id="2148" countmax="100" chance="61425" /><!-- gold coin -->
            <item id="2148" countmax="22" chance="61425" /><!-- gold coin -->

    </item>
</loot>








</monster>
