<?xml version="1.0" encoding="UTF-8"?>
<monster name="Nightstalker" nameDescription="a nightstalker" experience="500" speed="260" race="undead">
	<health now="700" max="700"/>
	<strategy attack="100" defense="0"/>
	<targetchange speed="0" chance="8"/>
	<look type="320" corpse="9915"/>
	<flags>
		<flag summonable="0"/>
		<flag attackable="1"/>
		<flag hostile="1"/>
		<flag illusionable="0"/>
		<flag convinceable="0"/>
		<flag pushable="0"/>
		<flag canpushitems="1"/>
		<flag canpushcreatures="1"/>
		<flag targetdistance="1"/>
		<flag staticattack="90"/>
		<flag runonhealth="0"/> 
	</flags>
	<attacks>
		<attack name="melee" interval="2000" skill="50" attack="30" poison="80"/>
		<attack name="speed" interval="3000" chance="10" range="7" target="1" duration="30000" speedchange="-100">
			<attribute key="areaEffect" value="sleep"/>
		</attack>
		<attack name="holy" interval="3000" chance="10" range="4" radius="1" target="1" min="-60" max="-170">
			<attribute key="shootEffect" value="smallholy"/>
			<attribute key="areaEffect" value="holyarea"/>
		</attack>
	</attacks>
	<defenses armor="10" defense="10">
		<defense name="speed" interval="3000" chance="15" speedchange="54" duration="8000">
			<attribute key="areaEffect" value="redshimmer"/>
		</defense>
		<defense name="invisible" interval="5000" chance="20" duration="5000">
			<attribute key="areaEffect" value="yellowbubble"/>
		</defense>
		<defense name="outfit" interval="3000" chance="10" monster="werewolf" duration="6000">
			<attribute key="areaEffect" value="bigclouds"/>
		</defense>
		<defense name="outfit" interval="3000" chance="10" monster="the count" duration="6000">
			<attribute key="areaEffect" value="bigclouds"/>
		</defense>
		<defense name="outfit" interval="3000" chance="10" monster="grim reaper" duration="6000">
			<attribute key="areaEffect" value="bigclouds"/>
		</defense>
		<defense name="outfit" interval="3000" chance="10" monster="tarantula" duration="6000">
			<attribute key="areaEffect" value="bigclouds"/>
		</defense>
		<defense name="outfit" interval="3000" chance="10" monster="ferumbras" duration="6000">
			<attribute key="areaEffect" value="bigclouds"/>
		</defense>
	</defenses>
	<elements>
		<element physicalPercent="-5"/>
		<element energyPercent="-5"/>
		<element deathPercent="-5"/>
		<element icePercent="20"/>
		<element holyPercent="20"/>
	</elements>
	<immunities>
		<immunity paralyze="1"/>
		<immunity invisible="1"/> 
	</immunities> 
	<voices speed="5000" chance="10">
		<voice sentence="The sunlight is so depressing." yell="1"/>
		<voice sentence="Come with me, my child." yell="1"/>
		<voice sentence="I've been in the shadow under your bed last night." yell="1"/>
		<voice sentence="You never know what hides in the night."/>
		<voice sentence="I remember your face - and I know where you sleep"/>
	</voices>
	<loot>
    <item id="2148" countmax="100" chance="35800" /><!-- gold coin -->
    <item id="2148" countmax="10" chance="35800" /><!-- gold coin -->
    <item id="2804" chance="4525" /><!-- shadow herb -->
    <item id="2200" chance="1000" /><!-- protection amulet -->
    <item id="2195" chance="100" /><!-- boots of haste -->
    <item id="1987" chance="100000"><!-- bag -->

            <item id="2124" chance="1000" /><!-- crystal ring -->
            <item id="2171" chance="225" /><!-- platinum amulet -->

    </item>
</loot>







</monster>
