<?xml version="1.0" encoding="UTF-8"?>
<monster name="Phantasm" nameDescription="a phantasm" race="undead" experience="4400" speed="280" manacost="0">
	<health now="3950" max="3950"/>
	<look type="247" head="20" corpse="5525"/>
	<targetchange interval="5000" chance="8"/>
	<strategy attack="100" defense="0"/>
	<flags>
		<flag summonable="0"/>
		<flag attackable="1"/>
		<flag hostile="1"/>
		<flag illusionable="1"/>
		<flag convinceable="0"/>
		<flag pushable="0"/>
		<flag canpushitems="1"/>
		<flag canpushcreatures="1"/>
		<flag targetdistance="1"/>
		<flag staticattack="90"/>
		<flag runonhealth="0"/>
	</flags>
	<attacks>
		<attack name="melee" interval="2000" skill="90" attack="95"/>
		<attack name="poison" interval="2000" chance="10" range="7" radius="4" target="1" min="-150" max="-300">
			<attribute key="shootEffect" value="poison"/>
			<attribute key="areaEffect" value="poison"/>
		</attack>
		<attack name="poisonfield" interval="1000" chance="17" range="7" radius="3" target="1">
			<attribute key="shootEffect" value="poison"/>
		</attack>
		<attack name="manadrain" interval="3000" chance="25" range="7" min="-100" max="-300">
			<attribute key="areaEffect" value="redshimmer"/>
	</attack>
	</attacks>
	<defenses armor="25" defense="20">
		<defense name="healing" interval="1000" chance="50" min="75" max="125">
			<attribute key="areaEffect" value="blueshimmer"/>
		</defense>
	</defenses>
	<elements>
		<element deathPercent="100"/>
		<element physicalPercent="100"/>
		<element earthPercent="20"/>
		<element icePercent="20"/>
		<element holyPercent="-10"/>
		<element firePercent="-10"/>
		<element energyPercent="-10"/>
	</elements>
	<immunities>
		<immunity paralyze="1"/>
		<immunity invisible="1"/>
	</immunities>
	<voices interval="5000" chance="10">
		<voice sentence="Oh my, you forgot to put your pants on!"/>
		<voice sentence="Weeheeheeheehee!"/>
		<voice sentence="Its nothing but a dream!"/>
		<voice sentence="Give in!"/>
	</voices>
	<summons maxSummons="2">
		<summon name="Phantasm Summon" interval="3000" chance="20" max="2"/>
	</summons>
	<loot>
    <item id="2148" countmax="100" chance="46950" /><!-- gold coin -->
    <item id="2148" countmax="100" chance="46950" /><!-- gold coin -->
    <item id="2148" countmax="33" chance="46950" /><!-- gold coin -->
    <item id="2260" chance="21250" /><!-- blank rune -->
    <item id="2260" chance="21250" /><!-- blank rune -->
    <item id="2804" chance="27100" /><!-- shadow herb -->
    <item id="2149" countmax="3" chance="1675" /><!-- small emerald -->
    <item id="2150" countmax="3" chance="1275" /><!-- small amethyst -->
    <item id="2147" countmax="3" chance="2075" /><!-- small ruby -->
    <item id="1987" chance="100000"><!-- bag -->

            <item id="2152" countmax="4" chance="5350" /><!-- platinum coin -->
            <item id="2487" chance="925" /><!-- crown armor -->
            <item id="2165" chance="475" /><!-- stealth ring -->

    </item>
</loot>








</monster>
