<?xml version="1.0" encoding="UTF-8"?>
<monster name="Plaguesmith" nameDescription="a plaguesmith" race="blood" experience="4500" speed="340" manacost="0">
	<health now="8250" max="8250"/>
	<look type="243" corpse="5522"/>
	<targetchange interval="5000" chance="20"/>
	<strategy attack="100" defense="0"/>
	<flags>
		<flag summonable="0"/>
		<flag attackable="1"/>
		<flag hostile="1"/>
		<flag illusionable="1"/>
		<flag convinceable="0"/>
		<flag pushable="0"/>
		<flag canpushitems="1"/>
		<flag canpushcreatures="1"/>
		<flag targetdistance="1"/>
		<flag staticattack="90"/>
		<flag runonhealth="500"/>
	</flags>
	<attacks>
		<attack name="melee" interval="1500" skill="90" attack="100" poison="200"/>
		<attack name="earth" interval="4000" chance="20" range="7" radius="4" target="0" min="-60" max="-110">
			<attribute key="areaEffect" value="poison"/>
		</attack>
		<attack name="poison" interval="5000" chance="17" length="4" spread="3" min="-100" max="-350">
			<attribute key="areaEffect" value="yellowbubble"/>
		</attack>
		<attack name="speed" interval="2000" chance="20" range="1" target="0" speedchange="-800" duration="30000">
			<attribute key="areaEffect" value="greenshimmer"/>
		</attack>
	</attacks>
	<defenses armor="25" defense="25">
		<defense name="healing" interval="5000" chance="10" min="75" max="125">
			<attribute key="areaEffect" value="blueshimmer"/>
		</defense>
		<defense name="speed" interval="4000" chance="25" speedchange="182" duration="6000">
			<attribute key="areaEffect" value="redshimmer"/>
		</defense>
	</defenses>
	<elements>
		<element earthPercent="100"/>
		<element firePercent="30"/>
		<element icePercent="20"/>
		<element deathPercent="10"/>
		<element energyPercent="-10"/>
		<element holyPercent="-10"/>
	</elements>
	<immunities>
		<immunity paralyze="1"/>
		<immunity invisible="1"/>
	</immunities>
	<voices interval="3000" chance="30">
		<voice sentence="You are looking a bit feverish today!"/>
		<voice sentence="You don't look that good!"/>
		<voice sentence="Hachoo!"/>
		<voice sentence="Cough Cough!"/>
	</voices>
	<loot>
    <item id="2150" countmax="3" chance="2975" /><!-- small amethyst -->
    <item id="2394" chance="31100" /><!-- morning star -->
    <item id="2148" countmax="100" chance="42500" /><!-- gold coin -->
    <item id="2148" countmax="100" chance="42500" /><!-- gold coin -->
    <item id="2148" countmax="65" chance="42500" /><!-- gold coin -->
    <item id="2237" chance="59825" /><!-- dirty cape -->
    <item id="2509" chance="19975" /><!-- steel shield -->
    <item id="2225" chance="20000" /><!-- piece of iron -->
    <item id="2209" chance="5850" /><!-- club ring -->
    <item id="2152" countmax="2" chance="6000" /><!-- platinum coin -->
    <item id="2127" chance="575" /><!-- emerald bangle -->
    <item id="2377" chance="19500" /><!-- two handed sword -->
    <item id="1987" chance="100000"><!-- bag -->

            <item id="2417" chance="18850" /><!-- battle hammer -->
            <item id="2235" chance="50625" /><!-- moldy cheese -->
            <item id="2477" chance="3000" /><!-- knight legs -->
            <item id="2391" chance="1975" /><!-- war hammer -->
            <item id="2645" chance="975" /><!-- steel boots -->
            <item id="2134" chance="1550" /><!-- silver brooch -->
            <item id="2208" chance="4425" /><!-- axe ring -->

    </item>
</loot>






</monster>
