<?xml version="1.0" encoding="UTF-8"?>
<monster name="The Handmaiden" nameDescription="the handmaiden" race="blood" experience="7500" speed="450" manacost="0">
	<health now="15000" max="15000"/>
	<look type="257" corpse="5533"/>
	<targetchange interval="5000" chance="8"/>
	<strategy attack="100" defense="0"/>
	<flags>
		<flag summonable="0"/>
		<flag attackable="1"/>
		<flag hostile="1"/>
		<flag illusionable="1"/>
		<flag convinceable="0"/>
		<flag pushable="0"/>
		<flag canpushitems="1"/>
		<flag canpushcreatures="1"/>
		<flag targetdistance="1"/>
		<flag staticattack="70"/>
		<flag runonhealth="3100"/>
	</flags>
	<attacks>
		<attack name="melee" interval="2000" min="-0" max="-800"/>
		<attack name="manadrain" interval="2000" chance="25" range="7" min="-150" max="-800">
			<attribute key="areaEffect" value="blueshimmer"/>
		</attack>
		<attack name="drunk" interval="1000" chance="12" range="1" target="1"/>
	</attacks>
	<defenses armor="25" defense="35">
		<defense name="speed" interval="3000" chance="12" speedchange="380" duration="8000">
			<attribute key="areaEffect" value="redshimmer"/>
		</defense>
		<defense name="invisible" interval="4000" chance="50" duration="6000">
			<attribute key="areaEffect" value="redshimmer"/>
		</defense>
		<defense name="healing" interval="2000" chance="50" min="100" max="250">
			<attribute key="areaEffect" value="blueshimmer"/>
		</defense>
		<defense name="speed" interval="1000" chance="35" speedchange="370" duration="30000">
			<attribute key="areaEffect" value="redshimmer"/>
		</defense>
	</defenses>
	<immunities>
		<immunity physical="0"/>
		<immunity energy="1"/>
		<immunity fire="1"/>
		<immunity ice="1"/>
		<immunity poison="1"/>
		<immunity lifedrain="1"/>
		<immunity paralyze="1"/>
		<immunity outfit="1"/>
		<immunity drunk="1"/>
		<immunity invisible="1"/>
	</immunities>
	<loot>
    <item id="2521" chance="17400" /><!-- dark shield -->
    <item id="2152" countmax="5" chance="10425" /><!-- platinum coin -->
    <item id="2225" chance="73900" /><!-- piece of iron -->
    <item id="2656" chance="8700" /><!-- blue robe -->
    <item id="2645" chance="26100" /><!-- steel boots -->
    <item id="2176" chance="8700" /><!-- orb -->
    <item id="2165" chance="13050" /><!-- stealth ring -->
    <item id="1987" chance="100000"><!-- bag -->

            <item id="2146" countmax="3" chance="5800" /><!-- small sapphire -->
            <item id="2166" chance="17400" /><!-- power ring -->
            <item id="2231" chance="60875" /><!-- big bone -->
            <item id="2148" countmax="100" chance="45700" /><!-- gold coin -->
            <item id="2148" countmax="23" chance="45700" /><!-- gold coin -->
            <item id="2167" chance="8700" /><!-- energy ring -->

    </item>
</loot>










</monster>
