<?xml version="1.0" encoding="UTF-8"?>
<monster name="Undead Dragon" nameDescription="a undead dragon" race="undead" experience="7200" speed="300" manacost="0">
	<health now="8350" max="8350"/>
	<look type="248" corpse="5516"/>
	<targetchange interval="5000" chance="8"/>
	<strategy attack="100" defense="0"/>
	<flags>
		<flag summonable="0"/>
		<flag attackable="1"/>
		<flag hostile="1"/>
		<flag illusionable="1"/>
		<flag convinceable="0"/>
		<flag pushable="0"/>
		<flag canpushitems="1"/>
		<flag canpushcreatures="1"/>
		<flag targetdistance="1"/>
		<flag staticattack="90"/>
		<flag runonhealth="0"/>
	</flags>
	<attacks>
		<attack name="melee" interval="2000" skill="150" attack="60"/>
		<attack name="melee" interval="2000" chance="20" range="7" radius="4" target="1" min="-300" max="-395">
			<attribute key="shootEffect" value="fire"/>
			<attribute key="areaEffect" value="redspark"/>
		</attack>
		<attack name="physical" interval="3000" chance="10" range="7" min="-0" max="-500">
			<attribute key="areaEffect" value="mortarea"/>
		</attack>
		<attack name="poison" interval="2000" chance="20" range="7" radius="4" target="1" min="-120" max="-390">
			<attribute key="shootEffect" value="poison"/>
			<attribute key="areaEffect" value="poison"/>
		</attack>
		<attack name="poison" interval="1000" chance="23" range="7" min="-50" max="-180">
			<attribute key="shootEffect" value="poison"/>
			<attribute key="areaEffect" value="poison"/>
		</attack>
		<attack name="fire" interval="4000" chance="20" length="8" spread="3" min="-500" max="-600">
			<attribute key="areaEffect" value="firearea"/>
		</attack>
		<attack name="poison" interval="2000" chance="20" length="8" spread="3" min="-200" max="-685">
			<attribute key="areaEffect" value="poison"/>
		</attack>
		<attack name="lifedrain" interval="3000" chance="20" length="8" spread="3" min="-300" max="-600">
			<attribute key="areaEffect" value="greenshimmer"/>
		</attack>
		<attack name="drowncondition" interval="1000" chance="20" length="8" spread="3">
			<attribute key="areaEffect" value="poff"/>
		</attack>
	</attacks>
	<defenses armor="5" defense="35"/>
	<elements>
		<element deathPercent="100"/>
		<element earthPercent="100"/>
		<element firePercent="100"/>
		<element physicalPercent="5"/>
		<element icePercent="50"/>
		<element holyPercent="-25"/>
	</elements>
	<immunities>
		<immunity paralyze="1"/>
		<immunity invisible="1"/>
	</immunities>
	<voices interval="5000" chance="10">
		<voice sentence="FEEEED MY ETERNAL HUNGER!" yell="1"/>
		<voice sentence="I SENSE LIFE" yell="1"/>
	</voices>
	<loot>
    <item id="2148" countmax="100" chance="44275" /><!-- gold coin -->
    <item id="2148" countmax="98" chance="44275" /><!-- gold coin -->
    <item id="2152" countmax="5" chance="6275" /><!-- platinum coin -->
    <item id="2547" countmax="15" chance="2050" /><!-- power bolt -->
    <item id="2158" chance="1075" /><!-- blue gem -->
    <item id="2144" countmax="2" chance="2275" /><!-- black pearl -->
    <item id="2146" countmax="2" chance="3275" /><!-- small sapphires -->
    <item id="1987" chance="100000"><!-- bag -->

            <item id="2033" chance="650" /><!-- golden mug -->
            <item id="2476" chance="2050" /><!-- knight armor -->
            <item id="2177" chance="1350" /><!-- life crystal -->
            <item id="2466" chance="675" /><!-- golden armor -->
            <item id="2498" chance="575" /><!-- royal helmet  -->

    </item>
</loot>






</monster>
