<?xml version="1.0" encoding="UTF-8"?>
<monster name="Phantasm" nameDescription="a phantasm" race="undead" experience="4400" speed="280" manacost="0">
	<health now="3950" max="3950"/>
	<look type="241" head="20" corpse="6344"/>
	<targetchange interval="5000" chance="8"/>
	<strategy attack="100" defense="0"/>
	<flags>
		<flag summonable="0"/>
		<flag attackable="1"/>
		<flag hostile="1"/>
		<flag illusionable="1"/>
		<flag convinceable="0"/>
		<flag pushable="0"/>
		<flag canpushitems="1"/>
		<flag canpushcreatures="1"/>
		<flag targetdistance="1"/>
		<flag staticattack="90"/>
		<flag runonhealth="0"/>
	</flags>
	<attacks>
		<attack name="melee" interval="2000" skill="90" attack="95"/>
		<attack name="poison" interval="2000" chance="10" range="7" radius="4" target="1" min="-150" max="-300">
			<attribute key="shootEffect" value="poison"/>
			<attribute key="areaEffect" value="poison"/>
		</attack>
		<attack name="poisonfield" interval="1000" chance="17" range="7" radius="3" target="1">
			<attribute key="shootEffect" value="poison"/>
		</attack>
		<attack name="manadrain" interval="3000" chance="25" range="7" min="-100" max="-300">
			<attribute key="areaEffect" value="redshimmer"/>
	</attack>
	</attacks>
	<defenses armor="25" defense="20">
		<defense name="healing" interval="1000" chance="50" min="75" max="125">
			<attribute key="areaEffect" value="blueshimmer"/>
		</defense>
	</defenses>
	<elements>
		<element deathPercent="100"/>
		<element physicalPercent="100"/>
		<element earthPercent="70"/>
		<element icePercent="70"/>
		<element holyPercent="-25"/>
		<element firePercent="-24"/>
		<element icePercent="-22"/>
	</elements>
	<immunities>
		<immunity paralyze="1"/>
		<immunity invisible="1"/>
	</immunities>
	<voices interval="5000" chance="10">
		<voice sentence="Oh my, you forgot to put your pants on!"/>
		<voice sentence="Weeheeheeheehee!"/>
		<voice sentence="Its nothing but a dream!"/>
		<voice sentence="Give in!"/>
	</voices>
	<summons maxSummons="2">
		<summon name="Phantasm Summon" interval="3000" chance="20" max="2"/>
	</summons>
	<loot>
		<item id="2148" countmax="96" chance="58000"/><!-- gold coin -->
		<item id="2148" countmax="90" chance="58000"/><!-- gold coin -->
		<item id="2260" chance="32500"/><!-- blank rune -->
		<item id="2230" chance="50000"/><!-- bone -->
		<item id="6500" chance="20000"/><!-- demonic essence -->
		<item id="7590" chance="3300" /><!-- great mana potion -->
		<item id="2152" chance="1000" /><!-- platinum coin -->
		<item id="1987" chance="100000"><!-- bag -->
			
		<item id="9808" chance="8000" /><!-- rusty armor -->
		<item id="2804" countmax="2" chance="15000"/><!-- shadow herb -->
		<item id="2149" chance="9000" countmax="2"/><!-- small emerald -->
		<item id="5944" chance="9000"/><!-- soul orb -->
		<item id="7414" chance="775" /><!-- abyss hammer -->
		<item id="2487" chance="600" /><!-- crown armor -->
		<item id="2165" chance="600" /><!-- stealth ring -->
		<item id="6300" chance="200" /><!-- death ring -->
			
		</item>
	</loot>
</monster>
