<?xml version="1.0" encoding="UTF-8"?>
<monster name="Wisp" nameDescription="a wisp" race="undead" experience="0" speed="200" manacost="0">
	<health now="115" max="115"/>
	<look type="294" corpse="6324"/>
	<targetchange interval="60000" chance="0"/>
	<strategy attack="100" defense="0"/>
	<flags>
		<flag summonable="0"/>
		<flag attackable="1"/>
		<flag hostile="1"/>
		<flag illusionable="1"/>
		<flag convinceable="0"/>
		<flag pushable="0"/>
		<flag canpushitems="0"/>
		<flag staticattack="15"/>
		<flag lightlevel="0"/>
		<flag lightcolor="0"/>
		<flag targetdistance="7"/>
		<flag runonhealth="30"/>
	</flags>
	<attacks>
		<attack name="melee" interval="2000" skill="10" attack="10"/>
		<attack name="lifedrain" interval="2000" change="10" min="-20" max="-40">
			<attribute key="areaEffect" value="redshimmer"/>
		</attack>
	</attacks>
	<defenses armor="10" defense="15">
		<defense name="speed" interval="10000" chance="40" speedchange="310" duration="20000">
			<attribute key="areaEffect" value="greenshimmer"/>
		</defense>
		<defense name="healing" interval="5000" chance="60" min="25" max="75">
			<attribute key="areaEffect" value="blueshimmer"/>
		</defense>
		<defense name="Invisible" interval="4000" chance="0">
			<attribute key="areaEffect" value="blueshimmer"/>
		</defense>
	</defenses>
	<elements>
		<element energyPercent="-30"/>
		<element earthPercent="-90"/>
		<element physicalPercent="-65"/>
	</elements>
	<immunities>
		<immunity death="1"/>
		<immunity paralyze="1"/>
	</immunities>
	<voices interval="2000" chance="5">
		<voice sentence="Crackle!"/>
		<voice sentence="Tsshh"/>
	</voices>
	<loot>
		<item id="10521" chance="200"/><!-- moon backpack -->
	</loot>
</monster>
