<?xml version="1.0" encoding="UTF-8"?>
<monster name="Orc" nameDescription="an orc" race="blood" experience="25" speed="150" manacost="300">
  <health now="70" max="70"/>
  <look type="5" head="0" body="0" legs="0" feet="0" corpse="2820"/>
  <targetchange interval="2000" chance="0"/>
  <strategy attack="100" defense="0"/>
  <flags>
    <flag summonable="1"/>
    <flag attackable="1"/>
    <flag hostile="1"/>
    <flag illusionable="1"/>
    <flag convinceable="1"/>
    <flag pushable="1"/>
    <flag canpushitems="0"/>
    <flag canpushcreatures="0"/>
    <flag targetdistance="1"/>
    <flag runonhealth="15"/>
  </flags>
  <attacks>
    <attack name="melee" interval="2000" skill="22" attack="13"/>
  </attacks>
  <defenses armor="4" defense="8"/>
  <immunities>
    <immunity physical="0"/>
    <immunity energy="0"/>
    <immunity fire="0"/>
    <immunity poison="0"/>
    <immunity lifedrain="0"/>
    <immunity paralyze="0"/>
    <immunity outfit="0"/>
    <immunity drunk="0"/>
    <immunity invisible="0"/>
  </immunities>
  <voices interval="5000" chance="10">
    <voice sentence="Grak brrretz!"/>
    <voice sentence="Grow truk grrrrr."/>
    <voice sentence="Prek tars, dekklep zurk."/>
  </voices>
	<loot>
    <item id="1987" chance="100000"> <!--bag -->

            <item id="2482" chance="8450" /> <!--studded helmet :: Arm 2 -->
            <item id="2386" chance="8950" /> <!--axe :: Def 6 :: Atk 12 -->

    </item>
    <item id="2484" chance="14425" /> <!--studded armor :: Arm 5 -->
    <item id="2526" chance="16750" /> <!--studded shield :: Def 15 -->
    <item id="2385" chance="10775" /> <!--sabre :: Def 10 :: Atk 12 -->
    <item id="2666" chance="22050" /> <!--meat -->
	<item id="2148" countmax="22" chance="95475" /> <!--gold coin -->
</loot>
</monster>
