<?xml version="1.0"?>
<monsters>





<!-- Raid -->
<monster name="Orc Berserker(raid)" counterid="192" file="Raid/Orcs/orc berserker.xml"/>
<monster name="Orc Leader(raid)" counterid="193" file="Raid/Orcs/orc leader.xml"/>
<monster name="Orc Rider(raid)" counterid="194" file="Raid/Orcs/orc rider.xml"/>
<monster name="Orc Shaman(raid)" counterid="195" file="Raid/Orcs/orc shaman.xml"/>
<monster name="Orc Spearman(raid)" counterid="196" file="Raid/Orcs/orc spearman.xml"/>
<monster name="Orc Warlord(raid)" counterid="197" file="Raid/Orcs/orc warlord.xml"/>
<monster name="Orc Warrior(raid)" counterid="198" file="Raid/Orcs/orc warrior.xml"/>
<monster name="Orc(raid)" counterid="199" file="Raid/Orcs/orc.xml"/>

<monster name="Elf Arcanist(raid)" counterid="150" file="Raid/Elfs/elf arcanist.xml"/>
<monster name="Elf Scout(raid)" counterid="151" file="Raid/Elfs/elf scout.xml"/>
<monster name="Elf(raid)" counterid="152" file="Raid/Elfs/elf.xml"/>

<monster name="Cave Rat(raid)" counterid="121" file="Raid/Rats/cave rat.xml"/>
<monster name="Rat(raid)" counterid="211" file="Raid/Rats/rat.xml"/>

<monster name="Ancient Scarab(raid)" counterid="101" file="Raid/Scarabs/ancient scarab.xml"/>
<monster name="Scarab(raid)" counterid="213" file="Raid/Scarabs/scarab.xml"/>
<monster name="Larva(raid)" counterid="172" file="Raid/Scarabs/larva.xml"/>

<monster name="Giant Spider(raid)" counterid="163" file="Raid/Spiders/giant spider.xml"/>
<monster name="The Old Widow(raid)" counterid="236" file="Raid/Spiders/the old widow.xml"/>

<monster name="Beholder(raid)" counterid="112" file="Raid/Undead/beholder.xml"/>
<monster name="BoneBeast(raid)" counterid="116" file="Raid/Undead/bone beast.xml"/>
<monster name="Bone Beast(raid)" counterid="117" file="Raid/Undead/bone beast.xml"/>
<monster name="Demon Skeleton(raid)" counterid="133" file="Raid/Undead/demon skeleton.xml"/>
<monster name="Necromancer(raid)" counterid="189" file="Raid/Undead/necromancer.xml"/>
<monster name="Skeleton(raid)" counterid="219" file="Raid/Undead/skeleton.xml"/>
<monster name="Vampire(raid)" counterid="240" file="Raid/Undead/vampire.xml"/>
<monster name="Banshee(raid)" counterid="107" file="Raid/Undead/banshee.xml"/>
<monster name="Ghoul(raid)" counterid="162" file="Raid/Undead/ghoul.xml"/>


<monster name="Badger(raid)" counterid="105" file="Raid/Animals/badger.xml"/>
<monster name="Dwarf Geomancer(raid)" counterid="140" file="Raid/Dwarfs/dwarf geomancer.xml"/>
<monster name="Dwarf Guard(raid)" counterid="141" file="Raid/Dwarfs/dwarf guard.xml"/>
<monster name="Dwarf Soldier(raid)" counterid="142" file="Raid/Dwarfs/dwarf soldier.xml"/>
<monster name="Dwarf(raid)" counterid="143" file="Raid/Dwarfs/dwarf.xml"/>

<monster name="War Wolf(raid)" counterid="242" file="Raid/Animals/war wolf.xml"/>
<monster name="Wolf(raid)" counterid="248" file="Raid/Animals/wolf.xml"/>

<!-- // Bosses // -->
<monster name="Orshabaal(raid)" counterid="200" file="Raid/Bosses/orshabaal.xml"/>
<monster name="Demodras(raid)" counterid="132" file="Raid/Bosses/demodras.xml"/>
<monster name="Dragon Lord(raid)" counterid="138" file="Raid/Dragons/dragon lord.xml"/>


<!-- POI -->
	<monster name="Hellfire Fighter" file="poi/hellfire fighter.xml"/>	
	<monster name="Hellhound" file="poi/hellhound.xml"/>
	<monster name="Dark Torturer" file="poi/dark torturer.xml"/>
	<monster name="destroyer" file="poi/destroyer.xml"/>
	<monster name="Diabolic Imp" file="poi/diabolic imp.xml"/>
	<monster name="Fury" file="poi/fury.xml"/>
	<monster name="Hand of Cursed Fate" file="poi/hand of cursed fate.xml"/>
	<monster name="Defiler" file="poi/defiler.xml"/>
	<monster name="Son of Verminor" file="poi/son of verminor.xml"/>
	<monster name="Juggernaut" file="poi/juggernaut.xml"/>
	<monster name="Nightmare" file="poi/nightmare.xml"/>
	<monster name="plaguesmith" file="poi/plaguesmith.xml"/>	
	<monster name="Lost Soul" file="poi/lost soul.xml"/>
	<monster name="Blightwalker" file="poi/blightwalker.xml"/>
	<monster name="Phantasm" file="poi/phantasm.xml"/>
	<monster name="Demon (Goblin)" file="poi/demon (goblin).xml"/>
	<monster name="Demon (Raid)" file="eventos/demon (raid).xml"/>
	<monster name="Demon (evt)" file="eventos/demon (evt).xml"/>
	<monster name="Fire Elemental (Raid)" file="eventos/fire elemental (raid).xml"/>
	<monster name="Spectre" file="poi/spectre.xml"/>
	<monster name="Betrayed Wraith" file="poi/betrayed wraith.xml"/>
	<monster name="Dracola" file="poi/dracola.xml"/>
	<monster name="Massacre" file="poi/massacre.xml"/>
	<monster name="Mr. Punish" file="poi/mr. punish.xml"/>
	<monster name="The Handmaiden" file="poi/the handmaiden.xml"/>
	<monster name="The Imperor" file="poi/the imperor.xml"/>
	<monster name="The Plasmother" file="poi/the plasmother.xml"/>
	<monster name="Undead Dragon" file="poi/undead dragon.xml"/>

	<monster name="Training Monk" file="training monk.xml"/>


	<!-- NEW -->
	<monster name="Giant Ant" file="_new/giant ant.xml"/>

	<monster name="Dwarf Berserker" file="_new/dwarf berserker.xml"/>
	<monster name="Dwarf Warrior" file="_new/dwarf warrior.xml"/>
	<monster name="Dwarf Brewmaster" file="_new/dwarf brewmaster.xml"/>
	<monster name="Dwarf Dragoneater" file="_new/dwarf brewmaster.xml"/>

	<monster name="Jotunn" file="_new/icelands/jotunn.xml"/>
	<monster name="Jotunn Vanguard" file="_new/icelands/jotunn vanguard.xml"/>
	<monster name="Jotunn Cryomancer" file="_new/icelands/jotunn cryomancer.xml"/>
	<monster name="Frozen Spider" counterid="223" file="_new/frozen spider.xml"/>
	<monster name="Northen Dragon" file="_new/northen dragon.xml"/>

	<monster name="Cyclops Warrior" counterid="185" file="_new/cyclops warrior.xml"/>
	<monster name="Chimera" counterid="229" file="_new/chimera.xml"/>
	<monster name="Manticore" counterid="230" file="_new/manticore.xml"/>

	<monster name="Ghost Dragon" file="_new/thule/ghost dragon.xml"/>

	<monster name="Coatl" file="_new/thule/coatl.xml"/>
	<monster name="Runespoor" file="_new/thule/runespoor.xml"/>
	<monster name="Ancient Hydra" file="_new/thule/ancient hydra.xml"/>
	<monster name="Carmesin Hydra" file="_new/thule/carmesin hydra.xml"/>
	<monster name="Desert Drakon" file="_new/thule/desert drakon.xml"/>
	<monster name="Salamander Abomination" file="_new/thule/salamander abomination.xml"/>
	<monster name="Salamander Goliath" file="_new/thule/salamander goliath.xml"/>
	<monster name="Salamander Mage" file="_new/thule/salamander mage.xml"/>
	<monster name="Salamander Spearman" file="_new/thule/salamander spearman.xml"/>
	<monster name="Salamander Warrior" file="_new/thule/salamander warrior.xml"/>
	<monster name="Slave Guard" file="_new/thule/slave guard.xml"/>
	<monster name="Slave Hunter" file="_new/thule/slave hunter.xml"/>
	<monster name="Temple Golem" file="_new/thule/temple golem.xml"/>
	<monster name="Venom Runespoor" file="_new/thule/venom runespoor.xml"/>
	<monster name="Water Manifestation" file="_new/thule/water manifestation.xml"/>
	<monster name="Quartz Golem" file="_new/golem/quartz golem.xml"/>
	<monster name="Obsidian Golem" file="_new/golem/obsidian golem.xml"/>


<!-- Rookguard monster -->
    <monster name="Rook Minotaur Mage" counterid="270" file="Rookgaard/Rook minotaur mage.xml"/>

	

<!--Boss Slayer Guild -->
<monster name="Demodras" counterid="132" file="slayerboss/demodras.xml"/>
<monster name="Orshabaal" counterid="132" file="slayerboss/orshabaal.xml"/>
<monster name="Stonecracker" counterid="132" file="slayerboss/stonecracker.xml"/>
<monster name="Zarabustor" counterid="132" file="slayerboss/zarabustor.xml"/>
<monster name="Gronskar" counterid="132" file="slayerboss/gronskar.xml"/>
<monster name="Jotunn" counterid="132" file="slayerboss/jotunn.xml"/>
<monster name="Fafnir" counterid="132" file="slayerboss/fafnir.xml"/>
<monster name="Noxious Spawn" counterid="132" file="slayerboss/noxious spawn.xml"/>
<monster name="Welter" counterid="132" file="slayerboss/welter.xml"/>

<!--Boss -->
<monster name="Infernatil" counterid="89" file="boss/infernatil.xml"/>
<monster name="Fernfang" counterid="93" file="boss/fernfang.xml"/>
<monster name="Bazir" counterid="109" file="boss/bazir.xml"/>
<monster name="General Murius" counterid="160" file="boss/general murius.xml"/>
<monster name="Grolam" counterid="166" file="boss/grolam.xml"/>
<monster name="Necropharus" counterid="190" file="boss/necropharus.xml"/>
<monster name="The Evil Eye" counterid="233" file="boss/the evil eye.xml"/>
<monster name="The Horned Fox" counterid="234" file="boss/the horned fox.xml"/>
<monster name="The Old Widow" counterid="236" file="boss/the old widow.xml"/>



<!--Buterfly -->
<monster name="Blue Butterfly" counterid="95" file="normal/butterfly blue.xml"/>
<monster name="butterfly blue" counterid="95" file="normal/butterfly blue.xml"/>
<monster name="butterfly purple" counterid="96" file="normal/butterfly purple.xml"/>
<monster name="butterfly red" counterid="97" file="normal/butterfly red.xml"/>
<monster name="butterfly yellow" counterid="98" file="normal/butterfly yellow.xml"/>
<monster name="butterfly pink" counterid="98" file="normal/butterfly pink.xml"/>
<monster name="butterfly" counterid="99" file="normal/butterfly.xml"/>

<!--pharaoh -->
<monster name="Ashmunrah" counterid="103" file="normal/ashmunrah.xml"/>
<monster name="Dipthrah" counterid="136" file="normal/dipthrah.xml"/>
<monster name="Dharalion" counterid="135" file="normal/dharalion.xml"/>
<monster name="Mahrdis" counterid="179" file="normal/mahrdis.xml"/>
<monster name="Morguthis" counterid="187" file="normal/morguthis.xml"/>
<monster name="Omruc" counterid="191" file="normal/omruc.xml"/>
<monster name="Rahemos" counterid="210" file="normal/rahemos.xml"/>
<monster name="Thalas" counterid="232" file="normal/thalas.xml"/>
<monster name="Vashresamun" counterid="241" file="normal/vashresamun.xml"/>

<!--mobs -->
<monster name="Amazon" counterid="100" file="normal/amazon.xml"/>
<monster name="Ancient Scarab" counterid="101" file="normal/ancient scarab.xml"/>
<monster name="Assassin" counterid="104" file="normal/assassin.xml"/>
<monster name="Badger" counterid="105" file="normal/badger.xml"/>
<monster name="Bandit" counterid="106" file="normal/bandit.xml"/>
<monster name="Banshee" counterid="107" file="normal/banshee.xml"/>
<monster name="Bat" counterid="108" file="normal/Bat.xml"/>
<monster name="Bear" counterid="110" file="normal/bear.xml"/>
<monster name="Behemoth" counterid="111" file="normal/behemoth.xml"/>
<monster name="Beholder" counterid="112" file="normal/beholder.xml"/>
<monster name="Black Knight" counterid="113" file="normal/black knight.xml"/>
<monster name="Black Sheep" counterid="114" file="normal/black sheep.xml"/>
<monster name="Blue Djinn" counterid="115" file="normal/blue djinn.xml"/>
<monster name="BoneBeast" counterid="116" file="normal/bone beast.xml"/>
<monster name="Bone Beast" counterid="117" file="normal/bone beast.xml"/>
<monster name="Bug" counterid="118" file="normal/bug.xml"/>
<monster name="Carniphila" counterid="120" file="normal/carniphila.xml"/>
<monster name="Cave Rat" counterid="121" file="normal/cave rat.xml"/>
<monster name="Centipede" counterid="122" file="normal/centipede.xml"/>
<monster name="Chicken" counterid="123" file="normal/chicken.xml"/>
<monster name="Cobra" counterid="124" file="normal/cobra.xml"/>
<monster name="Crab" counterid="125" file="normal/crab.xml"/>
<monster name="Crocodile" counterid="126" file="normal/crocodile.xml"/>
<monster name="Crypt Shambler" counterid="127" file="normal/crypt shambler.xml"/>
<monster name="Cyclops" counterid="128" file="normal/cyclops.xml"/>
<monster name="Dark Monk" counterid="129" file="normal/dark monk.xml"/>
<monster name="Deathslicer" counterid="130" file="normal/deathslicer.xml"/>
<monster name="Deer" counterid="131" file="normal/deer.xml"/>
<monster name="Demon Skeleton" counterid="133" file="normal/demon skeleton.xml"/>
<monster name="Demon" counterid="134" file="normal/demon.xml"/>
<monster name="Dog" counterid="137" file="normal/dog.xml"/>
<monster name="Dragon Lord" counterid="138" file="normal/dragon lord.xml"/>
<monster name="Dragon" counterid="139" file="normal/dragon.xml"/>
<monster name="Dwarf Geomancer" counterid="140" file="normal/dwarf geomancer.xml"/>
<monster name="Dwarf Guard" counterid="141" file="normal/dwarf guard.xml"/>
<monster name="Dwarf Soldier" counterid="142" file="normal/dwarf soldier.xml"/>
<monster name="Dwarf" counterid="143" file="normal/dwarf.xml"/>
<monster name="Dworc Fleshhunter" counterid="144" file="normal/dworc fleshhunter.xml"/>
<monster name="Dworc Venomsniper" counterid="145" file="normal/dworc venomsniper.xml"/>
<monster name="Dworc Voodoomaster" counterid="146" file="normal/dworc voodoomaster.xml"/>
<monster name="Efreet" counterid="147" file="normal/efreet.xml"/>
<monster name="Elder Beholder" counterid="148" file="normal/elder beholder.xml"/>
<monster name="Elephant" counterid="149" file="normal/elephant.xml"/>
<monster name="Elf Arcanist" counterid="150" file="normal/elf arcanist.xml"/>
<monster name="Elf Scout" counterid="151" file="normal/elf scout.xml"/>
<monster name="Elf" counterid="152" file="normal/elf.xml"/>
<monster name="Fire Devil" counterid="153" file="normal/fire devil.xml"/>
<monster name="Fire Elemental" counterid="154" file="normal/fire elemental.xml"/>
<monster name="Flamethrower" counterid="155" file="normal/flamethrower.xml"/>
<monster name="Flamingo" counterid="156" file="normal/flamingo.xml"/>
<monster name="Frost Troll" counterid="157" file="normal/frost troll.xml"/>
<monster name="Gargoyle" counterid="158" file="normal/gargoyle.xml"/>
<monster name="Gazer" counterid="159" file="normal/gazer.xml"/>
<monster name="Ghost" counterid="161" file="normal/ghost.xml"/>
<monster name="Ghoul" counterid="162" file="normal/ghoul.xml"/>
<monster name="Giant Spider" counterid="163" file="normal/giant spider.xml"/>
<monster name="Goblin" counterid="164" file="normal/goblin.xml"/>
<monster name="Green Djinn" counterid="165" file="normal/green djinn.xml"/>
<monster name="Hero" counterid="167" file="normal/hero.xml"/>
<monster name="Hunter" counterid="168" file="normal/hunter.xml"/>
<monster name="Hyaena" counterid="169" file="normal/hyaena.xml"/>
<monster name="Hydra" counterid="170" file="normal/hydra.xml"/>
<monster name="Kongra" counterid="171" file="normal/kongra.xml"/>
<monster name="Larva" counterid="172" file="normal/larva.xml"/>
<monster name="Lich" counterid="173" file="normal/lich.xml"/>
<monster name="Lion" counterid="174" file="normal/lion.xml"/>
<monster name="Lizard Sentinel" counterid="175" file="normal/lizard sentinel.xml"/>
<monster name="Lizard Snakecharmer" counterid="176" file="normal/lizard snakecharmer.xml"/>
<monster name="Lizard Templar" counterid="177" file="normal/lizard templar.xml"/>
<monster name="Magicthrower" counterid="178" file="normal/magicthrower.xml"/>
<monster name="Marid" counterid="180" file="normal/marid.xml"/>
<monster name="Merlkin" counterid="181" file="normal/merlkin.xml"/>
<monster name="Minotaur Archer" counterid="182" file="normal/minotaur archer.xml"/>
<monster name="Minotaur Guard" counterid="183" file="normal/minotaur guard.xml"/>
<monster name="Minotaur Mage" counterid="184" file="normal/minotaur mage.xml"/>
<monster name="Minotaur" counterid="185" file="normal/minotaur.xml"/>
<monster name="Monk" counterid="186" file="normal/monk.xml"/>
<monster name="Mummy" counterid="188" file="normal/mummy.xml"/>
<monster name="Necromancer" counterid="189" file="normal/necromancer.xml"/>
<monster name="Orc Berserker" counterid="192" file="normal/orc berserker.xml"/>
<monster name="Orc Leader" counterid="193" file="normal/orc leader.xml"/>
<monster name="Orc Rider" counterid="194" file="normal/orc rider.xml"/>
<monster name="Orc Shaman" counterid="195" file="normal/orc shaman.xml"/>
<monster name="Orc Spearman" counterid="196" file="normal/orc spearman.xml"/>
<monster name="Orc Warlord" counterid="197" file="normal/orc warlord.xml"/>
<monster name="Orc Warrior" counterid="198" file="normal/orc warrior.xml"/>
<monster name="Orc" counterid="199" file="normal/orc.xml"/>
<monster name="Panda" counterid="201" file="normal/panda.xml"/>
<monster name="Parrot" counterid="202" file="normal/parrot.xml"/>
<monster name="Pig" counterid="203" file="normal/pig.xml"/>
<monster name="Plaguethrower" counterid="204" file="normal/plaguethrower.xml"/>
<monster name="Poison Spider" counterid="205" file="normal/poison spider.xml"/>
<monster name="Poisonthrower" counterid="206" file="normal/poisonthrower.xml"/>
<monster name="Polar Bear" counterid="207" file="normal/polar bear.xml"/>
<monster name="Priestess" counterid="208" file="normal/priestess.xml"/>
<monster name="Rabbit" counterid="209" file="normal/rabbit.xml"/>
<monster name="Rat" counterid="211" file="normal/rat.xml"/>
<monster name="Rotworm" counterid="212" file="normal/rotworm.xml"/>
<monster name="Scarab" counterid="213" file="normal/scarab.xml"/>
<monster name="Scorpion" counterid="214" file="normal/scorpion.xml"/>
<monster name="Serpent Spawn" counterid="215" file="normal/serpent spawn.xml"/>
<monster name="Sheep" counterid="216" file="normal/sheep.xml"/>
<monster name="Shredderthrower" counterid="217" file="normal/shredderthrower.xml"/>
<monster name="Sibang" counterid="218" file="normal/sibang.xml"/>
<monster name="Skeleton" counterid="219" file="normal/skeleton.xml"/>
<monster name="Skunk" counterid="220" file="normal/skunk.xml"/>
<monster name="Slime Summon" counterid="221" file="normal/slime summon.xml"/>
<monster name="Slime" counterid="222" file="normal/slime.xml"/>
<monster name="Smuggler" counterid="223" file="normal/smuggler.xml"/>
<monster name="Snake" counterid="224" file="normal/snake.xml"/>
<monster name="Spider" counterid="225" file="normal/spider.xml"/>
<monster name="Spit Nettle" counterid="226" file="normal/spit nettle.xml"/>
<monster name="Stalker" counterid="227" file="normal/stalker.xml"/>
<monster name="Stone Golem" counterid="228" file="normal/stone golem.xml"/>
<monster name="Swamp Troll" counterid="229" file="normal/swamp troll.xml"/>
<monster name="Tarantula" counterid="230" file="normal/tarantula.xml"/>
<monster name="Terror Bird" counterid="231" file="normal/terror bird.xml"/>
<monster name="Tiger" counterid="237" file="normal/tiger.xml"/>
<monster name="Troll" counterid="238" file="normal/troll.xml"/>
<monster name="Valkyrie" counterid="239" file="normal/valkyrie.xml"/>
<monster name="Vampire" counterid="240" file="normal/vampire.xml"/>
<monster name="War Wolf" counterid="242" file="normal/war wolf.xml"/>
<monster name="Warlock" counterid="243" file="normal/warlock.xml"/>
<monster name="Wasp" counterid="244" file="normal/wasp.xml"/>
<monster name="Wild Warrior" counterid="245" file="normal/wild warrior.xml"/>
<monster name="Winter Wolf" counterid="246" file="normal/winter wolf.xml"/>
<monster name="Witch" counterid="247" file="normal/witch.xml"/>
<monster name="Wolf" counterid="248" file="normal/wolf.xml"/>
<monster name="Yeti" counterid="249" file="normal/yeti.xml"/>













</monsters>


