<?xml version="1.0" encoding="UTF-8"?>
<monster name="Acolyte of the Cult" nameDescription="an acolyte of the cult" race="blood" experience="300" speed="230" manacost="0">
	<health now="390" max="390"/>
	<look type="194" head="114" body="121" legs="121" feet="57" corpse="3128"/>
	<targetchange interval="5000" chance="8"/>
	<strategy attack="100" defense="0"/>
	<flags>
		<flag summonable="0"/>
		<flag attackable="1"/>
		<flag hostile="1"/>
		<flag illusionable="0"/>
		<flag convinceable="0"/>
		<flag pushable="0"/>
		<flag canpushitems="1"/>
		<flag canpushcreatures="0"/>
		<flag staticattack="90"/>
		<flag targetdistance="5"/>
		<flag runonhealth="0"/>
	</flags>
	<attacks>
		<attack name="melee" interval="2000" skill="30" attack="50" poison="40"/>
		<attack name="lifedrain" interval="2000" chance="16" range="7" target="1" min="-60" max="-120">
			<attribute key="areaEffect" value="redshimmer"/>
		</attack>		
		<attack name="drunk" interval="2000" chance="16" range="7" target="1" duration="5000">
			<attribute key="areaEffect" value="stun"/>
		</attack>	
	</attacks>
	<defenses armor="10" defense="20">
		<defense name="healing" interval="2000" chance="16" min="40" max="60">
			<attribute key="areaEffect" value="blueshimmer"/>
		</defense>
	</defenses>
	<elements>
		<element holyPercent="20"/>
		<element icePercent="20"/>
		<element physicalPercent="-10"/>
		<element energyPercent="-10"/>
		<element deathPercent="-5"/>
	</elements>
	<immunities>
		<immunity invisible="1"/>
		<immunity earth="1"/>
	</immunities>
	<summons maxSummons="2">
		<summon name="Skeleton" interval="2000" chance="16" max="2"/>
	</summons>
	<voices interval="2000" chance="9">
		<voice sentence="Praise the voodoo!"/>
		<voice sentence="Power to the cult!"/>
		<voice sentence="Feel the power of the cult!"/>
	</voices>
	<loot>
    <item id="12448" chance="10875" /><!-- rope belt -->
    <item id="10556" chance="8450" /><!-- cultish robe -->
    <item id="2148" countmax="40" chance="23975" /><!-- gold coin -->
    <item id="6088" chance="1025" /><!-- music sheet -->
    <item id="2394" chance="5450" /><!-- morning star -->
    <item id="12411" chance="625" /><!-- cultish symbol -->
    <item id="6533" chance="1300" /><!-- book -->
    <item id="1987" chance="100000"><!-- bag -->

            <item id="12608" chance="550" /><!-- broken key ring -->
            <item id="2149" chance="950" /><!-- small emerald -->
            <item id="5810" chance="1475" /><!-- pirate voodoo doll -->
            <item id="2201" chance="1500" /><!-- dragon necklace -->
            <item id="2168" chance="975" /><!-- life ring -->
            <item id="2181" chance="650" /><!-- terra rod -->

    </item>
</loot>


















</monster>
