<?xml version="1.0" encoding="UTF-8"?>
<monster name="Adept of the Cult" nameDescription="an adept of the cult" race="blood" experience="400" speed="210" manacost="0">
	<health now="430" max="430"/>
	<look type="194" head="114" body="94" legs="94" feet="57" corpse="3128"/>
	<targetchange interval="5000" chance="8"/>
	<strategy attack="100" defense="0"/>
	<flags>
		<flag summonable="0"/>
		<flag attackable="1"/>
		<flag hostile="1"/>
		<flag illusionable="0"/>
		<flag convinceable="0"/>
		<flag pushable="0"/>
		<flag canpushitems="1"/>
		<flag canpushcreatures="0"/>
		<flag staticattack="90"/>
		<flag targetdistance="4"/>
		<flag runonhealth="0"/>
	</flags>
	<attacks>
		<attack name="melee" interval="2000" skill="30" attack="50" poison="40"/>
		<attack name="lifedrain" interval="2000" chance="14" range="7" target="1" min="-70" max="-150">
			<attribute key="areaEffect" value="redshimmer"/>
		</attack>		
		<attack name="drunk" interval="2000" chance="14" range="7" target="1" duration="20000">
			<attribute key="areaEffect" value="stun"/>
		</attack>	
	</attacks>
	<defenses armor="20" defense="20">
		<defense name="healing" interval="2000" chance="14" min="40" max="60">
			<attribute key="areaEffect" value="blueshimmer"/>
		</defense>
		<defense name="invisible" interval="2000" chance="14" duration="5000">
			<attribute key="areaEffect" value="blueshimmer"/>									
		</defense>	
	</defenses>
	<elements>
		<element holyPercent="30"/>
		<element earthPercent="40"/>
		<element icePercent="20"/>
		<element energyPercent="-5"/>
		<element deathPercent="-5"/>
	</elements>
	<immunities>
		<immunity invisible="1"/>
	</immunities>
	<summons maxSummons="2">
		<summon name="Ghoul" interval="2000" chance="14" max="2"/>
	</summons>
	<voices interval="2000" chance="9">
		<voice sentence="Praise the voodoo!"/>
		<voice sentence="Power to the cult!"/>
		<voice sentence="Feel the power of the cult!"/>
	</voices>
	<loot>
    <item id="2423" chance="1575" /><!-- clerical mace -->
    <item id="2170" chance="1600" /><!-- silver amulet -->
    <item id="10556" chance="10000" /><!-- cultish robe -->
    <item id="2183" chance="700" /><!-- hailstorm rod -->
    <item id="12448" chance="11350" /><!-- rope belt -->
    <item id="2148" countmax="60" chance="22650" /><!-- gold coin -->
    <item id="5810" chance="1925" /><!-- pirate voodoo doll -->
    <item id="2147" chance="750" /><!-- small ruby -->
    <item id="7426" chance="975" /><!-- amber staff -->
    <item id="1987" chance="100000"><!-- bag -->

            <item id="6089" chance="1200" /><!-- music sheet -->
            <item id="6533" chance="1450" /><!-- book -->
            <item id="2169" chance="975" /><!-- time ring -->
            <item id="7424" chance="625" /><!-- lunar staff -->
            <item id="12411" chance="650" /><!-- cultish symbol -->
            <item id="2655" chance="650" /><!-- red robe -->
            <item id="12608" chance="550" /><!-- broken key ring -->

    </item>
</loot>


















</monster>
