<?xml version="1.0" encoding="UTF-8"?>
<monster name="Blood Crab" nameDescription="a blood crab" race="blood" experience="160" speed="210" manacost="505">
	<health now="290" max="290"/>
	<look type="200" corpse="4253"/>
	<targetchange interval="2000" chance="9"/>
	<strategy attack="100" defense="0"/>
	<flags>
		<flag summonable="1"/>
		<flag attackable="1"/>
		<flag hostile="1"/>
		<flag illusionable="1"/>
		<flag convinceable="1"/>
		<flag pushable="0"/>
		<flag canpushitems="1"/>
		<flag canpushcreatures="0"/>
		<flag staticattack="90"/>
		<flag targetdistance="1"/>
		<flag runonhealth="0"/>
	</flags>
	<attacks>
		<attack name="melee" interval="2000" skill="100" attack="20"/>
	</attacks>
	<defenses armor="10" defense="15"/>
	<elements>
		<element physicalPercent="5"/>
		<element firePercent="-10"/>
		<element energyPercent="-5"/>
	</elements>
	<immunities>
		<immunity drown="1"/>
		<immunity earth="1"/>
		<immunity ice="1"/>
	</immunities>
	<loot>
    <item id="2464" chance="5600" /><!-- chain armor -->
    <item id="2478" chance="2275" /><!-- brass legs -->
    <item id="10550" chance="7650" /><!-- bloody pincers -->
    <item id="1987" chance="100000"><!-- bag -->

            <item id="2148" countmax="20" chance="30950" /><!-- gold coin -->
            <item id="2667" chance="12100" /><!-- fish -->
            <item id="2143" chance="1100" /><!-- white pearl -->

    </item>
</loot>

















</monster>
