<?xml version="1.0" encoding="UTF-8"?>
<monster name="Braindeath" nameDescription="a braindeath" race="undead" experience="985" speed="270" manacost="0">
	<health now="1225" max="1225"/>
	<look type="283" corpse="3052"/>
	<targetchange interval="2000" chance="9"/>
	<strategy attack="100" defense="0"/>
	<flags>
		<flag summonable="0"/>
		<flag attackable="1"/>
		<flag hostile="1"/>
		<flag illusionable="1"/>
		<flag convinceable="0"/>
		<flag pushable="0"/>
		<flag canpushitems="1"/>
		<flag canpushcreatures="0"/>
		<flag targetdistance="5"/>
		<flag staticattack="90"/>
		<flag runonhealth="0"/>
	</flags>
	<attacks>
		<attack name="melee" interval="2000" skill="30" attack="50"/>
		<attack name="physical" interval="2000" chance="10" range="7" min="-80" max="-170">
			<attribute key="shootEffect" value="suddendeath"/>
			<attribute key="areaEffect" value="mortarea"/>
		</attack>
		<attack name="fire" interval="2000" chance="10" range="7" min="-65" max="-125">
			<attribute key="shootEffect" value="fire"/>
		</attack>
		<attack name="poison" interval="2000" chance="10" range="7" min="-65" max="-125">
			<attribute key="shootEffect" value="poison"/>
		</attack>
		<attack name="energy" interval="2000" chance="10" range="7" min="-80" max="-170">
			<attribute key="shootEffect" value="energy"/>
		</attack>
		<attack name="manadrain" interval="2000" chance="10" range="7" min="-70" max="-155">
			<attribute key="areaEffect" value="redshimmer"/>
		</attack>
		<attack name="speed" interval="2000" chance="10" range="7" speedchange="-600" duration="20000">
			<attribute key="areaEffect" value="redshimmer"/>
		</attack>
	</attacks>
	<defenses armor="13" defense="26">
		<defense name="healing" interval="2000" chance="10" min="100" max="300">
			<attribute key="areaEffect" value="energy"/>
		</defense>
	</defenses>
		<elements>
	    <element icePercent="20"/>
		<element physicalPercent="15"/>
		<element energyPercent="10"/>
		<element icePercent="20"/>
		<element holyPercent="-20"/>
		<element firePercent="-15"/>
	</elements>
	<immunities>
		<immunity earth="1"/>
		<immunity death="1"/>
		<immunity invisible="1"/>
	</immunities>
	<summons maxSummons="2">
		<summon name="Vampire" interval="2000" chance="10" max="3"/>
	</summons>
	<voices interval="2000" chance="9">
		<voice sentence="You have disturbed my thoughts!"/>
		<voice sentence="Let me turn you into something more useful!"/>
		<voice sentence="Let me taste your brain!"/>
		<voice sentence="You will be punished!"/>
	</voices>
	<loot>
    <item id="2148" countmax="77" chance="47950" /><!-- gold coin -->
    <item id="7407" chance="1375" /><!-- haunted blade -->
    <item id="2450" chance="18125" /><!-- bone sword -->
    <item id="7364" countmax="4" chance="4975" /><!-- sniper arrow -->
    <item id="10580" chance="5700" /><!-- piece of dead brain -->
    <item id="2509" chance="7450" /><!-- steel shield -->
    <item id="1987" chance="100000"><!-- bag -->

            <item id="2423" chance="2525" /><!-- clerical mace -->
            <item id="2175" chance="1375" /><!-- spellbook -->

    </item>
</loot>


















</monster>
