<?xml version="1.0" encoding="utf-8"?>
<monster name="Brimstone Bug" namedescription="a brimstone bug" race="venom" experience="900" speed="160" manacost="0">
	<health now="1300" max="1300"/>
	  <look type="45" head="0" body="0" legs="0" feet="0" corpse="2902"/>
	<targetchange interval="2000" chance="9"/>
	<strategy attack="100" defense="0"/>
	<flags>
		<flag summonable="0"/>
		<flag attackable="1"/>
		<flag hostile="1"/>
		<flag illusionable="0"/>
		<flag convinceable="0"/>
		<flag pushable="0"/>
		<flag canpushitems="1"/>
		<flag canpushcreatures="0"/>
		<flag targetdistance="1"/>
		<flag staticattack="90"/>
		<flag runonhealth="0"/>
	</flags>
	<attacks>
		<attack name="melee" interval="2000" skill="50" attack="50" poison="20"/>
		<attack name="speed" interval="2000" chance="16" range="7" speedchange="-600" duration="5000">
			<attribute key="shootEffect" value="death"/>
			<attribute key="areaEffect" value="mortarea"/>
		</attack>	
		<attack name="earth" interval="2000" chance="16" radius="6" min="-180" max="-270">
			<attribute key="areaEffect" value="plantattack"/>
		</attack>	
		<attack name="manadrain" interval="2000" chance="16" length="8" spread="0"  min="-130" max="-200">
			<attribute key="areaEffect" value="blueshimmer"/>
		</attack>	
		<attack name="earth" interval="2000" chance="16" length="8" spread="3" min="-80" max="-120">
			<attribute key="shootEffect" value="poison"/>
			<attribute key="areaEffect" value="poison"/>
		</attack>	
	</attacks>
	<defenses armor="2" defense="3"/>
	<elements>
		<element firePercent="-10"/>
		<element icePercent="-10"/>
		<element holyPercent="-10"/>
		<element energyPercent="-10"/>
		<element physicalPercent="-5"/>
	</elements>
	<immunities>
		<immunity lifedrain="1"/>
		<immunity death="1"/>
		<immunity earth="1"/>
		<immunity invisible="1"/>
	</immunities>
		<voices interval="2000" chance="9">
		<voice sentence="Chrrr!"/>
	</voices>
	<loot>
    <item id="2165" chance="1400" /><!-- stealth ring -->
    <item id="1987" chance="100000"><!-- bag -->

            <item id="2149" countmax="4" chance="2025" /><!-- small emerald -->
            <item id="2148" countmax="100" chance="39350" /><!-- gold coin -->
            <item id="2148" countmax="97" chance="39350" /><!-- gold coin -->
            <item id="2171" chance="650" /><!-- platinum amulet -->

    </item>
</loot>




















</monster>
