<?xml version="1.0" encoding="UTF-8"?>
<monster name="Chakoya Windcaller" nameDescription="a chakoya windcaller" race="blood" experience="48" speed="270" manacost="305">
	<health now="84" max="84"/>
	<look type="287" corpse="7320"/>
	<targetchange interval="60000" chance="0"/>
	<strategy attack="100" defense="0"/>
	<flags>
		<flag summonable="0"/>
		<flag attackable="1"/>
		<flag hostile="1"/>
		<flag illusionable="0"/>
		<flag convinceable="1"/>
		<flag pushable="0"/>
		<flag canpushitems="1"/>
		<flag staticattack="50"/>
		<flag lightlevel="0"/>
		<flag lightcolor="0"/>
		<flag targetdistance="4"/>
		<flag runonhealth="0"/>
	</flags>
	<attacks>
		<attack name="melee" interval="2000" skill="12" attack="20"/>
		<attack name="ice" interval="2000" chance="18" range="7" min="-16" max="-32">
			<attribute key="shootEffect" value="ice"/>
			<attribute key="areaEffect" value="icearea"/>
		</attack>
		<attack name="ice" interval="2000" chance="18" length="4" spread="3" min="-9" max="-20">
			<attribute key="areaEffect" value="icearea"/>
		</attack>
	</attacks>
	<defenses armor="30" defense="30">
		<defense name="invisible" interval="2000" chance="18" duration="4000">
			<attribute key="areaEffect" value="blueshimmer"/>
		</defense>
	</defenses>
	<elements>
		<element firePercent="50"/>
		<element holyPercent="20"/>
		<element energyPercent="-15"/>
		<element deathPercent="-8"/>
	</elements>
	<immunities>
		<immunity ice="1"/>
	</immunities>
	<voices interval="2000" chance="9">
		<voice sentence="Mupi! Si siyoqua jinuma!"/>
		<voice sentence="Siqsiq ji jusipa!"/>
		<voice sentence="Jagura taluka taqua!"/>
		<voice sentence="Quatu nguraka!"/>
	</voices>
	<loot>
    <item id="2148" countmax="25" chance="23625" /><!-- gold coin -->
    <item id="2667" countmax="3" chance="22825" /><!-- fish -->
    <item id="2460" chance="4100" /><!-- brass helmet -->
    <item id="2541" chance="2000" /><!-- bone shield -->
</loot>
</monster>
