<?xml version="1.0" encoding="UTF-8"?>
<monster name="Crystal Spider" nameDescription="a crystal spider" race="undead" experience="900" speed="340" manacost="0">
	<health now="1250" max="1250"/>
	<look type="290" corpse="5512"/>
	<targetchange speed="20000" chance="8"/>
	<strategy attack="100" defense="0"/>
	<flags>
		<flag summonable="0"/>
		<flag attackable="1"/>
		<flag hostile="1"/>
		<flag illusionable="1"/>
		<flag convinceable="0"/>
		<flag pushable="0"/>
		<flag canpushitems="1"/>
		<flag staticattack="60"/>
		<flag lightlevel="0"/>
		<flag lightcolor="0"/>
		<flag targetdistance="1"/>
		<flag runonhealth="0"/>
	</flags>
	<attacks>
		<attack name="melee" interval="2000" skill="40" attack="100" poison="160"/>
		<attack name="ice" interval="2000" chance="12" range="7" min="-50" max="-100">
			<attribute key="shootEffect" value="ice"/>
			<attribute key="areaEffect" value="iceattack"/>
		</attack> 
		<attack name="speed" interval="2000" chance="10" range="7" radius="4" target="0" speedchange="-600">
		<attribute key="areaEffect" value="iceattack"/>
		</attack>
		<attack name="speed" interval="2000" chance="14" range="7" target="1" speedchange="-260" duration="5000">
			<attribute key="shootEffect" value="snowball"/>
			<attribute key="areaEffect" value="poff"/>
		</attack>
	</attacks>
	<defenses armor="25" defense="20">
		<defense name="speed" interval="2000" chance="11" speedchange="380" duration="5000">
			<attribute key="areaEffect" value="redshimmer"/>
		</defense>
	</defenses>
	<elements>
		<element holyPercent="20"/>
		<element earthPercent="20"/>
		<element energyPercent="-20"/>
	</elements>
	<immunities>
		<immunity lifedrain="0"/>
		<immunity paralyze="1"/>
		<immunity outfit="1"/>
		<immunity drunk="1"/>
		<immunity invisible="1"/>
	</immunities>
	<voices interval="2000" chance="5">
		<voice sentence="Screeech!"/>
	</voices>
	<loot>
    <item id="2148" countmax="98" chance="27500" /><!-- gold coin -->
    <item id="2463" chance="10600" /><!-- plate armor -->
    <item id="7441" chance="5450" /><!-- ice cube -->
    <item id="2457" chance="5375" /><!-- steel helmet -->
    <item id="7449" chance="1100" /><!-- crystal sword -->
    <item id="7364" countmax="6" chance="4100" /><!-- sniper arrow -->
    <item id="2478" chance="8550" /><!-- brass legs -->
    <item id="2476" chance="875" /><!-- knight armor -->
    <item id="7290" chance="1300" /><!-- shard -->
    <item id="1987" chance="100000"><!-- bag -->

            <item id="7902" chance="800" /><!-- glacier mask -->
            <item id="7589" chance="550" /><!-- strong mana potion -->
            <item id="5879" chance="1900" /><!-- spider silk -->
            <item id="2169" chance="1225" /><!-- time ring -->
            <item id="2477" chance="825" /><!-- knight legs -->
            <item id="7437" chance="600" /><!-- sapphire hammer -->
            <item id="2171" chance="600" /><!-- platinum amulet -->
            <item id="5801" chance="1350" /><!-- jewelled backpack -->

    </item>
</loot>


















</monster>
