<?xml version="1.0" encoding="UTF-8"?>
<monster name="Cyclops" nameDescription="a cyclops" race="blood" experience="255" speed="220" manacost="695">
	<health now="435" max="435"/>
	  <look type="22" head="0" body="0" legs="0" feet="0" corpse="3069"/>
	<targetchange interval="2000" chance="5"/>
	<strategy attack="70" defense="0"/>
	<flags>
		<flag summonable="0"/>
		<flag attackable="1"/>
		<flag hostile="1"/>
		<flag illusionable="0"/>
		<flag convinceable="1"/>
		<flag pushable="0"/>
		<flag canpushitems="1"/>
		<flag canpushcreatures="1"/>
		<flag targetdistance="1"/>
		<flag runonhealth="0"/>
	</flags>
	<attacks>
		<attack name="melee" interval="2000" skill="50" attack="50"/>
		<attack name="physical" interval="2000" chance="20" range="7" min="-0" max="-70">
			<attribute key="shootEffect" value="whirlwindclub"/>
		</attack>
		<attack name="drunk" interval="2000" chance="20" range="7" target="1" duration="15000">
			<attribute key="areaEffect" value="stun"/>
		</attack>	
	</attacks>
	<defenses armor="17" defense="24"/>
	<elements>
		<element energyPercent="20"/>
		<element firePercent="10"/>
		<element holyPercent="20"/>
		<element earthPercent="-10"/>
		<element deathPercent="-5"/>
	</elements>
	<voices interval="5000" chance="9">
		<voice sentence="Outis emoi g' onoma."/>
		<voice sentence="Whack da humy!"/>
		<voice sentence="Ai humy phary ty kaynon"/>
	</voices>
	<loot>
    <item id="2148" countmax="70" chance="31975" /><!-- gold coin -->
    <item id="2666" chance="51025" /><!-- meat -->
    <item id="2442" chance="2825" /><!-- heavy machete -->
    <item id="2378" chance="5650" /><!-- battle axe -->
    <item id="2417" chance="5200" /><!-- battle hammer -->
    <item id="2513" chance="6950" /><!-- battle shield -->
    <item id="2387" chance="1400" /><!-- double axe -->
    <item id="1987" chance="100000"><!-- bag -->

            <item id="2510" chance="2575" /><!-- plate shield -->
            <item id="1892" chance="650" /><!-- cyclops trophy -->
            <item id="2490" chance="675" /><!-- dark helmet -->
            <item id="2209" chance="650" /><!-- club ring -->

    </item>
</loot>



















</monster>
