<?xml version="1.0" encoding="UTF-8"?>
<monster name="Frost Giantess" nameDescription="a frost giantess" race="blood" experience="150" speed="195" manacost="490">
	<health now="275" max="275"/>
	<look type="292" corpse="5509"/>
	<targetchange interval="2000" chance="5"/>
	<strategy attack="100" defense="0"/>
	<flags>
		<flag summonable="1"/>
		<flag attackable="1"/>
		<flag hostile="1"/>
		<flag illusionable="1"/>
		<flag convinceable="1"/>
		<flag pushable="0"/>
		<flag canpushitems="1"/>
		<flag staticattack="50"/>
		<flag lightlevel="0"/>
		<flag lightcolor="0"/>
		<flag targetdistance="8"/>
		<flag runonhealth="0"/>
	</flags>
	<attacks>
		<attack name="melee" interval="2000" skill="30" attack="30"/>
		<attack name="physical" interval="2000" chance="20" range="7" min="-0" max="-90">
			<attribute key="shootEffect" value="largerock"/>
		</attack>	
	</attacks>
	<defenses armor="22" defense="23">
		<defense name="speed" interval="2000" chance="20" speedchange="290" duration="5000">
			<attribute key="areaEffect" value="blueshimmer"/>
		</defense>	
	</defenses>
	<elements>
		<element firePercent="-10"/>
		<element holyPercent="10"/>
		<element energyPercent="-10"/>
		<element deathPercent="-3"/>
	</elements>
	<immunities>
		<immunity ice="1"/>
	</immunities>
	<voices interval="2000" chance="5">
		<voice sentence="Ymirs Mjalle!"/>
		<voice sentence="No run so much, must stay fat!"/>
		<voice sentence="Horre, Sjan Flan!"/>
		<voice sentence="Damned fast food."/>
		<voice sentence="Come kiss the cook!"/>
	</voices>
	<loot>
    <item id="2148" countmax="40" chance="29350" /><!-- gold coin -->
    <item id="1294" countmax="3" chance="7175" /><!-- small stone -->
    <item id="2671" countmax="2" chance="20100" /><!-- ham -->
    <item id="10575" chance="5550" /><!-- frost giant pelt -->
    <item id="7441" chance="2350" /><!-- ice cube -->
    <item id="2513" chance="2300" /><!-- battle shield -->
    <item id="7620" chance="1425" /><!-- mana potion -->
    <item id="1987" chance="100000"><!-- bag -->

            <item id="2406" chance="8475" /><!-- short sword -->
            <item id="7460" chance="750" /><!-- norse shield -->
            <item id="7290" chance="600" /><!-- shard -->
            <item id="2490" chance="725" /><!-- dark helmet -->
            <item id="2209" chance="600" /><!-- club ring -->

    </item>
</loot>
















</monster>
