<?xml version="1.0" encoding="UTF-8"?>
<monster name="Frost Giant" nameDescription="a frost giant" race="blood" experience="150" speed="195" manacost="490">
	<health now="270" max="270"/>
	<look type="284" corpse="5509"/>
	<targetchange interval="2000" chance="5"/>
	<strategy attack="100" defense="0"/>
	<flags>
		<flag summonable="0"/>
		<flag attackable="1"/>
		<flag hostile="1"/>
		<flag illusionable="1"/>
		<flag convinceable="1"/>
		<flag pushable="0"/>
		<flag canpushitems="1"/>
		<flag staticattack="50"/>
		<flag lightlevel="0"/>
		<flag lightcolor="0"/>
		<flag targetdistance="1"/>
		<flag runonhealth="0"/>
	</flags>
	<attacks>
		<attack name="melee" interval="2000" skill="45" attack="40"/>
		<attack name="physical" interval="2000" chance="20" range="7" min="-0" max="-90">
			<attribute key="shootEffect" value="largerock"/>
		</attack>	
	</attacks>
	<defenses armor="22" defense="23">
	<defense name="speed" interval="2000" chance="20" speedchange="290" duration="5000">
			<attribute key="areaEffect" value="blueshimmer"/>
		</defense>	
	</defenses>
	<immunities>
		<immunity ice="1"/>
	</immunities>
	<voices interval="2000" chance="5">
		<voice sentence="Hmm Humansoup"/>
		<voice sentence="Stand still ya tasy snack!"/>
		<voice sentence="Joh Thun!"/>
		<voice sentence="Brore Smode!"/>
		<voice sentence="Horre Sjan Flan!"/>
		<voice sentence="Forle Bramma!"/>
	</voices>
	<loot>
    <item id="2148" countmax="40" chance="30100" /><!-- gold coin -->
    <item id="2406" chance="9250" /><!-- short sword -->
    <item id="2666" countmax="2" chance="5300" /><!-- meat -->
    <item id="7290" chance="550" /><!-- shard -->
    <item id="10575" chance="5650" /><!-- frost giant pelt -->
    <item id="7441" chance="2450" /><!-- ice cube -->
    <item id="2490" chance="675" /><!-- dark helmet -->
    <item id="1987" chance="100000"><!-- bag -->

            <item id="7618" chance="1300" /><!-- health potion -->
            <item id="2513" chance="2300" /><!-- battle shield -->
            <item id="2381" chance="1275" /><!-- halberd -->
            <item id="2209" chance="600" /><!-- club ring -->
            <item id="7460" chance="700" /><!-- norse shield -->

    </item>
</loot>
















</monster>
