<?xml version="1.0" encoding="UTF-8"?>
<monster name="Lancer Beetle" nameDescription="a lancer beetle" race="venom" experience="275" speed="220" manacost="0">
<health now="400" max="400"/>
<look type="45" head="0" body="0" legs="0" feet="0" corpse="2902"/>
<targetchange interval="5000" chance="10"/>
<strategy attack="100" defense="0"/>
<flags>
<flag summonable="0"/>
<flag attackable="1"/>
<flag hostile="1"/>
<flag illusionable="1"/>
<flag convinceable="670"/>
<flag pushable="0"/>
<flag canpushitems="1"/>
<flag canpushcreatures="0"/>
<flag targetdistance="1"/>
<flag staticattack="90"/>
<flag runonhealth="80"/>
</flags>
<attacks>
<attack name="melee" interval="2000" skill="40" attack="60"/>
<attack name="lifedrain" interval="2000" chance="18" length="8" spread="3" min="-0" max="-90">
<attribute key="areaEffect" value="poison"/>
</attack>
<attack name="poisonfield" interval="2000" chance="18" target="0" radius="3">
</attack>
</attacks>
	<defenses armor="25" defense="25">
		<defense name="invisible" interval="2000" chance="18" duration="5000">
			<attribute key="areaEffect" value="blueshimmer"/>										
		</defense>	
	</defenses>
<elements>
<element deathPercent="50"/>
</elements>
<immunities>
<immunity earth="1"/>
<immunity invisible="1"/>
<immunity lifedrain="1"/>
<immunity paralyze="1"/>
</immunities>
<voices interval="5000" chance="9">
<voice sentence="Crump!" yell="1"/>
</voices>
<loot>
    <item id="2148" countmax="100" chance="29925" /><!-- gold coin -->
    <item id="2148" countmax="29" chance="29925" /><!-- gold coin -->
    <item id="11372" chance="15975" /><!-- lancer beetle shell -->
    <item id="10557" chance="8775" /><!-- poisonous slime -->
    <item id="1987" chance="100000"><!-- bag -->

            <item id="10609" chance="4200" /><!-- lump of dirt -->
            <item id="2150" chance="850" /><!-- small amethyst -->
            <item id="11374" chance="1075" /><!-- beetle necklace -->

    </item>
</loot>
















</monster>