<?xml version="1.0" encoding="UTF-8" ?>
<monster name="Penguin" nameDescription="penguin" race="blood" experience="1" speed="116" manacost="290">
	<health now="33" max="33"/>
	<look type="279" corpse="5510"/>
	<targetchange interval="2000" chance="0"/>
	<strategy attack="100" defense="0"/>
	<flags>
		<flag summonable="1"/>
		<flag attackable="1"/>
		<flag hostile="1"/>
		<flag illusionable="1"/>
		<flag convinceable="1"/>
		<flag pushable="0"/>
		<flag canpushitems="0"/>
		<flag canpushcreatures="0"/>
		<flag targetdistance="1"/>
		<flag runonhealth="15"/>
	</flags>
	<attacks>
		<attack name="melee" interval="2000" skill="10" attack="3"/>
	</attacks>
	<elements>
		<element icePercent="20"/>
		<element energyPercent="-10"/>
	</elements>
	<loot>
    <item id="2667" countmax="2" chance="5900" /><!-- fish -->
    <item id="7158" chance="600" /><!-- rainbow trout -->
    <item id="7159" chance="650" /><!-- green perch -->
</loot>



















</monster>
