<?xml version="1.0" encoding="UTF-8"?>
<monster name="Pirate Ghost" nameDescription="a pirate ghost" race="undead" experience="250" speed="230" manacost="0">
	<health now="275" max="275"/>
	<look type="196" corpse="3128"/>
	<targetchange interval="5000" chance="8"/>
	<strategy attack="100" defense="0"/>
	<flags>
		<flag summonable="0"/>
		<flag attackable="1"/>
		<flag hostile="1"/>
		<flag illusionable="0"/>
		<flag convinceable="0"/>
		<flag pushable="1"/>
		<flag canpushitems="1"/>
		<flag canpushcreatures="0"/>
		<flag staticattack="90"/>
		<flag targetdistance="1"/>
		<flag runonhealth="0"/>
	</flags>
	<attacks>
		<attack name="melee" interval="2000" skill="30" attack="50" poison="40"/>
		<attack name="lifedrain" interval="2000" chance="18" range="7" min="-30" max="-80">
			<attribute key="areaEffect" value="redshimmer"/>
		</attack>
		<attack name="death" interval="2000" chance="18" range="7" radius="2" target="1" max="-65">
				<attribute key="areaEffect" value="rednote"/>
		</attack>
	</attacks>
	<defenses armor="20" defense="25">
		<defense name="healing" interval="2000" chance="18" min="24" max="30">
			<attribute key="areaEffect" value="blueshimmer"/>
		</defense>
	</defenses>
	<elements>
		<element holyPercent="-25"/>
	</elements>
	<immunities>
		<immunity paralyze="1"/>
		<immunity earth="1"/>
		<immunity death="1"/>
		<immunity physical="1"/>
	</immunities>
	<voices interval="5000" chance="9">
		<voice sentence="Yooh Ho Hooh Ho!"/>
		<voice sentence="Hell is waiting for You!"/>
		<voice sentence="It's alive!"/>
		<voice sentence="The curse! Aww the curse!"/>
		<voice sentence="You will not get my treasure!"/>
	</voices>
	<loot>
    <item id="2165" chance="1400" /><!-- stealth ring -->
    <item id="2148" countmax="63" chance="17825" /><!-- gold coin -->
    <item id="10601" chance="5075" /><!-- tattered piece of robe -->
    <item id="1987" chance="100000"><!-- bag -->

            <item id="1948" chance="1150" /><!-- parchment -->
            <item id="2383" chance="575" /><!-- spike sword -->
            <item id="2655" chance="650" /><!-- red robe -->

    </item>
</loot>




















</monster>
