<?xml version="1.0" encoding="UTF-8"?>
<monster name="Pirate Skeleton" nameDescription="a pirate skeleton" race="undead" experience="85" speed="230" manacost="0">
	<health now="190" max="190"/>
	<look type="195" corpse="6070"/>
	<targetchange interval="5000" chance="8"/>
	<strategy attack="100" defense="0"/>
	<flags>
		<flag summonable="0"/>
		<flag attackable="1"/>
		<flag hostile="1"/>
		<flag illusionable="0"/>
		<flag convinceable="0"/>
		<flag pushable="1"/>
		<flag canpushitems="1"/>
		<flag canpushcreatures="0"/>
		<flag staticattack="90"/>
		<flag targetdistance="1"/>
		<flag runonhealth="20"/>
	</flags>
	<attacks>
		<attack name="melee" interval="2000" skill="40" attack="20"/>
	</attacks>
	<defenses armor="18" defense="19"/>
	<elements>
		<element deathPercent="100"/>
		<element holyPercent="-20"/>
	</elements>
	<loot>
    <item id="2148" countmax="25" chance="26575" /><!-- gold coin -->
    <item id="10559" chance="5075" /><!-- spooky blue eye -->
    <item id="2230" chance="6450" /><!-- bone -->
    <item id="2231" chance="5225" /><!-- big bone -->
    <item id="1987" chance="100000"><!-- bag -->

            <item id="2229" chance="4975" /><!-- skull -->
            <item id="2406" chance="1250" /><!-- short sword -->
            <item id="2449" chance="1550" /><!-- bone club -->
            <item id="2376" chance="1200" /><!-- sword -->

    </item>
</loot>




















</monster>
