<?xml version="1.0" encoding="UTF-8"?>
<monster name="Silver Rabbit" nameDescription="a silver rabbit" race="blood" experience="0" speed="184" manacost="220">
	<health now="15" max="15"/>
	<look type="289" head="69" body="66" legs="69" feet="66" corpse="5511"/>
	<targetchange interval="2000" chance="16"/>
	<strategy attack="100" defense="0"/>
	<flags>
		<flag summonable="1"/>
		<flag attackable="1"/>
		<flag hostile="1"/>
		<flag illusionable="0"/>
		<flag convinceable="1"/>
		<flag pushable="0"/>
		<flag canpushitems="0"/>
		<flag staticattack="50"/>
		<flag lightlevel="0"/>
		<flag lightcolor="0"/>
		<flag targetdistance="6"/>
		<flag runonhealth="0"/>
	</flags>
	<defenses armor="6" defense="7"/>
	<loot>
    <item id="11209" chance="31200" /><!-- silky fur -->
    <item id="2666" countmax="2" chance="84425" /><!-- meat -->
    <item id="2684" chance="8850" /><!-- carrot -->
    <item id="6541" chance="650" /><!-- coloured egg -->
</loot>

















</monster>
