<?xml version="1.0" encoding="UTF-8"?>
<monster name="Young Sea Serpent" nameDescription="a young sea serpent" race="blood" experience="1000" speed="350" manacost="0">
	<health now="1050" max="1050"/>
	<look type="21" head="0" body="0" legs="0" feet="0" corpse="5500"/>
	<targetchange interval="2000" chance="50"/>
	<strategy attack="100" defense="0"/>
	<flags>
		<flag summonable="0"/>
		<flag attackable="1"/>
		<flag hostile="1"/>
		<flag illusionable="0"/>
		<flag convinceable="0"/>
		<flag pushable="0"/>
		<flag canpushitems="1"/>
		<flag staticattack="85"/>
		<flag canpushcreatures="1"/>
		<flag targetdistance="0"/>
		<flag runonhealth="300"/>
	</flags>
	<attacks>
		<attack name="melee" interval="2000" skill="25" attack="80"/>
		<attack name="earth" interval="2000" chance="14" length="8" spread="3" min="-10" max="-250">
			<attribute key="areaEffect" value="bigplants"/>
		</attack>
		<attack name="ice" interval="2000" chance="14" length="9" spread="3" min="-80" max="-250">
			<attribute key="areaEffect" value="icearea"/>
		</attack>
		<attack name="drowncondition" interval="2000" chance="14" radius="4" target="1" max="-100">
			<attribute key="areaEffect" value="bluebubble"/>
		</attack>
	</attacks>
	<defenses armor="16" defense="20">
		<defense name="healing" interval="2000" chance="14" min="90" max="120">
			<attribute key="areaEffect" value="blueshimmer"/>
		</defense>
				<defense name="speed" interval="2000" chance="14" speedchange="700" duration="5000">
			<attribute key="areaEffect" value="redshimmer"/>
		</defense>
	</defenses>
	<elements>
		<element firePercent="30"/>
		<element energyPercent="-10"/>
		<element physicalPercent="-20"/>
		<element deathPercent="-15"/>
	</elements>
	<immunities>
	<immunity ice="1"/>
	<immunity earth="1"/>
	<immunity invisible="1"/>
	</immunities>
	<voices interval="2000" chance="9">
		<voice sentence="CHHHRRRR"/>
		<voice sentence="HISSSS"/>
	</voices>	
	<loot>
    <item id="2417" chance="5675" /><!-- battle hammer -->
    <item id="2394" chance="40000" /><!-- morning star -->
    <item id="2378" chance="8300" /><!-- battle axe -->
    <item id="1987" chance="100000"><!-- bag -->

            <item id="2148" countmax="100" chance="36175" /><!-- gold coin -->
            <item id="2148" countmax="74" chance="36175" /><!-- gold coin -->
            <item id="2165" chance="1450" /><!-- stealth ring -->
            <item id="2177" chance="800" /><!-- life crystal -->
            <item id="2146" countmax="2" chance="2100" /><!-- small sapphire -->

    </item>
</loot>


















</monster>

