<?xml version="1.0" encoding="UTF-8"?>
<monster name="Orshabaal" nameDescription="Orshabaal" race="fire" experience="9999" speed="380" manacost="0">
  <health now="22500" max="22500"/>
  <look type="201" head="0" body="0" legs="0" feet="0" corpse="2916"/>
  <targetchange interval="2000" chance="10"/>
  <strategy attack="70" defense="10"/>
  <flags>
    <flag summonable="0"/>
    <flag attackable="1"/>
    <flag hostile="1"/>
    <flag illusionable="0"/>
    <flag convinceable="0"/>
    <flag pushable="0"/>
    <flag canpushitems="1"/>
    <flag canpushcreatures="1"/>
    <flag targetdistance="1"/>
    <flag runonhealth="2500"/>
  </flags>
  <attacks>
    <attack name="melee" interval="2000" skill="190" attack="199"/>
    <attack name="manadrain" interval="2000" chance="13" range="7" min="-300" max="-600"/>
    <attack name="manadrain" interval="2000" chance="6" radius="5" target="0" min="-150" max="-350">
      <attribute key="areaEffect" value="poison"/>
    </attack>
    <attack name="strength" interval="2000" chance="6" radius="5" target="0">
      <attribute key="areaEffect" value="blackspark"/>
    </attack>
    <attack name="fire" interval="2000" chance="34" range="7" radius="7" target="1" min="-310" max="-600">
      <attribute key="shootEffect" value="fire"/>
      <attribute key="areaEffect" value="firearea"/>
    </attack>
    <attack name="firefield" interval="2000" chance="10" range="7" radius="4" target="1">
      <attribute key="shootEffect" value="fire"/>
    </attack>
    <attack name="energy" interval="2000" chance="15" length="8" spread="0" min="-500" max="-850">
      <attribute key="areaEffect" value="energy"/>
    </attack>
  </attacks>
  <defenses armor="90" defense="111">
    <defense name="healing" interval="2000" chance="9" min="1500" max="2500">
      <attribute key="areaEffect" value="blueshimmer"/>
    </defense>
    <defense name="healing" interval="2000" chance="17" min="600" max="1000">
      <attribute key="areaEffect" value="blueshimmer"/>
    </defense>
    <defense name="speed" interval="2000" chance="5" speedchange="550" duration="7000">
      <attribute key="areaEffect" value="redshimmer"/>
    </defense>
  </defenses>
  <immunities>
    <immunity physical="0"/>
    <immunity energy="1"/>
    <immunity fire="1"/>
    <immunity poison="1"/>
    <immunity lifedrain="1"/>
    <immunity paralyze="1"/>
    <immunity outfit="1"/>
    <immunity drunk="1"/>
    <immunity invisible="1"/>
  </immunities>
  <summons maxSummons="4">
    <summon name="demon" interval="2000" chance="10" max="4"/>
  </summons>
  <voices interval="5000" chance="10">
    <voice sentence="PRAISED BE MY MASTERS, THE RUTHLESS SEVEN!" yell="1"/>
    <voice sentence="YOU ARE DOOMED!" yell="1"/>
    <voice sentence="ORSHABAAL IS BACK!" yell="1"/>
    <voice sentence="Be prepared for the day my masters will come for you!"/>
    <voice sentence="SOULS FOR ORSHABAAL!" yell="1"/>
  </voices>
	<loot>
    <item id="1988" chance="100000"> <!--backpack -->

            <item id="2472" chance="5750" /> <!--magic plate armor :: Arm 17 -->
            <item id="2176" chance="21550" /><!-- orb -->
            <item id="2470" chance="7525" /> <!--golden legs :: Arm 9 -->
            <item id="2434" chance="11025" /> <!--dragon hammer :: Def 20 :: Atk 32 -->
            <item id="2178" chance="9275" /> <!--mind stone -->
            <item id="2195" chance="30325" /> <!--boots of haste -->
            <item id="2421" chance="4000" /> <!--thunder hammer :: Def 35 :: Atk 49 -->
            <item id="2170" chance="12775" /> <!--silver amulet -->
            <item id="2124" chance="7525" /> <!--crystal ring -->
            <item id="2123" chance="5750" /> <!--ring of the sky -->
            <item id="2125" chance="19800" /> <!--crystal necklace -->
            <item id="2158" chance="14550" /> <!--blue gem -->
            <item id="2436" chance="11025" /> <!--skull staff :: Def 12 :: Atk 36 -->
            <item id="2214" chance="19800" /> <!--ring of healing -->
            <item id="1982" chance="14550" /> <!--purple tome -->
            <item id="2197" chance="14550" /> <!--stone skin amulet -->
            <item id="2514" chance="7525" /> <!--mastermind shield :: Def 37 -->
            <item id="2393" chance="9275" /> <!--giant sword :: Def 22 :: Atk 46 -->
            <item id="2174" chance="5750" /> <!--strange symbol -->
            <item id="2146" countmax="10" chance="11725" /> <!--small sapphire -->
            <item id="2155" chance="18050" /> <!--green gem -->
            <item id="2387" chance="7525" /> <!--double axe :: Def 12 :: Atk 35 -->
            <item id="2177" chance="11025" /> <!--life crystal -->
            <item id="2167" chance="5750" /> <!--energy ring -->
            <item id="2377" chance="4000" /> <!--two handed sword :: Def 25 :: Atk 30 -->
            <item id="2432" chance="7525" /> <!--fire axe :: Def 16 :: Atk 38 -->
            <item id="2033" chance="14550" /> <!--golden mug -->
            <item id="2418" chance="9275" /><!-- golden sickle :: Def 6 :: Atk 13 -->
            <item id="2150" countmax="19" chance="17575" /> <!--small amethyst -->
            <item id="2179" chance="14550" /> <!--gold ring -->
            <item id="2144" countmax="15" chance="9850" /><!-- black pearl -->
            <item id="2162" chance="9275" /> <!--magic lightwand -->
            <item id="2165" chance="16300" /> <!--stealth ring -->
            <item id="2200" chance="18050" /> <!--protection amulet -->
            <item id="2322" chance="2250" /> <!--doll -->

    </item>
    <item id="2152" countmax="75" chance="43575" /> <!--platinum coin -->
    <item id="2164" chance="14550" /> <!--might ring -->
    <item id="2192" chance="14550" /> <!--crystal ball -->
    <item id="2149" countmax="10" chance="15050" /> <!--small emerald -->
    <item id="2520" chance="28575" /> <!--demon shield :: Def 35 -->
    <item id="2143" countmax="15" chance="9275" /> <!--white pearl -->
    <item id="2112" chance="12775" /> <!--teddy bear -->
    <item id="2151" countmax="7" chance="8275" /> <!--talon -->
    <item id="2145" countmax="5" chance="14175" /> <!--small diamond -->
    <item id="2402" chance="7525" /> <!--silver dagger :: Def 7 :: Atk 8 -->
    <item id="2171" chance="16300" /> <!--platinum amulet :: Arm 2 -->
    <item id="2462" chance="14550" /> <!--devil helmet :: Arm 7 -->
    <item id="2142" chance="4000" /> <!--ancient amulet -->
    <item id="2396" chance="5750" /> <!--ice rapier :: Atk 100 :: Def 1 -->
    <item id="2148" countmax="100" chance="4025" /> <!--gold coin -->
    <item id="2148" countmax="84" chance="4025" /> <!--gold coin -->
</loot>
</monster>

