<?xml version="1.0" encoding="UTF-8"?>
<monster name="Demon" nameDescription="a demon" race="fire" experience="100" speed="300" manacost="0">
  <health now="50" max="50"/>
  <look type="35" head="0" body="0" legs="0" feet="0" corpse="2940"/>
  <targetchange interval="2000" chance="10"/>
  <strategy attack="10" defense="5"/>
  <flags>
    <flag summonable="0"/>
    <flag attackable="1"/>
    <flag hostile="1"/>
    <flag illusionable="0"/>
    <flag convinceable="0"/>
    <flag pushable="0"/>
    <flag canpushitems="1"/>
    <flag canpushcreatures="1"/>
    <flag targetdistance="1"/>
    <flag runonhealth="0"/>
  </flags>
  <attacks>
    <attack name="melee" interval="2000" skill="5" attack="5"/>
    <attack name="manadrain" interval="2000" chance="13" range="7" min="-1" max="-3"/>
    <attack name="fire" interval="2000" chance="34" range="7" radius="7" target="1" min="-" max="-3">
      <attribute key="shootEffect" value="fire"/>
      <attribute key="areaEffect" value="firearea"/>
    </attack>
  </attacks>
  <defenses armor="10" defense="5">
    <defense name="healing" interval="2000" chance="15" min="5" max="30">
      <attribute key="areaEffect" value="blueshimmer"/>
    </defense>
  </defenses>
  <immunities>
    <immunity physical="0"/>
    <immunity energy="0"/>
    <immunity fire="0"/>
    <immunity poison="0"/>
    <immunity lifedrain="0"/>
    <immunity paralyze="1"/>
    <immunity outfit="1"/>
    <immunity drunk="1"/>
    <immunity invisible="1"/>
  </immunities>
  <summons maxSummons="2">
    <summon name="fire elemental (raid)" interval="2000" chance="9" max="1"/>
  </summons>
  <voices interval="5000" chance="10">
    <voice sentence="MUHAHAHAHA!" yell="1"/>
    <voice sentence="I SMELL FEEEEEAAAR!" yell="1"/>
    <voice sentence="CHAMEK ATH UTHUL ARAK!" yell="1"/>
    <voice sentence="Your resistance is futile!"/>
    <voice sentence="Your soul will be mine!" yell="1"/>
  </voices>
	<loot>
    <item id="1987" chance="100000"> <!--bag -->

		<item id="2430" chance="1500"/><!-- K axe -->
		<item id="2409" chance="1940"/><!-- serpent -->
		<item id="2463" chance="1500"/><!-- plate armor -->
		<item id="2647" chance="1500"/><!-- plate legs -->
		<item id="2457" chance="1500"/><!-- steel -->
		

    </item>
		<item id="1294" countmax="50" chance="15290"/><!-- small stone -->
		<item id="2678" countmax="30" chance="15290"/><!-- Cocos -->
 		<item id="2148" countmax="300" chance="50320"/><!-- gold coin -->
		<item id="2152" countmax="7" chance="25000"/><!-- Plation coin -->
		<item id="2160" countmax="1" chance="2000"/><!-- Crystal coin -->
		<item id="2795" countmax="3" chance="50320"/><!-- Fire Mushirum -->
</loot>
</monster>
