<?xml version="1.0" encoding="UTF-8"?>
<monster name="Beholder" nameDescription="a beholder" race="blood" experience="170" speed="150" manacost="0">
  <health now="260" max="260"/>
  <look type="17" head="0" body="0" legs="0" feet="0" corpse="2908"/>
  <targetchange interval="2000" chance="50"/>
  <strategy attack="100" defense="0"/>
  <flags>
    <flag summonable="0"/>
    <flag attackable="1"/>
    <flag hostile="1"/>
    <flag illusionable="1"/>
    <flag convinceable="0"/>
    <flag pushable="0"/>
    <flag canpushitems="1"/>
    <flag canpushcreatures="0"/>
    <flag targetdistance="4"/>
    <flag runonhealth="0"/>
  </flags>
  <attacks>
    <attack name="melee" interval="2000" skill="35" attack="12"/>
    <attack name="energy" interval="2000" chance="7" range="7" min="-15" max="-45">
      <attribute key="shootEffect" value="energy"/>
    </attack>
    <attack name="fire" interval="2000" chance="7" range="7" min="-25" max="-45">
      <attribute key="shootEffect" value="fire"/>
    </attack>
    <attack name="physical" interval="2000" chance="8" range="7" min="-30" max="-50">
      <attribute key="shootEffect" value="death"/>
      <attribute key="areaEffect" value="mortarea"/>
    </attack>
    <attack name="poison" interval="2000" chance="8" range="7" min="-5" max="-45">
      <attribute key="shootEffect" value="poison"/>
    </attack>
    <attack name="lifedrain" interval="2000" chance="6" range="7" min="-35" max="-45">
      <attribute key="areaEffect" value="redshimmer"/>
    </attack>
    <attack name="manadrain" interval="2000" chance="5" range="7" min="-5" max="-25">
      <attribute key="areaEffect" value="redshimmer"/>
    </attack>
  </attacks>
  <defenses armor="5" defense="20"/>
  <immunities>
    <immunity physical="0"/>
    <immunity energy="0"/>
    <immunity fire="0"/>
    <immunity poison="1"/>
    <immunity lifedrain="1"/>
    <immunity paralyze="0"/>
    <immunity outfit="1"/>
    <immunity drunk="1"/>
    <immunity invisible="1"/>
  </immunities>
  <summons maxSummons="6">
    <summon name="skeleton" interval="2000" chance="12" max="6"/>
  </summons>
  <voices interval="5000" chance="10">
    <voice sentence="Eye for eye!"/>
    <voice sentence="Here's looking at you!"/>
    <voice sentence="Let me take a look at you!"/>
    <voice sentence="You've got the look!"/>
  </voices>
	<loot>
    <item id="1987" chance="100000"> <!--bag -->
    </item>
    <item id="2394" chance="14175" /> <!--morning star :: Def 11 :: Atk 25 -->
    <item id="2397" chance="16550" /> <!--longsword :: Def 14 :: Atk 17 -->
    <item id="2377" chance="8425" /> <!--two handed sword :: Def 25 :: Atk 30 -->
    <item id="2175" chance="10350" /> <!--spellbook :: Def 14 -->
    <item id="2509" chance="8100" /> <!--steel shield :: Def 21 -->
    <item id="2148" countmax="60" chance="91675" /> <!--gold coin -->
</loot>
</monster>
