<?xml version="1.0" encoding="UTF-8"?>
<monster name="Necropharus" nameDescription="Necropharus" race="blood" experience="700" speed="200" manacost="0">
  <health now="750" max="750"/>
  <look type="209" head="0" body="0" legs="0" feet="0" corpse="3058"/>
  <targetchange interval="2000" chance="50"/>
  <strategy attack="100" defense="0"/>
  <flags>
    <flag summonable="0"/>
    <flag attackable="1"/>
    <flag hostile="1"/>
    <flag illusionable="0"/>
    <flag convinceable="0"/>
    <flag pushable="0"/>
    <flag canpushitems="1"/>
    <flag canpushcreatures="1"/>
    <flag targetdistance="4"/>
    <flag runonhealth="0"/>
  </flags>
  <attacks>
    <attack name="melee" interval="2000" skill="35" attack="45" poison="95"/>
    <attack name="lifedrain" interval="2000" chance="20" range="1" min="-80" max="-120">
      <attribute key="areaEffect" value="redspark"/>
    </attack>
    <attack name="poison" interval="2000" chance="17" range="7" min="-50" max="-140">
      <attribute key="shootEffect" value="poison"/>
      <attribute key="areaEffect" value="poison"/>
    </attack>
  </attacks>
  <defenses armor="55" defense="45">
    <defense name="healing" interval="2000" chance="25" min="60" max="90">
      <attribute key="areaEffect" value="blueshimmer"/>
    </defense>
  </defenses>
  <immunities>
    <immunity physical="0"/>
    <immunity energy="0"/>
    <immunity fire="0"/>
    <immunity poison="1"/>
    <immunity lifedrain="1"/>
    <immunity paralyze="0"/>
    <immunity outfit="1"/>
    <immunity drunk="1"/>
    <immunity invisible="1"/>
  </immunities>
  <summons maxSummons="4">
    <summon name="ghoul" interval="2000" chance="20" max="2"/>
    <summon name="ghost" interval="2000" chance="17" max="1"/>
    <summon name="mummy" interval="2000" chance="15" max="1"/>
  </summons>
  <voices interval="5000" chance="10">
    <voice sentence="You will rise as my servant!"/>
    <voice sentence="Praise to my master Urgith!"/>
  </voices>
	<loot>
    <item id="1987" chance="100000"> <!--bag -->

            <item id="2423" chance="95050" /> <!--clerical mace :: Def 15 :: Atk 28 -->
            <item id="2449" chance="28675" /> <!--bone club :: Def 8 :: Atk 12 -->
            <item id="2230" chance="18600" /> <!--bone -->
            <item id="2796" chance="28675" /> <!--green mushroom -->
            <item id="2663" chance="18600" /> <!--mystic turban :: Arm 1 -->

    </item>
    <item id="2436" chance="66850" /> <!--skull staff :: Def 12 :: Atk 36 -->
    <item id="2229" chance="47775" /> <!--skull -->
	<item id="2148" countmax="99" chance="98150" /> <!--gold coin -->
</loot>
</monster>
