<?xml version="1.0" encoding="UTF-8"?>
<monster name="Dragon Lord" nameDescription="a dragon lord" race="blood" experience="2100" speed="200" manacost="0">
  <health now="1900" max="1900"/>
  <look type="39" head="0" body="0" legs="0" feet="0" corpse="2881"/>
  <targetchange interval="2000" chance="5"/>
  <strategy attack="70" defense="10"/>
  <flags>
    <flag summonable="0"/>
    <flag attackable="1"/>
    <flag hostile="1"/>
    <flag illusionable="1"/>
    <flag convinceable="0"/>
    <flag pushable="0"/>
    <flag canpushitems="1"/>
    <flag canpushcreatures="1"/>
    <flag targetdistance="1"/>
    <flag runonhealth="300"/>
  </flags>
  <attacks>
    <attack name="melee" interval="2000" skill="65" attack="55"/>
    <attack name="fire" interval="2000" chance="17" range="7" radius="4" target="1" min="-120" max="-180">
      <attribute key="shootEffect" value="fire"/>
      <attribute key="areaEffect" value="firearea"/>
    </attack>
    <attack name="firefield" interval="2000" chance="15" range="7" radius="4" target="1">
      <attribute key="shootEffect" value="fire"/>
    </attack>
    <attack name="fire" interval="2000" chance="17" length="8" spread="3" min="-150" max="-250">
      <attribute key="areaEffect" value="firearea"/>
    </attack>
  </attacks>
  <defenses armor="32" defense="48">
    <defense name="healing" interval="2000" chance="25" min="57" max="93">
      <attribute key="areaEffect" value="blueshimmer"/>
    </defense>
  </defenses>
  <immunities>
    <immunity physical="0"/>
    <immunity energy="0"/>
    <immunity fire="1"/>
    <immunity poison="1"/>
    <immunity lifedrain="1"/>
    <immunity paralyze="1"/>
    <immunity outfit="1"/>
    <immunity drunk="1"/>
    <immunity invisible="1"/>
  </immunities>
  <voices interval="5000" chance="10">
    <voice sentence="ZCHHHHH" yell="1"/>
    <voice sentence="YOU WILL BURN!" yell="1"/>
  </voices>
	<loot>
    <item id="1987" chance="100000"> <!--bag -->

            <item id="2177" chance="650" /> <!--life crystal -->
            <item id="2498" chance="400" /> <!--royal helmet :: Arm 9 -->
            <item id="2528" chance="1600" /> <!--tower shield :: Def 32 -->
            <item id="2392" chance="1650" /> <!--fire sword :: Def 20 :: Atk 35 -->
            <item id="2479" chance="1825" /> <!--strange helmet :: Arm 6 -->
            <item id="2492" chance="200" /> <!--dragon scale mail :: Arm 15 -->

    </item>
    <item id="2672" chance="77450" /> <!--dragon ham -->
    <item id="2796" chance="22500" /> <!--green mushroom -->
    <item id="2146" chance="10500" /> <!--small sapphire -->
    <item id="2547" countmax="7" chance="8250" /> <!--power bolt :: Atk 50 -->
    <item id="2167" chance="10475" /> <!--energy ring -->
    <item id="1976" chance="18525" /> <!--gemmed book -->
    <item id="2033" chance="4900" /> <!--golden mug -->
    <item id="2148" countmax="100" chance="69475" /> <!--gold coin -->
    <item id="2148" countmax="100" chance="69475" /> <!--gold coin -->
    <item id="2148" countmax="45" chance="69475" /> <!--gold coin -->
</loot>
</monster>
