<?xml version="1.0" encoding="UTF-8"?>
<monster name="Elf Arcanist" nameDescription="an elf arcanist" race="blood" experience="175" speed="220" manacost="0">
  <health now="220" max="220"/>
  <look type="63" head="0" body="0" legs="0" feet="0" corpse="2979"/>
  <targetchange interval="2000" chance="50"/>
  <strategy attack="100" defense="0"/>
  <flags>
    <flag summonable="0"/>
    <flag attackable="1"/>
    <flag hostile="1"/>
    <flag illusionable="0"/>
    <flag convinceable="0"/>
    <flag pushable="0"/>
    <flag canpushitems="1"/>
    <flag canpushcreatures="0"/>
    <flag targetdistance="4"/>
    <flag runonhealth="0"/>
  </flags>
  <attacks>
    <attack name="melee" interval="2000" skill="25" attack="20"/>
    <attack name="physical" interval="2000" chance="10" range="7" min="-15" max="-45">
      <attribute key="shootEffect" value="arrow"/>
    </attack>
    <attack name="energy" interval="2000" chance="9" range="7" min="-30" max="-50">
      <attribute key="shootEffect" value="energy"/>
      <attribute key="areaEffect" value="energy"/>
    </attack>
    <attack name="physical" interval="2000" chance="12" range="7" min="-60" max="-80">
      <attribute key="shootEffect" value="death"/>
    </attack>
  </attacks>
  <defenses armor="15" defense="20">
    <defense name="healing" interval="2000" chance="20" min="42" max="68">
      <attribute key="areaEffect" value="blueshimmer"/>
    </defense>
  </defenses>
  <immunities>
    <immunity physical="0"/>
    <immunity energy="1"/>
    <immunity fire="1"/>
    <immunity poison="1"/>
    <immunity lifedrain="0"/>
    <immunity paralyze="0"/>
    <immunity outfit="1"/>
    <immunity drunk="1"/>
    <immunity invisible="1"/>
  </immunities>
  <voices interval="5000" chance="10">
    <voice sentence="Feel my wrath!"/>
    <voice sentence="For the Daughter of the Stars!"/>
    <voice sentence="I'll bring balance upon you!"/>
    <voice sentence="Tha'shi Cenath!"/>
    <voice sentence="Vihil Ealuel!"/>
  </voices>
	<loot>
    <item id="1987" chance="100000"> <!--bag -->

            <item id="2642" chance="2650" /> <!--sandals -->
            <item id="2600" chance="2725" /> <!--inkwell -->
            <item id="2189" chance="2175" /> <!--yellow spell wand -->
            <item id="2652" chance="14100" /> <!--green tunic :: Arm 1 -->
            <item id="2047" chance="4250" /> <!--candlestick -->
            <item id="2198" chance="4100" /> <!--elven amulet -->
            <item id="2747" chance="2550" /> <!--grave flower -->

    </item>
    <item id="2260" chance="29575" /> <!--blank rune -->
    <item id="2689" chance="24100" /> <!--bread -->
    <item id="2682" chance="43600" /> <!--melon -->
    <item id="1949" chance="49225" /> <!--scroll -->
    <item id="2177" chance="2100" /> <!--life crystal -->
    <item id="2544" countmax="3" chance="6425" /> <!--arrow :: Atk 25 -->
    <item id="2802" chance="10200" /> <!--sling herb -->
	<item id="2148" countmax="50" chance="40300" /> <!--gold coin
</loot> -->
</monster>
