<?xml version="1.0" encoding="UTF-8"?>
<monster name="Giant Spider" nameDescription="a giant spider" race="venom" experience="900" speed="240" manacost="0">
  <health now="1300" max="1300"/>
  <look type="38" head="0" body="0" legs="0" feet="0" corpse="2857"/>
  <targetchange interval="2000" chance="10"/>
  <strategy attack="70" defense="20"/>
  <flags>
    <flag summonable="0"/>
    <flag attackable="1"/>
    <flag hostile="1"/>
    <flag illusionable="0"/>
    <flag convinceable="0"/>
    <flag pushable="0"/>
    <flag canpushitems="1"/>
    <flag canpushcreatures="1"/>
    <flag targetdistance="1"/>
    <flag runonhealth="0"/>
  </flags>
  <attacks>
    <attack name="melee" interval="2000" skill="80" attack="65" poison="150"/>
    <attack name="poisonfield" interval="2000" chance="17" range="7" radius="1" target="1">
      <attribute key="shootEffect" value="poison"/>
    </attack>
  </attacks>
  <defenses armor="30" defense="40">
    <defense name="speed" interval="2000" chance="6" speedchange="400" duration="20000">
      <attribute key="areaEffect" value="redshimmer"/>
    </defense>
  </defenses>
  <immunities>
    <immunity physical="0"/>
    <immunity energy="0"/>
    <immunity fire="1"/>
    <immunity poison="1"/>
    <immunity lifedrain="1"/>
    <immunity paralyze="0"/>
    <immunity outfit="1"/>
    <immunity drunk="1"/>
    <immunity invisible="1"/>
  </immunities>
  <summons maxSummons="2">
    <summon name="poison spider" interval="2000" chance="10" max="2"/>
  </summons>
	<loot>
    <item id="1987" chance="100000"> <!--bag -->

            <item id="2477" chance="1450" /> <!--knight legs :: Arm 8 -->
            <item id="2476" chance="400" /> <!--knight armor :: Arm 12 -->
            <item id="2171" chance="250" /> <!--platinum amulet :: Arm 2 -->

    </item>
    <item id="2545" countmax="12" chance="7075" /> <!--poison arrow :: Atk 20 -->
    <item id="2457" chance="10750" /> <!--steel helmet :: Arm 6 -->
    <item id="2463" chance="20800" /> <!--plate armor :: Arm 10 -->
    <item id="2169" chance="2250" /> <!--time ring -->
    <item id="2478" chance="16900" /> <!--brass legs :: Arm 5 -->
	<item id="2148" countmax="100" chance="97725" /> <!--gold coin -->
</loot>
</monster>
