<monster name="Grolam" nameDescription="Grolam" race="blood" experience="2400" speed="240" manacost="0">
 <health now="3000" max="3000"/>
  <look type="205" head="20" body="30" legs="40" feet="50" corpse="2952"/>
  <targetchange interval="5000" chance="8"/>
  <strategy attack="100" defense="0"/>
  <flags>
    <flag summonable="0"/>
    <flag attackable="1"/>
    <flag hostile="1"/>
    <flag illusionable="0"/>
    <flag convinceable="0"/>
    <flag pushable="0"/>
    <flag canpushitems="1"/>
    <flag canpushcreatures="1"/>
    <flag targetdistance="1"/>
    <flag staticattack="90"/>
    <flag runonhealth="0"/>
  </flags>
  <attacks>
    <attack name="melee" interval="2000" skill="75" attack="60"/>
    <attack name="physical" interval="1000" chance="15" range="7" min="-150" max="-200">
      <attribute key="shootEffect" value="largerock"/>
    </attack>
  </attacks>
  <defenses armor="15" defense="25">
    <defense name="healing" interval="1000" chance="25" min="100" max="150">
      <attribute key="areaEffect" value="blueshimmer"/>
    </defense>
    <defense name="speed" interval="1000" chance="6" speedchange="270" duration="6000">
      <attribute key="areaEffect" value="redshimmer"/>
    </defense>
  </defenses>
   <elements>
   <element firePercent="100"/>
   <element earthPercent="100"/>
   <element physicalPercent="30"/>
   <element holyPercent="20"/>
   <element energyPercent="20"/>
   <element deathPercent="-5"/>
   <element firePercent="-10"/>
 </elements>
 <immunities>
    <immunity paralyze="1"/>
  </immunities>
<loot>
 <item id="2148" countmax="98" chance1="100000" chancemax="4000"/><!-- 1-98 100% gold -->
 <item id="2148" countmax="89" chance1="90000" chancemax="0"/><!-- 1-89 90% 2148 gold -->
 <item id="2148" countmax="86" chance1="90000" chancemax="0"/><!-- 1-86 90% 2148 gold -->
 <item id="2150" countmax="2" chance1="69000" chancemax="10000"/><!-- 1-2 69% small amethyst -->
 <item id="2156" chance="70000"/><!-- 70% 2156 red gem -->
 <item id="2645" chance="7000"/><!-- 7% steel boots -->
   <item id="1987" chance="100000"><!-- bag -->
     
     <item id="2166" chance="46000"/><!-- 46% 2166 power ring -->
     <item id="2509" chance="70000"/><!-- 70% 2509 steel shield -->
     
   </item>
</loot>
 </monster>