<?xml version="1.0" encoding="UTF-8"?>
<monster name="The Old Widow" nameDescription="The Old Widow" race="venom" experience="2800" speed="278" manacost="0">
  <health now="3550" max="3550"/>
  <look type="208" head="0" body="0" legs="0" feet="0" corpse="2857"/>
  <targetchange interval="2000" chance="10"/>
  <strategy attack="70" defense="20"/>
  <flags>
    <flag summonable="0"/>
    <flag attackable="1"/>
    <flag hostile="1"/>
    <flag illusionable="0"/>
    <flag convinceable="0"/>
    <flag pushable="0"/>
    <flag canpushitems="1"/>
    <flag canpushcreatures="1"/>
    <flag targetdistance="1"/>
    <flag runonhealth="0"/>
  </flags>
  <attacks>
    <attack name="melee" interval="2000" skill="120" attack="95" poison="450"/>
    <attack name="poison" interval="2000" chance="15" range="7" min="-20" max="-300">
      <attribute key="shootEffect" value="poison"/>
      <attribute key="areaEffect" value="poison"/>
    </attack>
    <attack name="speed" interval="2000" chance="20" range="7" speedchange="-900" duration="25000">
      <attribute key="shootEffect" value="poison"/>
      <attribute key="areaEffect" value="poison"/>
    </attack>
    <attack name="poisonfield" interval="2000" chance="10" range="7" radius="4" target="1">
      <attribute key="shootEffect" value="poison"/>
    </attack>
  </attacks>
  <defenses armor="45" defense="60">
    <defense name="healing" interval="2000" chance="17" min="225" max="275">
      <attribute key="areaEffect" value="blueshimmer"/>
    </defense>
    <defense name="speed" interval="2000" chance="8" speedchange="450" duration="6000">
      <attribute key="areaEffect" value="redshimmer"/>
    </defense>
  </defenses>
  <immunities>
    <immunity physical="0"/>
    <immunity energy="0"/>
    <immunity fire="1"/>
    <immunity poison="1"/>
    <immunity lifedrain="1"/>
    <immunity paralyze="0"/>
    <immunity outfit="1"/>
    <immunity drunk="1"/>
    <immunity invisible="1"/>
  </immunities>
  <summons maxSummons="2">
    <summon name="giant spider" interval="3000" chance="13" max="2"/>
  </summons>
	<loot>
		<item id="1987" chance="100000"> <!--bag -->
			
				<item id="2457" countmax="1" chance="10000"/> <!--steel helmet :: Arm 6 -->
				<item id="2476" chance="500" /> <!--knight armor :: Arm 12 -->
				<item id="2477" chance="500"/> <!--knight legs :: Arm 8 -->
				<item id="2478" chance="10000"/> <!--brass legs :: Arm 5 -->
				<item id="2169" chance="300" /> <!--time ring -->
			
		</item>
		<item id="2463" chance="4000"/> <!--plate armor :: Arm 10 -->
		<item id="2171" chance="400"/> <!--platinum amulet :: Arm 2 -->
		<item id="2459" chance="20000"/> <!--iron helmet :: Arm 5 -->
		<item id="2148" countmax="100" chance="100000"/> <!--gold coin -->
		<item id="2148" countmax="40" chance="100000"/> <!--gold coin -->
	</loot>
</monster>
