<?xml version="1.0" encoding="UTF-8"?>
<monster name="Frozen Spider" nameDescription="a frozen spider" race="undead" experience="515" speed="280" manacost="0">
  <health now="795" max="795"/>
  <look type="338" head="0" body="0" legs="0" feet="0" corpse="5931"/>
  <targetchange interval="2000" chance="10"/>
  <strategy attack="70" defense="20"/>
  <flags>
    <flag summonable="0"/>
    <flag attackable="1"/>
    <flag hostile="1"/>
    <flag illusionable="0"/>
    <flag convinceable="0"/>
    <flag pushable="0"/>
    <flag canpushitems="1"/>
    <flag canpushcreatures="1"/>
    <flag targetdistance="1"/>
    <flag runonhealth="100"/>
  </flags>
  <attacks>
    <attack name="melee" interval="2000" skill="50" attack="50" poison="480"/>
    <attack name="physical" interval="2300" chance="27" range="8" target="1" min="-10" max="-390">
      <attribute key="areaEffect" value="icepilar"/>
      <attribute key="shootEffect" value="ice"/>
    </attack>
    <attack name="speed" interval="2500" chance="23" range="7" target="1" speedchange="-450" duration="2000">
      <attribute key="shootEffect" value="snowball"/>
      <attribute key="areaEffect" value="poff"/>
    </attack>
  </attacks>
  <defenses armor="40" defense="60">
  </defenses>
  <immunities>
    <immunity physical="0"/>
    <immunity energy="0"/>
    <immunity fire="0"/>
    <immunity poison="0"/>
    <immunity lifedrain="0"/>
    <immunity paralyze="0"/>
    <immunity outfit="1"/>
    <immunity drunk="1"/>
    <immunity invisible="1"/>
  </immunities>
  <voices interval="5000" chance="20">
    <voice sentence="Screeech!"/>
  </voices>
	<loot>
    <item id="1987" chance="100000"> <!-- bag -->        
            <item id="2477" chance="100" /> <!--knight legs :: Arm 8 -->
            <item id="2476" chance="100" /> <!--knight armor :: Arm 12 -->
            <item id="2171" chance="50" /> <!--platinum amulet :: Arm 2 -->
            <item id="6096" chance="10"/> <!--Jotunn Amulet -->        	
    </item>
    <item id="2457" chance="5750" /> <!--steel helmet :: Arm 6 -->
    <item id="5644" chance="800" /> <!--Backpack UH -->
    <item id="2463" chance="10800" /> <!--plate armor :: Arm 10 -->
    <item id="2169" chance="1250" /> <!--time ring -->
    <item id="2478" chance="8900" /> <!--brass legs :: Arm 5 -->
	  <item id="2148" countmax="100" chance="77725" /> <!--gold coin -->
</loot>
</monster>
