<?xml version="1.0" encoding="UTF-8"?>
<monster name="jotunn" nameDescription="a jotunn" race="undead" experience="1500" speed="210" manacost="0">
  <health now="1600" max="1600"/>
  <look type="355" head="0" body="0" legs="0" feet="0" corpse="6046"/>
  <targetchange interval="4000" chance="10"/>
  <strategy attack="100" defense="10"/>
  <flags>
    <flag summonable="0"/>
    <flag attackable="1"/>
    <flag hostile="1"/>
    <flag illusionable="0"/>
    <flag convinceable="0"/>
    <flag pushable="1"/>
    <flag canpushitems="1"/>
    <flag canpushcreatures="1"/>
    <flag targetdistance="1"/>
    <flag runonhealth="0"/>
  </flags>
  <attacks>
    <attack name="melee" interval="2000" skill="50" attack="100"/>
    <attack name="physical" interval="2000" chance="20" range="7" target="1" min ="-0" max="-290">
      <attribute key="shootEffect" value="whirlwindaxe"/>
    </attack>
  </attacks>
  <defenses armor="25" defense="25">
    <defense name="healing" interval="2000" chance="15" min="50" max="150">
      <attribute key="areaEffect" value="blueshimmer"/>
    </defense>
  </defenses>
  <immunities>
    <immunity physical="0"/>
    <immunity energy="0"/>
    <immunity fire="1"/>
    <immunity poison="0"/>
    <immunity lifedrain="0"/>
    <immunity paralyze="1"/>
    <immunity outfit="1"/>
    <immunity drunk="1"/>
    <immunity invisible="1"/>
  </immunities>
	<loot>
    <item id="2148" countmax="100" chance="60000"/> <!-- gold coin -->
    <item id="2148" countmax="80" chance="60000"/> <!-- gold coin -->
    <item id="1987" chance="100000">bag
      
        <item id="2377" chance="2000"/>two handed sword :: Def 25 :: Atk 30
        <item id="2164" chance="1000"/>might ring
        <item id="2391" chance="1200"/>war hammer :: Def 10 :: Atk 45
        <item id="2393" chance="30" />giant sword :: Def 22 :: Atk 46
        <item id="2645" chance="20" />steel boots :: Arm 3
      
    </item>
  </loot>
</monster>
