<?xml version="1.0" encoding="UTF-8"?>
<monster name="Northen Dragon" nameDescription="a northen dragon" race="blood" experience="6000" speed="260" manacost="0">
	<health now="6500" max="6500"/>
	<look type="314" corpse="5766"/>
	<targetchange interval="5000" chance="6"/>
	<strategy attack="100" defense="0"/>
	<flags>
		<flag summonable="0"/>
		<flag attackable="1"/>
		<flag hostile="1"/>
		<flag illusionable="0"/>
		<flag convinceable="0"/>
		<flag pushable="0"/>
		<flag canpushitems="1"/>
		<flag canpushcreatures="1"/>
		<flag targetdistance="1"/>
		<flag staticattack="90"/>
		<flag runonhealth="700"/>
	</flags>
	<attacks>
		<attack name="melee" interval="2000" skill="100" attack="170"/>
		<attack name="physical" interval="2400" chance="30" range="15" radius="5" target="1" min="-100" max="-480">
			<attribute key="areaEffect" value="energyarea"/>
		</attack>
		<attack name="physical" interval="2900" chance="40" length="8" spread="3" min="-400" max="-860">
			<attribute key="areaEffect" value="watercreature"/>
		</attack>
		<attack name="physical" interval="2200" chance="25" range="9" min="-100" max="-330">
			<attribute key="shootEffect" value="whirlwindclub"/>
		</attack>
	</attacks>
	<defenses armor="70" defense="80">
		<defense name="healing" interval="400000" chance="50" min="280" max="550">
      <attribute key="areaEffect" value="blueshimmer"/>
    </defense>
	</defenses>
	<elements>
		<element deathPercent="15"/>
		<element physicalPercent="20"/>
		<element energyPercent="-30"/>
	</elements>
	<immunities>
		<immunity fire="1"/>
		<immunity ice="0"/>
		<immunity poison="1"/>
		<immunity earth="0"/>
		<immunity lifedrain="0"/>
		<immunity paralyze="0"/>
		<immunity invisible="1"/>
	</immunities>
	<voices interval="5000" chance="9">
		<voice sentence="YOU WILL FREEZE!" yell="1"/>
		<voice sentence="ZCHHHHH!" yell="1"/>
		<voice sentence="I am so cool" yell="1"/>
		<voice sentence="Chill out!." yell="1"/>
	</voices>
	<loot>
    <item id="2148" countmax="100" chance="33575" /><!-- gold coin -->
    <item id="2148" countmax="100" chance="33575" /><!-- gold coin -->
    <item id="2148" countmax="45" chance="33575" /><!-- gold coin -->
    <item id="6217" countmax="5" chance="63600" /><!-- frozen ham -->
    <item id="2547" countmax="5" chance="4025" /><!-- power bolt -->
    <item id="6214" chance="2000" /><!-- frozen hearth -->
    <item id="2146" countmax="3" chance="5475" /><!-- small sapphire -->
    <item id="1976" chance="9500" /><!-- gemmed book -->
    <item id="1987" chance="100000"><!-- bag -->

            <item id="2392" chance="1200" /><!-- fire sword -->
            <item id="6218" chance="900" /><!-- frozen shield -->
            <item id="6216" chance="300" /><!-- dragon slayer sword -->
            <item id="5654" chance="300" /><!-- flamming bow -->
            <item id="2498" chance="800" /><!-- royal helmet -->

    </item>
</loot>





















</monster>
