<?xml version="1.0" encoding="UTF-8"?>
<monster name="Fafnir" nameDescription="a fafnir" race="undead" experience="36000" speed="260" manacost="0">
	<health now="26500" max="26500"/>
	<look type="363" corpse="6268"/>
	<targetchange interval="5000" chance="6"/>
	<strategy attack="100" defense="0"/>
	<flags>
		<flag summonable="0"/>
		<flag attackable="1"/>
		<flag hostile="1"/>
		<flag illusionable="0"/>
		<flag convinceable="0"/>
		<flag pushable="0"/>
		<flag canpushitems="1"/>
		<flag canpushcreatures="1"/>
		<flag targetdistance="1"/>
		<flag staticattack="90"/>
		<flag runonhealth="700"/>
	</flags>
	<attacks>
		<attack name="melee" interval="1500" skill="100" attack="170"/>
		<attack name="physical" interval="2400" chance="30" range="15" radius="5" target="1" min="-100" max="-1380">
			<attribute key="areaEffect" value="energyarea"/>
		</attack>
		<attack name="physical" interval="2900" chance="40" length="8" spread="3" min="-400" max="-1060">
			<attribute key="areaEffect" value="watercreature"/>
		</attack>
		<attack name="physical" interval="2200" chance="25" range="9" min="-100" max="-1330">
			<attribute key="shootEffect" value="whirlwindclub"/>
		</attack>
	</attacks>
	<defenses armor="70" defense="80">
		<defense name="healing" interval="400000" chance="50" min="280" max="550">
      <attribute key="areaEffect" value="blueshimmer"/>
    </defense>
	</defenses>
	<elements>
		<element energyPercent="-20"/>
		<element physicalPercent="25"/>
	</elements>
	<immunities>
		<immunity fire="1"/>
		<immunity ice="0"/>
		<immunity poison="1"/>
		<immunity earth="0"/>
		<immunity lifedrain="0"/>
		<immunity paralyze="0"/>
		<immunity invisible="1"/>
	</immunities>
	<voices interval="5000" chance="9">
		<voice sentence="YOU WILL FREEZE!" yell="1"/>
		<voice sentence="ZCHHHHH!" yell="1"/>
		<voice sentence="I am so cool" yell="1"/>
		<voice sentence="Chill out!." yell="1"/>
	</voices>
	<summons maxSummons="3">
    	<summon name="Polar Dragon" interval="2000" chance="10" max="3"/>
  	</summons>
	<loot>
    <item id="2148" countmax="100" chance="33575" /><!-- gold coin -->
    <item id="2148" countmax="100" chance="33575" /><!-- gold coin -->
    <item id="2148" countmax="45" chance="33575" /><!-- gold coin -->
    <item id="6217" countmax="5" chance="63600" /><!-- frozen ham -->
    <item id="2547" countmax="5" chance="4025" /><!-- power bolt -->
    <item id="6214" chance="2000" /><!-- frozen hearth -->
    <item id="2146" countmax="3" chance="5475" /><!-- small sapphire -->
    <item id="1976" chance="9500" /><!-- gemmed book -->
    <item id="1987" chance="100000"><!-- bag -->

            <item id="2392" chance="12000" /><!-- fire sword -->
            <item id="6218" chance="9000" /><!-- frozen shield -->
            <item id="6216" chance="8000" /><!-- dragon slayer sword -->
            <item id="5654" chance="3000" /><!-- flamming bow -->
            <item id="5652" chance="3000" /><!-- lightning crossbow -->
            <item id="5653" chance="3000" /><!-- blazing crossbow -->
            <item id="5655" chance="3000" /><!-- lightning bow -->
            <item id="6095" chance="400" /><!-- jotunn helmet -->
            <item id="6097" chance="400" /><!-- jotunn legs -->
            <item id="2408" chance="400" /><!-- warlord sword -->

    </item>
</loot>





















</monster>
