<?xml version="1.0" encoding="UTF-8"?>
<monster name="Jotunn" nameDescription="a jotunn" race="undead" experience="40000" speed="210" manacost="0">
  <health now="32000" max="32000"/>
  <look type="356" head="0" body="0" legs="0" feet="0" corpse="6048"/>
  <targetchange interval="4000" chance="10"/>
  <strategy attack="80" defense="80"/>
  <flags>
    <flag summonable="0"/>
    <flag attackable="1"/>
    <flag hostile="1"/>
    <flag illusionable="0"/>
    <flag convinceable="0"/>
    <flag pushable="1"/>
    <flag canpushitems="1"/>
    <flag canpushcreatures="1"/>
    <flag targetdistance="1"/>
    <flag runonhealth="0"/>
  </flags>
  <attacks>
    <attack name="melee" interval="1000" skill="90" attack="80"/>
    <attack name="physical" interval="2000" chance="20" range="7" target="1" min ="-0" max="-1225">
      <attribute key="shootEffect" value="cake"/>
    </attack>
    <attack name="physical" interval="2000" chance="20" length="10" spread="3" min="-560" max="-750">
      <attribute key="areaEffect" value="tutorialarrow"/>
    </attack>
    <attack name="energy" interval="2000" chance="20" target="1" radius="4" min="-450" max="-580">
      <attribute key="areaEffect" value="stones"/>
    </attack>
  </attacks>
  <defenses armor="30" defense="30">
    <defense name="healing" interval="2000" chance="10" min="150" max="2000">
      <attribute key="areaEffect" value="blueshimmer"/>
    </defense>
  </defenses>
  <immunities>
    <immunity physical="0"/>
    <immunity energy="0"/>
    <immunity fire="1"/>
    <immunity poison="0"/>
    <immunity lifedrain="0"/>
    <immunity paralyze="1"/>
    <immunity outfit="1"/>
    <immunity drunk="1"/>
    <immunity invisible="1"/>
  </immunities>
  <summons maxSummons="3">
      <summon name="Icegiant Spellcaster" interval="2000" chance="10" max="3"/>
      <summon name="Icegiant Guard" interval="2000" chance="10" max="1"/>
  </summons>
	<loot>
    <item id="2148" countmax="100" chance="100000"/> <!-- gold coin -->
    <item id="2148" countmax="86" chance="100000"/> <!-- gold coin -->
    <item id="2168" chance="2360"/> <!-- life ring -->
    <item id="2149" countmax="2" chance="6290"/> <!-- small emerald -->
    <item id="1987" chance="100000"> <!--bag -->
      
        <item id="2393" chance="30000" /> <!--giant sword :: Def 22 :: Atk 46 -->
        <item id="2645" chance="10000" /> <!--steel boots :: Arm 3 -->
        <item id="2466" chance="9000" /> <!--golden armor :: Arm 14 -->
        <item id="6099" chance="900" /> <!--jotunn shield -->
        <item id="6098" chance="900" /> <!--jotunn armor -->
        <item id="7150" chance="900" /> <!--giant maul -->
        <item id="6610" chance="2000" /> <!--great sword -->
      
    </item>
  </loot>
</monster>
