<?xml version="1.0" encoding="UTF-8"?>
<monster name="Noxious Spawn" nameDescription="Noxious Spawn" race="venom" experience="36000" speed="360" manacost="0">
	<health now="29500" max="29500"/>
	<look type="220" corpse="4323"/>
	<targetchange interval="5000" chance="8"/>
	<flags>
		<flag summonable="0"/>
		<flag attackable="1"/>
		<flag hostile="1"/>
		<flag illusionable="0"/>
		<flag convinceable="0"/>
		<flag pushable="0"/>
		<flag canpushitems="1"/>
		<flag canpushcreatures="1"/>
		<flag targetdistance="1"/>
		<flag staticattack="90"/>
		<flag runonhealth="275"/>
	</flags>
	<attacks>
		<attack name="melee" interval="2000" min="0" max="-250"/>
		<attack name="speed" interval="4000" chance="20" range="7" target="1" speedchange="-370" duration="12000">
			<attribute key="shootEffect" value="poison"/>
		</attack>
		<attack name="earth" interval="1000" chance="30" length="8" spread="3" min="0" max="-550">
			<attribute key="areaEffect" value="poison"/>
		</attack>
		<attack name="lifedrain" interval="1000" chance="30" length="8" spread="0" min="0" max="-550">
			<attribute key="areaEffect" value="rednote"/>
		</attack>
		<attack name="poison" interval="1000" chance="30" range="1" min="0" max="-300">
			<attribute key="shootEffect" value="poison"/>
			<attribute key="areaEffect" value="poison"/>
		</attack>
		<attack name="outfit" interval="2000" chance="30" range="7" item="3976" duration="4000">
			<attribute key="areaEffect" value="blueshimmer"/>
		</attack>
	</attacks>
	<defenses armor="18" defense="25">
		<defense name="healing" interval="1000" chance="10" min="900" max="1000">
			<attribute key="areaEffect" value="blueshimmer"/>
		</defense>
	</defenses>
	<immunities>
		<immunity paralyze="1"/>
		<immunity invisible="1"/>
		<immunity poison="1"/>
	</immunities>
	<voices interval="5000" chance="10">
		<voice sentence="I bring your deathhh, mortalssss"/>
	</voices>
	<summons maxSummons="3">
    	<summon name="Serpent Spawn" interval="2000" chance="10" max="3"/>
  	</summons>
	<loot>
		<item id="2152" countmax="5" chance="80000"/>	<!-- platinum coin -->
		<item id="2149" countmax="5" chance="68000"/>	<!-- small emerald -->
		<item id="2528" chance="43000"/>				<!-- tower shield -->
		<item id="2033" chance="35000"/>				<!-- golden mug -->
		<item id="2487" chance="29000"/>				<!-- crown armor -->
		<item id="2796" chance="19000"/>				<!-- green mushroom -->
		<item id="2168" chance="13000"/>				<!-- life ring -->
		<item id="2498" chance="40000"/>				<!-- royal helmet -->
		<item id="6617" chance="400"/>					<!-- hunter crossbow -->
		<item id="7160" chance="400"/>					<!-- priest kilt -->
		<item id="6344" chance="1000"/>					<!-- deathstalker crossbow -->
		<item id="5656" chance="4000"/>					<!-- poison bow -->
		<item id="5651" chance="4000"/>					<!-- envenomed crossbow -->
	</loot>
</monster>
