<?xml version="1.0" encoding="UTF-8"?>
<monster name="Stonecracker" nameDescription="Stonecracker" race="blood" experience="35000" speed="280" manacost="0">
	<health now="26500" max="26500"/>
	<look type="55" corpse="2931"/>
	<targetchange interval="5000" chance="8"/>
	<flags>
		<flag summonable="0"/>
		<flag attackable="1"/>
		<flag hostile="1"/>
		<flag illusionable="0"/>
		<flag convinceable="0"/>
		<flag pushable="0"/>
		<flag canpushitems="1"/>
		<flag canpushcreatures="1"/>
		<flag targetdistance="1"/>
		<flag staticattack="90"/>
		<flag runonhealth="0"/>
	</flags>
	<attacks>
		<attack name="melee" interval="2000" skill="90" attack="100"/>
		<attack name="physical" interval="2000" chance="20" range="7" radius="4" min="-200" max="-580">
			<attribute key="shootEffect" value="largerock"/>
			<attribute key="areaEffect" value="assassin"/>
		</attack>
		<attack name="physical" interval="2000" chance="20" range="1" radius="1" min="-200" max="-1280">
			<attribute key="areaEffect" value="icearea"/>
		</attack>
	</attacks>
	<defenses armor="40" defense="45">
		<defense name="speed" interval="2000" chance="10" speedchange="360" duration="4000">
			<attribute key="areaEffect" value="redshimmer"/>
		</defense>
		<defense name="healing" interval="2000" chance="10" min="500" max="600">
			<attribute key="areaEffect" value="blueshimmer"/>
		</defense>
	</defenses>
	<immunities>
		<immunity paralyze="1"/>
		<immunity invisible="1"/>
	</immunities>
	<voices interval="5000" chance="10">
		<voice sentence="HUAHAHA!"/>
	</voices>
	<summons maxSummons="3">
    <summon name="Behemoth" interval="2000" chance="10" max="3"/>
  </summons>
	<loot>
		<item id="2148" countmax="100" chance="76225" /><!-- gold coin -->
		<item id="2666" chance="36200" /><!-- meat -->
		<item id="2489" chance="7650" /><!-- dark armor -->
		<item id="2553" chance="14800" /><!-- pick -->
		<item id="2416" chance="14800" /><!-- crowbar -->
		<item id="2150" countmax="2" chance="7650" /><!-- small amethyst -->
		<item id="2387" chance="7650" /><!-- double axe -->
		<item id="2393" chance="7650" /><!-- giant sword -->
		<item id="2514" chance="7650" /><!-- mastermind shield -->
		<item id="2454" chance="7650" /><!-- heavy mace -->
		<item id="2454" chance="7650" /><!-- war axe -->
		<item id="7150" chance="900" /><!-- giant maul -->
		<item id="6610" chance="4000" /><!-- great sword -->
		<item id="7104" chance="900" /><!-- bone bow -->
	</loot>
</monster>
