<?xml version="1.0" encoding="UTF-8"?>
<monster name="Welter" nameDescription="Welter" race="blood" experience="34000" speed="260" manacost="0">
	<health now="22000" max="22000"/>
	<look type="121" corpse="4283"/>
	<targetchange interval="5000" chance="8"/>
	<flags>
		<flag summonable="0"/>
		<flag attackable="1"/>
		<flag hostile="1"/>
		<flag illusionable="0"/>
		<flag convinceable="0"/>
		<flag pushable="0"/>
		<flag canpushitems="1"/>
		<flag canpushcreatures="1"/>
		<flag targetdistance="1"/>
		<flag staticattack="90"/>
		<flag runonhealth="300"/>
	</flags>
	<attacks>
		<attack name="melee" interval="2000" min="0" max="-270"/>
		<attack name="poison" interval="2000" chance="10" length="8" spread="3" min="-365" max="-620">
			<attribute key="areaEffect" value="giftwraps"/>
		</attack>
		<attack name="speed" interval="2000" chance="25" range="7" radius="4" target="1" speedchange="-300" duration="15000">
			<attribute key="shootEffect" value="flasharrow"/>
			<attribute key="areaEffect" value="groundshaker"/>
		</attack>
		<attack name="poison" interval="2000" chance="10" length="8" spread="3" min="-100" max="-850">
			<attribute key="areaEffect" value="holyarea"/>
		</attack>
		<attack name="poison" interval="2000" chance="10" range="7" min="-170" max="-555">
			<attribute key="shootEffect" value="ice"/>
			<attribute key="areaEffect" value="holyarea"/>
		</attack>
	</attacks>
	<defenses armor="35" defense="35">
		<defense name="healing" interval="2000" chance="20" min="260" max="1007">
			<attribute key="areaEffect" value="blueshimmer"/>
		</defense>
	</defenses>
	<immunities>
		<immunity lifedrain="1"/>
		<immunity paralyze="1"/>
		<immunity invisible="1"/>
		<immunity poison="1"/>
	</immunities>
	<summons maxSummons="3">
    	<summon name="Hydra" interval="2000" chance="10" max="3"/>
  	</summons>
	<loot>
		<item id="2197" chance="90000"/>				<!-- stone skin amulet -->
		<item id="2475" chance="79000"/>				<!-- warrior helmet -->
		<item id="2146" countmax="5" chance="77000"/>	<!-- small sapphire -->
		<item id="2536" chance="53000"/>				<!-- medusa shield -->
		<item id="2498" chance="20000"/>				<!-- royal helmet -->
		<item id="2476" chance="100000"/>				<!-- knight armor -->
		<item id="6339" chance="900"/>					<!-- welter legs -->
		<item id="6629" chance="900"/>					<!-- welter shield -->
	</loot>
</monster>
