<?xml version="1.0" encoding="UTF-8"?>
<monster name="Zarabustor" nameDescription="a zarabustor" race="blood" experience="35000" speed="230" manacost="0">
  <health now="25100" max="25100"/>
  <look type="130" head="0" body="77" legs="92" feet="115" corpse="3128"/>
  <targetchange interval="2000" chance="50"/>
  <strategy attack="100" defense="0"/>
  <flags>
    <flag summonable="0"/>
    <flag attackable="1"/>
    <flag hostile="1"/>
    <flag illusionable="0"/>
    <flag convinceable="0"/>
    <flag pushable="0"/>
    <flag canpushitems="1"/>
    <flag canpushcreatures="1"/>
    <flag targetdistance="4"/>
    <flag runonhealth="1000"/>
  </flags>
  <attacks>
    <attack name="melee" interval="2000" min="0" max="-130"/>
    <attack name="fire" interval="2000" chance="20" range="7" radius="1" target="1" min="-300" max="-750">
      <attribute key="shootEffect" value="missile51"/>
      <attribute key="areaEffect" value="dragonhead"/>
    </attack>
    <attack name="firefield" interval="2000" chance="10" range="7" radius="2" target="1">
      <attribute key="shootEffect" value="fire"/>
    </attack>
    <attack name="physical" interval="2000" chance="25" range="7" min="0" max="-550">
      <attribute key="shootEffect" value="missile54"/>
    </attack>
    <attack name="energy" interval="2000" chance="10" length="8" spread="0" min="-130" max="-750">
      <attribute key="areaEffect" value="stepshorizontal"/>
    </attack>
    <attack name="manadrain" interval="2000" chance="10" range="7" min="0" max="-1250"/>
    <attack name="speed" interval="2000" chance="15" range="7" speedchange="-330" duration="20000">
      <attribute key="areaEffect" value="redshimmer"/>
    </attack>
  </attacks>
  <defenses armor="20" defense="20">
    <defense name="healing" interval="2000" chance="20" min="100" max="2250">
      <attribute key="areaEffect" value="blueshimmer"/>
    </defense>
    <defense name="invisible" interval="2000" chance="20" duration="10000">
      <attribute key="areaEffect" value="blueshimmer"/>
    </defense>
  </defenses>
  <immunities>
    <immunity physical="0"/>
    <immunity energy="1"/>
    <immunity fire="1"/>
    <immunity poison="1"/>
    <immunity lifedrain="0"/>
    <immunity paralyze="1"/>
    <immunity outfit="1"/>
    <immunity drunk="1"/>
    <immunity invisible="1"/>
  </immunities>
  <summons maxSummons="3">
    <summon name="Warlock" interval="2000" chance="10" max="2"/>
    <summon name="Green Djinn" interval="2000" chance="10" max="3"/>
  </summons>
  <voices interval="5000" chance="10">
    <voice sentence="Killing is such a splendid diversion from my studies."/>
    <voice sentence="Time to test my newest spells!"/>
  </voices>
	<loot>
    <item id="2148" countmax="80" chance="32000"/>  <!-- gold coin -->
    <item id="2679" countmax="4" chance="21000"/> <!-- cherry -->
    <item id="2689" chance="11000"/>        <!-- bread -->
    <item id="2411" chance="9600"/>         <!-- poison dagger -->
    <item id="2436" chance="18330"/>         <!-- skull staff -->
    <item id="2656" chance="13390"/>         <!-- blue robe -->
    <item id="2146" chance="3190"/>         <!-- small sapphire -->
    <item id="2123" chance="2420"/>         <!-- ring of the sky -->
    <item id="2197" chance="12320"/>         <!-- stone skin amulet -->
    <item id="2466" chance="12240"/>         <!-- golden armor -->
    <item id="2466" chance="12240"/>         <!-- golden armor -->
    <item id="7159" chance="900"/>         <!-- magician robe -->
    <item id="7096" chance="900"/>         <!-- zarabustor neckle -->
    <item id="5892" chance="900"/>         <!-- pyromancer cape -->

  </loot>
</monster>
