<?xml version="1.0" encoding="UTF-8"?>
<monster name="Abomination" nameDescription="a abomination" race="blood" experience="7500" speed="220" manacost="0">
  <health now="12000" max="12000"/>
  <look type="303" head="95" body="116" legs="120" feet="115" corpse="5683"/>
  <targetchange interval="2000" chance="30"/>
  <strategy attack="100" defense="50"/>
  <flags>
    <flag summonable="0"/>
    <flag attackable="1"/>
    <flag hostile="1"/>
    <flag illusionable="0"/>
    <flag convinceable="0"/>
    <flag pushable="0"/>
    <flag canpushitems="1"/>
    <flag canpushcreatures="0"/>
    <flag targetdistance="1"/>
    <flag runonhealth="1"/>
  </flags>
  <attacks>
    <attack name="melee" interval="3700" skill="85" attack="290" min="-20" chance="40" max="-1300"/>
    <attack name="physical" interval="2000" skill="100" chance="100" range="25" min="-120" max="-775">
      <attribute key="shootEffect" value="largerock"/>
    </attack>
  </attacks>
  <defenses armor="30" defense="39">
    <defense name="speed" interval="2000" chance="100" speedchange="500" duration="8000">
      <attribute key="areaEffect" value="redshimmer"/>
    </defense>
  </defenses>
  <immunities>
    <immunity physical="0"/>
    <immunity energy="0"/>
    <immunity fire="1"/>
    <immunity poison="1"/>
    <immunity lifedrain="0"/>
    <immunity paralyze="0"/>
    <immunity outfit="0"/>
    <immunity drunk="0"/>
    <immunity invisible="0"/>
  </immunities>
  <voices interval="5000" chance="20">
    <voice sentence="Death!"/>
    <voice sentence="I'm gonna crush you!"/>
  </voices>
	<loot>
    <item id="1987" chance="100000"> <!--bag -->

    <item id="2466" chance="400" /> <!--Golden Armor 0,4% -->
    <item id="2164" chance="500" /> <!--Might ring 0,5% -->
    <item id="2414" chance="1200" /> <!--Dragon Lance 1,2% -->
    <item id="2391" chance="1300" /> <!--War Hammer 1,3% -->
    <item id="2393" chance="1300" /> <!--Giant Sword 1,3% -->
    <item id="2475" chance="1300" /> <!--Warrior Helmet 1,3% -->
    <item id="2528" chance="1300" /> <!--Tower Shield 1,3% -->
    <item id="2489" chance="7000" /> <!--Dark Armor 7% -->
    <item id="6028" chance="600"/> <!--Titanium Legs -->
    <item id="6053" chance="500"/> <!-- Heavy Halbeerd -->
    <item id="6059" countmax="10" chance="1300"/> <!--Venomshot bolts -->

    </item>
    <item id="2148" countmax="215" chance="50025" /> <!--gold coin 50% -->
</loot>
</monster>
