<?xml version="1.0" encoding="UTF-8"?>
<monster name="Albino Dragon" nameDescription="a albino dragon" race="blood" experience="4300" speed="200" manacost="0">
  <health now="1900" max="1900"/>
  <look type="314" head="0" body="0" legs="0" feet="0" corpse="5766"/>
  <targetchange interval="2000" chance="5"/>
  <strategy attack="70" defense="10"/>
  <flags>
    <flag summonable="0"/>
    <flag attackable="1"/>
    <flag hostile="1"/>
    <flag illusionable="1"/>
    <flag convinceable="0"/>
    <flag pushable="0"/>
    <flag canpushitems="1"/>
    <flag canpushcreatures="1"/>
    <flag targetdistance="1"/>
    <flag runonhealth="300"/>
  </flags>
  <attacks>
    <attack name="melee" interval="2000" skill="69" attack="55"/>
    <attack name="fire" interval="2000" chance="18" range="7" radius="4" target="1" min="-120" max="-180">
      <attribute key="shootEffect" value="fire"/>
      <attribute key="areaEffect" value="firearea"/>
    </attack>
    <attack name="firefield" interval="2000" chance="15" range="7" radius="4" target="1">
      <attribute key="shootEffect" value="fire"/>
    </attack>
    <attack name="fire" interval="2000" chance="16" length="8" spread="3" min="-150" max="-250">
      <attribute key="areaEffect" value="firearea"/>
    </attack>
  </attacks>
  <defenses armor="32" defense="48">
    <defense name="healing" interval="2000" chance="25" min="57" max="93">
      <attribute key="areaEffect" value="blueshimmer"/>
    </defense>
  </defenses>
  <immunities>
    <immunity physical="0"/>
    <immunity energy="0"/>
    <immunity fire="1"/>
    <immunity poison="1"/>
    <immunity lifedrain="1"/>
    <immunity paralyze="1"/>
    <immunity outfit="1"/>
    <immunity drunk="1"/>
    <immunity invisible="1"/>
  </immunities>
  <voices interval="5000" chance="10">
    <voice sentence="ZCHHHHH" yell="1"/>
    <voice sentence="YOU WILL BURN!" yell="1"/>
  </voices>
	<loot>
    <item id="1987" chance="100000"> <!--bag -->

            <item id="5653" chance="100" /> <!--Blazzing crossbow -->
            <item id="2492" chance="300" /> <!--dragon scale mail -->
            <item id="2414" chance="500" /> <!--dragon lance -->
            <item id="2498" chance="400" /> <!--Royal Helmet -->
            <item id="2432" chance="1000" /> <!--fire axe -->
            <item id="2392" chance="1300" /> <!--fire sword -->
            <item id="2434" chance="3000" /> <!--dragon hammer -->
            <item id="2516" chance="2000" /> <!--dragon shield -->
            <item id="2409" chance="5000" /> <!--serpent sword -->
            <item id="2463" chance="10000" /> <!--plate armor -->
            <item id="2547" countmax="2" chance="10000" /> <!--power bolt -->
            <item id="2546" countmax="8" chance="8000" /> <!--burst arrow -->

    </item>
    <item id="2672" countmax="8" chance="10000" /> <!--dragon ham -->
    <item id="2795" countmax="3" chance="10000" /> <!--fire mushroom -->
    <item id="2147" chance="8000" /><!-- small rubby -->
    <item id="2148" countmax="100" chance="41475" /> <!--gold coin -->
    <item id="2148" countmax="100" chance="39475" /> <!--gold coin -->
</loot>
</monster>
