<?xml version="1.0" encoding="UTF-8"?>
<monster name="Ancient Dragon" nameDescription="a ancient dragon" race="blood" experience="8400" speed="240" manacost="0">
  <health now="3850" max="3850"/>
  <look type="337" head="0" body="0" legs="0" feet="0" corpse="5929"/>
  <targetchange interval="2000" chance="5"/>
  <strategy attack="70" defense="10"/>
  <flags>
    <flag summonable="0"/>
    <flag attackable="1"/>
    <flag hostile="1"/>
    <flag illusionable="0"/>
    <flag convinceable="0"/>
    <flag pushable="0"/>
    <flag canpushitems="1"/>
    <flag canpushcreatures="1"/>
    <flag targetdistance="1"/>
    <flag runonhealth="800"/>
  </flags>
  <attacks>
    <attack name="melee" interval="2000" skill="90" attack="139"/>
    <attack name="fire" interval="2500" chance="22" range="7" radius="4" target="1" min="-100" max="-450">
      <attribute key="shootEffect" value="fire"/>
      <attribute key="areaEffect" value="explosion"/>
    </attack>
    <attack name="firefield" interval="2900" chance="15" range="7" radius="4" target="1">
      <attribute key="shootEffect" value="fire"/>
    </attack>
    <attack name="fire" interval="3200" chance="20" length="8" spread="3" min="-350" max="-620">
      <attribute key="areaEffect" value="explosionarea"/>
    </attack>
  </attacks>
  <defenses armor="88" defense="90">
    <defense name="healing" interval="4000" chance="42" min="100" max="180">
      <attribute key="areaEffect" value="blueshimmer"/>
    </defense>
  </defenses>
  <immunities>
    <immunity physical="0"/>
    <immunity energy="0"/>
    <immunity fire="1"/>
    <immunity poison="1"/>
    <immunity lifedrain="1"/>
    <immunity paralyze="1"/>
    <immunity outfit="1"/>
    <immunity drunk="1"/>
    <immunity invisible="1"/>
  </immunities>
  <voices interval="5000" chance="10">
    <voice sentence="ZCHHHHH" yell="1"/>
    <voice sentence="I WILL SET THE WORLD IN FIRE!" yell="1"/>
    <voice sentence="I WILL PROTECT MY BROOD!" yell="1"/>
  </voices>
	<loot>
    <item id="1987" chance="100000"> <!--bag -->

            <item id="2796" countmax="7" chance="10025" /> <!--green mushroom -->
            <item id="2146" chance="14400" /> <!--small sapphire -->
            <item id="2033" chance="11600" /> <!--golden mug -->

    </item>
    <item id="2547" countmax="8" chance="13000" /><!-- power bolt :: Atk 50 -->
    <item id="2672" chance="61600" /> <!--dragon ham -->
    <item id="2167" chance="8825" /><!-- energy ring -->
	<item id="2148" countmax="100" chance="53550" /> <!--platinum coin -->
</loot>
</monster>
