<?xml version="1.0" encoding="UTF-8"?>
<monster name="Ashaul" nameDescription="a ashaul" race="fire" experience="15000" speed="440" manacost="0">
  <health now="16400" max="16400"/>
  <look type="433" head="0" body="0" legs="0" feet="0" corpse="2916"/>
  <targetchange interval="2000" chance="10"/>
  <strategy attack="70" defense="10"/>
  <flags>
    <flag summonable="0"/>
    <flag attackable="1"/>
    <flag hostile="1"/>
    <flag illusionable="0"/>
    <flag convinceable="0"/>
    <flag pushable="0"/>
    <flag canpushitems="1"/>
    <flag canpushcreatures="1"/>
    <flag targetdistance="1"/>
    <flag runonhealth="0"/>
  </flags>
  <attacks>
    <attack name="melee" interval="2000" skill="120" attack="120"/>
    <attack name="manadrain" interval="2000" chance="13" range="7" min="-160" max="-300"/>
    <attack name="fire" interval="2000" chance="15" range="7" radius="7" target="1" min="-410" max="-650">
      <attribute key="shootEffect" value="fire"/>
      <attribute key="areaEffect" value="smokez"/>
    </attack>
    <attack name="firefield" interval="2000" chance="15" range="7" radius="1" target="1">
      <attribute key="shootEffect" value="fire"/>
    </attack>
    <attack name="fire" interval="2000" chance="100" length="8" spread="0" min="-670" max="-920">
      <attribute key="areaEffect" value="raiored"/>
    </attack>
  </attacks>
  <defenses armor="40" defense="65">
    <defense name="healing" interval="2000" chance="15" min="120" max="420">
      <attribute key="areaEffect" value="blueshimmer"/>
    </defense>
  </defenses>
  <immunities>
    <immunity physical="0"/>
    <immunity energy="1"/>
    <immunity fire="1"/>
    <immunity poison="1"/>
    <immunity lifedrain="1"/>
    <immunity paralyze="1"/>
    <immunity outfit="1"/>
    <immunity drunk="1"/>
    <immunity invisible="1"/>
  </immunities>
  <summons maxSummons="6">
    <summon name="fire elemental" interval="2000" chance="9" max="4"/>
     <summon name="fire devil" interval="2000" chance="9" max="2"/>
  </summons>
  <voices interval="5000" chance="10">
    <voice sentence="MUHAHAHAHA!" yell="1"/>
    <voice sentence="I SMELL FEEEEEAAAR!" yell="1"/>
    <voice sentence="CHAMEK ATH UTHUL ARAK!" yell="1"/>
    <voice sentence="Your resistance is futile!"/>
    <voice sentence="Your soul will be mine!" yell="1"/>
  </voices>
	<loot>
  <item id="2148" countmax="100" chance1="100000" chancemax="0"/> <!--gold coin -->
  <item id="2148" countmax="25" chance1="100000" chancemax="0"/><!-- gold coin -->
  <item id="2393" chance="1000"/> <!--giant sword :: Def 22 :: Atk 46 -->
  <item id="2514" chance="350"/> <!--mastermind shield :: Def 37 -->
  <item id="2432" chance="900"/> <!--fire axe :: Def 16 :: Atk 38 -->
  <item id="2472" chance="70"/> <!--magic plate armor :: Arm 17 -->
        <item id="2164" chance="200"/> <!--might ring -->
        <item id="2176" chance="3000"/> <!--orb -->
        <item id="1982" chance="1300"/> <!--purple tome :: Def 22 -->
        <item id="2165" chance="1200"/> <!--stealth ring -->
        <item id="5653" chance="80"/> <!--Blazing Crossbow -->
        <item id="6019" chance="90"/> <!--Flamming axe -->
  <item id="1987" chance="100000"> <!--bag -->
  
        <item id="2214" chance="400"/> <!--ring of healing -->
        <item id="2396" chance="500"/> <!--ice rapier :: Atk 40 :: Def 1 -->
        <item id="2179" chance="1000"/> <!--gold ring -->
        <item id="2795" countmax="6" chance="20000"/> <!--fire mushroom -->
    <item id="2678" countmax="3" chance1="10000" chancemax="0"/> <!--coconut -->
  <item id="2148" countmax="100" chance1="100000" chancemax="0"/> <!--gold coin -->
  <item id="2151" countmax="4" chance1="3000" chancemax="0"/> <!--talon -->
  <item id="2462" chance="1300"/> <!--devil helmet :: Arm 7 -->
  <item id="2149" countmax="3" chance1="11000" chancemax="0"/> <!--small emerald -->
  <item id="2171" chance="800"/> <!--platinum amulet :: Arm 2 -->
  <item id="2387" chance="20000"/> <!--double axe :: Def 12 :: Atk 35 -->
  <item id="2470" chance="250"/> <!--golden legs :: Arm 9 -->
  <item id="2520" chance="500"/> <!--demon shield :: Def 35 -->
  <item id="2418" chance="1500"/> <!--golden sickle :: Def 6 :: Atk 13 -->
  <item id="2377" chance="3000"/> <!--two handed sword :: Def 25 :: Atk 30 -->
  
  </item>
</loot>
</monster>
