<?xml version="1.0" encoding="UTF-8"?>
<monster name="Black Dragon" nameDescription="a Black Dragon" race="blood" experience="7000" speed="220" manacost="0">
  <health now="4200" max="4200"/>
  <look type="304" head="0" body="0" legs="0" feet="0" corpse="5686"/>
  <targetchange interval="2000" chance="15"/>
  <strategy attack="80" defense="30"/>
  <flags>
    <flag summonable="0"/>
    <flag attackable="1"/>
    <flag hostile="1"/>
    <flag illusionable="1"/>
    <flag convinceable="0"/>
    <flag pushable="0"/>
    <flag canpushitems="1"/>
    <flag canpushcreatures="1"/>
    <flag targetdistance="1"/>
    <flag runonhealth="300"/>
  </flags>
  <attacks>
    <attack name="melee" interval="2000" skill="92" attack="140"/>
    <attack name="fire" interval="2000" chance="25" range="7" radius="4" target="1" min="-160" max="-820">
      <attribute key="shootEffect" value="fire"/>
      <attribute key="areaEffect" value="firearea"/>
    </attack>
    <attack name="firefield" interval="2000" chance="15" range="7" radius="4" target="1">
      <attribute key="shootEffect" value="fire"/>
    </attack>
    <attack name="fire" interval="2000" chance="30" length="8" spread="3" min="-100" max="-980">
      <attribute key="areaEffect" value="firearea"/>
    </attack>
  </attacks>
  <defenses armor="32" defense="48">
    <defense name="healing" interval="2000" chance="35" min="70" max="190">
      <attribute key="areaEffect" value="blueshimmer"/>
    </defense>
  </defenses>
  <immunities>
    <immunity physical="0"/>
    <immunity energy="0"/>
    <immunity fire="1"/>
    <immunity poison="1"/>
    <immunity lifedrain="1"/>
    <immunity paralyze="1"/>
    <immunity outfit="1"/>
    <immunity drunk="1"/>
    <immunity invisible="1"/>
  </immunities>
  <voices interval="5000" chance="10">
    <voice sentence="ZCHHHHH" yell="1"/>
    <voice sentence="YOU WILL BURN!" yell="1"/>
  </voices>
	<loot>
    <item id="1987" chance="100000"> <!--bag -->

            <item id="2177" chance="350" /> <!--life crystal -->
            <item id="2498" chance="200" /> <!--royal helmet :: Arm 9 -->
            <item id="2528" chance="600" /> <!--tower shield :: Def 32 -->
            <item id="2392" chance="650" /> <!--fire sword :: Def 20 :: Atk 35 -->
            <item id="2479" chance="925" /> <!--strange helmet :: Arm 6 -->
            <item id="5769" chance="150"/> <!--Emerald Helmet -->
            <item id="6021" chance="500"/> <!--Flaming club -->

    </item>
    <item id="2672" chance="25450" /> <!--dragon ham -->
    <item id="2796" chance="12500" /> <!--green mushroom -->
    <item id="2146" chance="4200" /> <!--small sapphire -->
    <item id="2547" countmax="7" chance="3250" /> <!--power bolt :: Atk 50 -->
    <item id="2167" chance="3475" /> <!--energy ring -->
    <item id="1976" chance="9525" /> <!--gemmed book -->
    <item id="2033" chance="2900" /> <!--golden mug -->
    <item id="2148" countmax="100" chance="41475" /> <!--gold coin -->
    <item id="2148" countmax="100" chance="39475" /> <!--gold coin -->
    <item id="2148" countmax="50" chance="39475" /> <!--gold coin -->
</loot>
</monster>
