<?xml version="1.0" encoding="UTF-8"?>
<monster name="Blazing Spider" nameDescription="a blazing spider" race="undead" experience="400" speed="180" manacost="620">
  <health now="800" max="800"/>
  <look type="307" head="0" body="0" legs="0" feet="0" corpse="5742"/>
  <targetchange interval="2000" chance="5"/>
  <strategy attack="70" defense="0"/>
  <flags>
    <flag summonable="0"/>
    <flag attackable="1"/>
    <flag hostile="1"/>
    <flag illusionable="0"/>
    <flag convinceable="0"/>
    <flag pushable="0"/>
    <flag canpushitems="1"/>
    <flag canpushcreatures="1"/>
    <flag targetdistance="1"/>
    <flag runonhealth="0"/>
  </flags>
  <attacks>
    <attack name="melee" interval="2000" skill="75" attack="50"/>
    <attack name="fire" interval="2600" chance="20" range="7" radius="1" target="1" min="-30" max="-72">
      <attribute key="shootEffect" value="fire"/>
    </attack>
    <attack name="firefield" interval="3000" chance="15" range="7" radius="1" target="1">
      <attribute key="shootEffect" value="fire"/>
    </attack>
  </attacks>
  <defenses armor="20" defense="20">
		<defense name="speed" interval="1000" chance="6" speedchange="310" duration="20000">
			<attribute key="areaEffect" value="redshimmer"/>
		</defense>
	</defenses>
  <immunities>
    <immunity energy="0"/>
    <immunity fire="1"/>
    <immunity poison="0"/>
    <immunity lifedrain="0"/>
    <immunity paralyze="0"/>
    <immunity outfit="0"/>
    <immunity drunk="0"/>
    <immunity invisible="1"/>
  </immunities>
	<loot>
    <item id="1987" chance="100000"> <!--bag -->

            <item id="2392" chance="500" /> <!--fire sword -->
            <item id="5654" chance="50" /> <!--flamming bow -->
            <item id="2647" chance="4000" /> <!--plate legs -->
            <item id="2463" chance="2000" /> <!--plate armor -->
            <item id="2478" chance="9000" /> <!--brass legs -->
            <item id="2465" chance="7000" /> <!--brass armor -->

    </item>
    <item id="2171" chance="1000" /> <!--plat amulet -->
    <item id="2148" countmax="60" chance="28300" /> <!--gold coin -->
</loot>
</monster>
