<?xml version="1.0" encoding="UTF-8"?>
<monster name="Bone Dragon" nameDescription="a bone dragon" race="blood" experience="2100" speed="200" manacost="0">
  <health now="6000" max="6000"/>
  <look type="311" head="0" body="0" legs="0" feet="0" corpse="5759"/>
  <targetchange interval="2000" chance="5"/>
  <strategy attack="70" defense="10"/>
  <flags>
    <flag summonable="0"/>
    <flag attackable="1"/>
    <flag hostile="1"/>
    <flag illusionable="1"/>
    <flag convinceable="0"/>
    <flag pushable="0"/>
    <flag canpushitems="1"/>
    <flag canpushcreatures="1"/>
    <flag targetdistance="1"/>
    <flag runonhealth="300"/>
  </flags>
  <attacks>
    <attack name="melee" interval="2000" skill="69" attack="170"/>
    <attack name="energy" interval="2000" chance="45" range="7" radius="4" target="1" min="-120" max="-666">
      <attribute key="shootEffect" value="energy"/>
      <attribute key="areaEffect" value="teleport"/>
    </attack>
    <attack name="firefield" interval="2000" chance="15" range="7" radius="2" target="1">
      <attribute key="shootEffect" value="fire"/>
    </attack>
    <attack name="fire" interval="2000" chance="35" length="8" spread="3" min="-150" max="-860">
      <attribute key="areaEffect" value="firearea"/>
    </attack>
  </attacks>
  <defenses armor="78" defense="98">
    <defense name="healing" interval="2000" chance="38" min="80" max="240">
      <attribute key="areaEffect" value="blueshimmer"/>
    </defense>
  </defenses>
  <immunities>
    <immunity physical="0"/>
    <immunity energy="0"/>
    <immunity fire="1"/>
    <immunity poison="1"/>
    <immunity lifedrain="1"/>
    <immunity paralyze="1"/>
    <immunity outfit="1"/>
    <immunity drunk="1"/>
    <immunity invisible="1"/>
  </immunities>
  <summons maxSummons="3">
    <summon name="Dragon" interval="1000" chance="35" max="2"/>
    <summon name="Dragon Lord" interval="3000" chance="20" max="1"/>
  </summons>
  <voices interval="5000" chance="10">
    <voice sentence="ZCHHHHH" yell="1"/>
    <voice sentence="YOU WILL BURN!" yell="1"/>
  </voices>
	<loot>
    <item id="1987" chance="100000"> <!--bag -->

            <item id="2177" chance="350" /> <!--life crystal -->
            <item id="2498" chance="200" /> <!--royal helmet :: Arm 9 -->
            <item id="2528" chance="800" /> <!--tower shield :: Def 32 -->
            <item id="2392" chance="850" /> <!--fire sword :: Def 20 :: Atk 35 -->
            <item id="2479" chance="925" /> <!--strange helmet :: Arm 6 -->
            <item id="2492" chance="100" /> <!--dragon scale mail :: Arm 15 -->

    </item>
    <item id="2672" chance="25450" /> <!--dragon ham -->
    <item id="2796" chance="12500" /> <!--green mushroom -->
    <item id="2146" chance="4200" /> <!--small sapphire -->
    <item id="2547" countmax="7" chance="3250" /> <!--power bolt :: Atk 50 -->
    <item id="2167" chance="3475" /> <!--energy ring -->
    <item id="1976" chance="9525" /> <!--gemmed book -->
    <item id="2033" chance="2900" /> <!--golden mug -->
    <item id="2148" countmax="100" chance="41475" /> <!--gold coin -->
    <item id="2148" countmax="100" chance="39475" /> <!--gold coin -->
    <item id="2148" countmax="50" chance="39475" /> <!--gold coin -->
</loot>
</monster>
