<?xml version="1.0" encoding="UTF-8"?>
<monster name="Centaur" nameDescription="a centaur" race="blood" experience="1300" speed="290" manacost="550">
  <health now="950" max="950"/>
  <look type="439" head="0" body="0" legs="0" feet="0" corpse="6329"/>
  <targetchange interval="2000" chance="5"/>
  <strategy attack="70" defense="10"/>
  <flags>
    <flag summonable="0"/>
    <flag attackable="1"/>
    <flag hostile="1"/>
    <flag illusionable="0"/>
    <flag convinceable="0"/>
    <flag pushable="0"/>
    <flag canpushitems="1"/>
    <flag canpushcreatures="1"/>
    <flag targetdistance="1"/>
    <flag runonhealth="0"/>
  </flags>
  <attacks>
   <attack name="melee" interval="2000" skill="78" attack="79"/>
   <attack name="physical" interval="2600" chance="52" range="7" min="-80" max="-285">
      <attribute key="shootEffect" value="throwingstar"/>
    </attack>
  </attacks>
  <defenses armor="15" defense="32"/>
  <immunities>
    <immunity physical="0"/>
    <immunity energy="0"/>
    <immunity fire="1"/>
    <immunity poison="0"/>
    <immunity lifedrain="0"/>
    <immunity paralyze="0"/>
    <immunity outfit="0"/>
    <immunity drunk="0"/>
    <immunity invisible="1"/>
  </immunities>
  <voices interval="5000" chance="29">
    <voice sentence="I'm here to punish!"/>
    <voice sentence="I'am the one who puts the cute into execute!"/>
    <voice sentence="Justice is swift and unavoidable!"/>
  </voices>
	<loot>
    <item id="1987" chance="100000"> <!--bag -->

            <item id="2580" chance="7000" /> <!--fishing rod -->
            <item id="2513" chance="5000" /> <!--battle shield -->
            <item id="2464" chance="10000" /> <!--chain armor -->
            <item id="2377" chance="7000" /> <!--two-handed-sword -->
            <item id="2497" chance="1000" /> <!--crusader helmet -->
            <item id="2515" chance="1300" /> <!--guardian shield -->

    </item>
    <item id="2465" chance="8000" /> <!--brass armor -->
    <item id="2387" chance="1300" /> <!--Double axe -->
    <item id="6075" chance="1500"/> <!--Minotaur Hoof -->
    <item id="2666" countmax="5" chance="20000" /> <!--meat -->
    <item id="2399" countmax="30" chance="7000" /> <!--throwingstar -->
	<item id="2148" countmax="60" chance="62625" /><!-- gold coin -->
</loot>
<script>
<event name="TaskMinoQuest"/>
</script>
</monster>
