<?xml version="1.0" encoding="UTF-8"?>
<monster name="Corrupted Spider" nameDescription="a corrupted spider" race="venom" experience="2350" speed="260" manacost="0">
  <health now="3400" max="3400"/>
  <look type="332" head="0" body="0" legs="0" feet="0" corpse="5914"/>
  <targetchange interval="2000" chance="10"/>
  <strategy attack="70" defense="20"/>
  <flags>
    <flag summonable="0"/>
    <flag attackable="1"/>
    <flag hostile="1"/>
    <flag illusionable="0"/>
    <flag convinceable="0"/>
    <flag pushable="0"/>
    <flag canpushitems="1"/>
    <flag canpushcreatures="1"/>
    <flag targetdistance="1"/>
    <flag runonhealth="0"/>
  </flags>
  <attacks>
    <attack name="melee" interval="2000" skill="80" attack="130" poison="90"/>
    <attack name="poison" interval="2700" chance="46" radius="3" min="-90" max="-380">
       <attribute key="shootEffect" value="poison"/>
      <attribute key="areaEffect" value="greenbubble"/>
    </attack>
  </attacks>
  <defenses armor="30" defense="40">
    <defense name="speed" interval="2000" chance="35" speedchange="470" duration="20000">
      <attribute key="areaEffect" value="redshimmer"/>
    </defense>
  </defenses>
  <immunities>
    <immunity physical="0"/>
    <immunity energy="1"/>
    <immunity fire="0"/>
    <immunity poison="1"/>
    <immunity lifedrain="1"/>
    <immunity paralyze="0"/>
    <immunity outfit="1"/>
    <immunity drunk="1"/>
    <immunity invisible="1"/>
  </immunities>
	<loot>
    <item id="1987" chance="100000"> <!--bag -->

            <item id="2477" chance="900" /> <!--knight legs :: Arm 8 -->
            <item id="2476" chance="1000" /> <!--knight armor :: Arm 12 -->
            <item id="2171" chance="150" /> <!--platinum amulet :: Arm 2 -->

    </item>
    <item id="2479" chance="7000" /> <!--strange helmet -->
    <item id="2387" chance="7000" /> <!--double axe -->
    <item id="2411" chance="10000" /> <!--poison dagger -->
	<item id="2148" countmax="100" chance="77725" /> <!--gold coin -->
  <item id="2148" countmax="34" chance="77725" /> <!--gold coin -->
</loot>
</monster>
