<?xml version="1.0" encoding="UTF-8"?>
<monster name="Daraman Prayer" nameDescription="a Daraman Prayer" race="blood" experience="2250" speed="220" manacost="0">
  <health now="2000" max="2000"/>
  <look type="316" head="0" body="0" legs="0" feet="0" corpse="5823"/>
  <targetchange interval="2000" chance="15"/>
  <strategy attack="80" defense="30"/>
  <flags>
    <flag summonable="0"/>
    <flag attackable="1"/>
    <flag hostile="1"/>
    <flag illusionable="1"/>
    <flag convinceable="0"/>
    <flag pushable="0"/>
    <flag canpushitems="1"/>
    <flag canpushcreatures="1"/>
    <flag targetdistance="3"/>
    <flag runonhealth="300"/>
  </flags>
  <attacks>
    <attack name="fire" interval="2000" chance="40" range="7" radius="4" target="1" min="-95" max="-190">
      <attribute key="shootEffect" value="fire"/>
      <attribute key="areaEffect" value="firearea"/> 
    </attack>
    <attack name="energy" interval="3000" chance="30" length="5" spread="3" min="-120" max="-220">
      <attribute key="areaEffect" value="teleport"/>
    </attack>
    <attack name="fire" interval="3500" chance="20" range="7" radius="3" target="1" min="-1" max="-240">
      <attribute key="areaEffect" value="explosion"/>
    </attack>
    <attack name="death" interval="4000" chance="15" range="7" target="1" min="-50" max="-270">
      <attribute key="shootEffect" value="death"/>
      <attribute key="areaEffect" value="mortarea"/>
    </attack>
  </attacks>
  <defenses armor="32" defense="48">
    <defense name="healing" interval="1000" chance="20" min="140" max="220">
      <attribute key="areaEffect" value="blueshimmer"/>
    </defense>
  </defenses>
  <immunities>
    <immunity physical="0"/>
    <immunity energy="0"/>
    <immunity fire="1"/>
    <immunity poison="1"/>
    <immunity lifedrain="0"/>
    <immunity paralyze="0"/>
    <immunity outfit="1"/>
    <immunity drunk="1"/>
    <immunity invisible="1"/>
  </immunities>
  <summons maxSummons="4">
    <summon name="Cobra" interval="2000" chance="40" max="1"/>
    <summon name="Lion" interval="2000" chance="30" max="1"/>
    <summon name="Scorpion" interval="2000" chance="50" max="1"/>
    <summon name="Scarab" interval="2000" chance="20" max="1"/>
  </summons>
  <voices interval="5000" chance="100">
    <voice sentence="Die! Servant of evil!" yell="1"/>
  </voices>
	<loot>
    <item id="1987" chance="100000"> <!--bag -->

            <item id="2656" chance="300" /> <!--Blue robe -->
            <item id="2164" chance="500" /> <!--Might Ring -->
            <item id="6065" chance="10000"/> <!--Aquamarine -->
            <item id="6067" chance="1300"/> <!--Ilumination Ring -->
            <item id="6069" chance="400"/> <!--Daraman Wand -->
            <item id="6070" chance="500"/> <!--Wand of light -->
            <item id="6022" chance="150"/> <!--Energized Club -->

    </item>
    <item id="2311" chance="10000" /> <!--HMM -->
    <item id="6068" chance="500"/> <!--Smoking Pipe -->
    <item id="2273" chance="10000" /> <!--UH -->
    <item id="2304" chance="10000" /> <!--GFB -->
    <item id="2268" chance="1300" /> <!--SD -->
    <item id="2197" chance="500" /> <!--SSA -->
    <item id="6071" chance="500"/> <!--Daraman Spellbook -->
    <item id="2148" countmax="100" chance="39475" /> <!--gold coin -->
    <item id="2148" countmax="16" chance="39475" /> <!--gold coin -->
</loot>
</monster>
