<?xml version="1.0" encoding="UTF-8"?>
<monster name="Dwarf Slayer" nameDescription="a dwarf slayer" race="blood" experience="115" speed="215" manacost="650">
  <health now="220" max="220"/>
  <look type="294" head="0" body="0" legs="0" feet="0" corpse="5661"/>
  <targetchange interval="2000" chance="5"/>
  <strategy attack="85" defense="10"/>
  <flags>
    <flag summonable="0"/>
    <flag attackable="1"/>
    <flag hostile="1"/>
    <flag illusionable="0"/>
    <flag convinceable="0"/>
    <flag pushable="0"/>
    <flag canpushitems="1"/>
    <flag canpushcreatures="1"/>
    <flag targetdistance="1"/>
    <flag runonhealth="0"/>
  </flags>
  <attacks>
    <attack name="melee" interval="2000" skill="75" attack="70"/>
  </attacks>
  <defenses armor="25" defense="48"/>
  <immunities>
    <immunity physical="0"/>
    <immunity energy="0"/>
    <immunity fire="0"/>
    <immunity poison="1"/>
    <immunity lifedrain="0"/>
    <immunity paralyze="0"/>
    <immunity outfit="1"/>
    <immunity drunk="1"/>
    <immunity invisible="1"/>
  </immunities>
  <voices interval="5000" chance="10">
    <voice sentence="Hail Durin!"/>
  </voices>
	<loot>
    <item id="1987" chance="100000"> <!--bag -->

            <item id="2208" chance="500" /> <!--axe ring -->
            <item id="2150" chance="500" /> <!--small amethyst -->

    </item>
    <item id="2787" countmax="4" chance="41800" /> <!--white mushroom -->
    <item id="2387" chance="1300" /> <!--double axe :: Def 12 :: Atk 35 -->
    <item id="2643" chance="30600" /> <!--leather boots -->
    <item id="2148" countmax="45" chance="51350" /> <!--gold coin -->
</loot>
</monster>
