<?xml version="1.0" encoding="UTF-8"?>
<monster name="Elf Sharpshooter" nameDescription="an elf sharphooter" race="blood" experience="400" speed="290" manacost="320">
  <health now="600" max="600"/>
  <look type="424" head="0" body="0" legs="0" feet="0" corpse="6316"/>
  <targetchange interval="2000" chance="0"/>
  <strategy attack="70" defense="0"/>
  <flags>
    <flag summonable="0"/>
    <flag attackable="1"/>
    <flag hostile="1"/>
    <flag illusionable="0"/>
    <flag convinceable="0"/>
    <flag pushable="1"/>
    <flag canpushitems="1"/>
    <flag canpushcreatures="1"/>
    <flag targetdistance="1"/>
    <flag runonhealth="0"/>
  </flags>
  <attacks>
    <attack name="melee" interval="2000" min="-1" max="-50"/>
    <attack name="physical" interval="2200" chance="30" range="7" min="-1" max="-100">
      <attribute key="shootEffect" value="arrow"/>
    </attack>
  </attacks>
  <defenses armor="6" defense="12">
    <defense name="healing" interval="2000" chance="34" min="10" max="50">
      <attribute key="areaEffect" value="blueshimmer"/>
    </defense>
    <defense name="speed" interval="2000" chance="10" speedchange="400" duration="6000">
      <attribute key="areaEffect" value="redshimmer"/>
    </defense>
  </defenses>
  <immunities>
    <immunity physical="0"/>
    <immunity energy="0"/>
    <immunity fire="0"/>
    <immunity poison="0"/>
    <immunity lifedrain="0"/>
    <immunity paralyze="0"/>
    <immunity outfit="0"/>
    <immunity drunk="0"/>
    <immunity invisible="1"/>
  </immunities>
  <voices interval="5000" chance="10">
    <voice sentence="Tha'shi Ab'Dendriel!"/>
    <voice sentence="Evicor guide my arrow!"/>
    <voice sentence="Your existence will end here!"/>
    <voice sentence="Feel the sting of my arrows!"/>
    <voice sentence="Thy blood will quench the soil's thirst!"/>
    <voice sentence="Thy armor will crush by my arrows!"/>
    <voice sentence="You are no longer unsighted"/>
    <voice sentence="Ulathil beia Thratha!"/>
    <voice sentence="Bahaha aka!"/>
    <voice sentence="human!"/>
  </voices>
	<loot>
    <item id="1987" chance="100000"> <!--bag -->

            <item id="6084" chance="100" /> <!--assassin dagger -->
            <item id="6337" chance="300" /> <!--hunting bow -->
            <item id="2171" chance="800" /> <!--plat amulet -->

    </item>
    <item id="2456" chance="20000" /> <!--bow -->
    <item id="2465" chance="8000" /> <!--brass armor -->
    <item id="2464" chance="10475" /> <!--chain armor -->
    <item id="2674" countmax="3" chance="30000" /> <!--red apples -->
    <item id="6077" countmax="12" chance="15000" /> <!--hunting arrow -->
	  <item id="2148" countmax="11" chance="55800" /> <!--gold coin -->
</loot>
</monster>
