<?xml version="1.0" encoding="UTF-8"?>
<monster name="Elf Swordmaster" nameDescription="an elf swordmaster" race="blood" experience="620" speed="325">
  <health now="800" max="800"/>
  <look type="423" head="0" body="0" legs="0" feet="0" corpse="6318"/>
  <targetchange interval="2000" chance="0"/>
  <strategy attack="100" defense="0"/>
  <flags>
    <flag summonable="0"/>
    <flag attackable="1"/>
    <flag hostile="1"/>
    <flag illusionable="1"/>
    <flag convinceable="0"/>
    <flag pushable="1"/>
    <flag canpushitems="0"/>
    <flag canpushcreatures="0"/>
    <flag targetdistance="1"/>
    <flag runonhealth="250"/>
  </flags>
  <attacks>
    <attack name="melee" interval="1000" min="-20" max="-250">
    </attack>
  </attacks>
  <defenses armor="20" defense="25">
    <defense name="speed" interval="2000" chance="12" speedchange="340" duration="6000">
      <attribute key="areaEffect" value="redshimmer"/>
    </defense>
  </defenses>
  <immunities>
    <immunity physical="0"/>
    <immunity energy="0"/>
    <immunity fire="0"/>
    <immunity poison="0"/>
    <immunity lifedrain="0"/>
    <immunity paralyze="0"/>
    <immunity outfit="0"/>
    <immunity drunk="0"/>
    <immunity invisible="1"/>
  </immunities>
  <voices interval="5000" chance="10">
    <voice sentence="Die by my swords!"/>
    <voice sentence="Thy blood will quench the soil's thirst!"/>
  </voices>
	<loot>
    <item id="1987" chance="100000"> <!--bag -->

            <item id="2171" chance="500" /> <!--plat amulet -->
            <item id="6078" chance="200" /> <!--light sword -->
            <item id="2397" chance="13075" /> <!--longsword :: Def 14 :: Atk 17 -->

    </item>
    <item id="2383" chance="800" /> <!--spike sword -->
    <item id="2413" chance="2000" /> <!--broadsword -->
    <item id="2377" chance="1000" /> <!--two handed sword -->
    <item id="2467" chance="11000" /> <!--leather armor -->
    <item id="2376" chance="12000" /> <!--sword -->
	<item id="2148" countmax="11" chance="55800" /> <!--gold coin -->
</loot>
</monster>
