<?xml version="1.0" encoding="UTF-8"?>
<monster name="Elf Guardian" nameDescription="an elf guardian" race="blood" experience="180" speed="195" manacost="320">
  <health now="270" max="270"/>
  <look type="295" head="0" body="0" legs="0" feet="0" corpse="5664"/>
  <targetchange interval="2000" chance="0"/>
  <strategy attack="100" defense="0"/>
  <flags>
    <flag summonable="0"/>
    <flag attackable="1"/>
    <flag hostile="1"/>
    <flag illusionable="1"/>
    <flag convinceable="0"/>
    <flag pushable="1"/>
    <flag canpushitems="0"/>
    <flag canpushcreatures="0"/>
    <flag targetdistance="1"/>
    <flag runonhealth="0"/>
  </flags>
  <attacks>
    <attack name="melee" interval="2000" skill="68" attack="70">
    </attack>
  </attacks>
  <defenses armor="10" defense="18"/>
  <immunities>
    <immunity physical="0"/>
    <immunity energy="0"/>
    <immunity fire="0"/>
    <immunity poison="0"/>
    <immunity lifedrain="0"/>
    <immunity paralyze="0"/>
    <immunity outfit="1"/>
    <immunity drunk="1"/>
    <immunity invisible="1"/>
  </immunities>
  <voices interval="5000" chance="10">
    <voice sentence="You are not welcome here"/>
    <voice sentence="Death to the defilers!"/>
    <voice sentence="Bahaha aka!."/>
  </voices>
	<loot>
    <item id="1987" chance="100000"> <!--bag -->

            <item id="2643" chance="12175" /> <!--leather boots :: Arm 1 -->
            <item id="2397" chance="13075" /> <!--longsword :: Def 14 :: Atk 17 -->

    </item>
    <item id="2544" countmax="3" chance="5700" /> <!--arrow :: Atk 25 -->
    <item id="2674" countmax="3" chance="6500" /> <!--red apples -->
    <item id="2484" chance="10475" /> <!--studded armor :: Arm 5 -->
    <item id="2482" chance="16300" /><!-- studded helmet :: Arm 2 -->
    <item id="2510" chance="9475" /> <!--plate shield :: Def 17 -->
    <item id="2511" chance="13000" /> <!--brass shield -->
    <item id="2515" chance="500" /> <!--guardian shield -->
	<item id="2148" countmax="30" chance="55800" /> <!--gold coin -->
</loot>
</monster>
