<?xml version="1.0" encoding="UTF-8"?>
<monster name="Ember Beetle" nameDescription="a ember beetle" race="blood" experience="260" speed="200" manacost="530">
  <health now="420" max="420"/>
  <look type="335" head="0" body="0" legs="0" feet="0" corpse="5923"/>
  <targetchange interval="2000" chance="50"/>
  <strategy attack="100" defense="0"/>
  <flags>
    <flag summonable="0"/>
    <flag attackable="1"/>
    <flag hostile="1"/>
    <flag illusionable="0"/>
    <flag convinceable="0"/>
    <flag pushable="0"/>
    <flag canpushitems="1"/>
    <flag canpushcreatures="1"/>
    <flag targetdistance="0"/>
    <flag runonhealth="140"/>
  </flags>
  <attacks>
    <attack name="melee" interval="2000" skill="70" attack="45"/>
    <attack name="fire" interval="2000" chance="18" range="7" radius="1" target="1" min="-55" max="-50">
      <attribute key="shootEffect" value="fire"/>
      <attribute key="areaEffect" value="firearea"/>
    </attack>
    <attack name="firefield" interval="2080" chance="18" range="7" radius="1" target="1">
      <attribute key="shootEffect" value="fire"/>
    </attack>
  </attacks>
  <defenses armor="12" defense="12">
    <defense name="speed" interval="2000" chance="20" speedchange="420" duration="6000">
      <attribute key="areaEffect" value="redshimmer"/>
    </defense>
  </defenses>
  <immunities>
    <immunity physical="0"/>
    <immunity energy="0"/>
    <immunity fire="1"/>
    <immunity poison="0"/>
    <immunity lifedrain="0"/>
    <immunity paralyze="0"/>
    <immunity outfit="0"/>
    <immunity drunk="0"/>
    <immunity invisible="0"/>
  </immunities>
  <voices interval="5000" chance="10">
    <voice sentence="Hot, eh?"/>
    <voice sentence="Hell, oh hell!"/>
  </voices>
	<loot>
    <item id="1987" chance="100000"> <!--bag -->

            <item id="2201" chance="870" /> <!--dragon necklace -->
            <item id="2147" countmax="2" chance="500" /> <!--small ruby -->

    </item>
    <item id="2546" countmax="3" chance="3000" /> <!--burst arrow -->
    <item id="6076" countmax="3" chance="1000"/> <!--Ember coins -->
    <item id="2795" chance="7000" /> <!--fire mushroom -->
    <item id="2148" countmax="98" chance="40000" /> <!--gold coin -->
</loot>
</monster>
