<?xml version="1.0" encoding="UTF-8"?>
<monster name="Green Dragon" nameDescription="a green dragon" race="blood" experience="3000" speed="170" manacost="0">
  <health now="2800" max="2800"/>
  <look type="306" head="0" body="0" legs="0" feet="0" corpse="5689"/>
  <targetchange interval="2000" chance="5"/>
  <strategy attack="70" defense="10"/>
  <flags>
    <flag summonable="0"/>
    <flag attackable="1"/>
    <flag hostile="1"/>
    <flag illusionable="1"/>
    <flag convinceable="0"/>
    <flag pushable="0"/>
    <flag canpushitems="1"/>
    <flag canpushcreatures="1"/>
    <flag targetdistance="1"/>
    <flag runonhealth="300"/>
  </flags>
  <attacks>
    <attack name="melee" interval="2000" skill="60" attack="88"/>
    <attack name="fire" interval="2000" chance="42" range="7" radius="4" target="1" min="-220" max="-430">
      <attribute key="shootEffect" value="fire"/>
      <attribute key="areaEffect" value="firearea"/>
    </attack>
    <attack name="fire" interval="2000" chance="40" length="8" spread="3" min="-250" max="-640">
      <attribute key="areaEffect" value="firearea"/>
    </attack>
  </attacks>
  <defenses armor="25" defense="38">
    <defense name="healing" interval="2000" chance="35" min="34" max="56">
      <attribute key="areaEffect" value="blueshimmer"/>
    </defense>
  </defenses>
  <immunities>
    <immunity physical="0"/>
    <immunity energy="0"/>
    <immunity fire="1"/>
    <immunity poison="1"/>
    <immunity lifedrain="0"/>
    <immunity paralyze="1"/>
    <immunity outfit="1"/>
    <immunity drunk="1"/>
    <immunity invisible="1"/>
  </immunities>
  <voices interval="5000" chance="10">
    <voice sentence="GROOAAARRR" yell="1"/>
    <voice sentence="FCHHHHH" yell="1"/>
  </voices>
	<loot>
    <item id="1987" chance="100000"> <!--bag -->

            <item id="2434" chance="900" /> <!--dragon hammer :: Def 20 :: Atk 32 -->
            <item id="2413" chance="1850" /> <!--broad sword :: Def 23 :: Atk 26 -->
            <item id="2409" chance="900" /> <!--serpent sword :: Def 15 :: Atk 26 -->
            <item id="2387" chance="1600" /> <!--double axe :: Def 12 :: Atk 35 -->
            <item id="2145" chance="800" /> <!--small diamond -->
            <item id="2516" chance="700" /> <!--dragon shield :: Def 31 -->
            <item id="2177" chance="500" /> <!--life crystal -->

    </item>
    <item id="2509" chance="7100" /> <!--steel shield :: Def 21 -->
    <item id="2672" countmax="3" chance="65500" /><!-- dragon ham -->
    <item id="2647" chance="1500" /> <!--plate legs :: Arm 7 -->
    <item id="2397" chance="4800" /> <!--longsword :: Def 14 :: Atk 17 -->
    <item id="2457" chance="4750" /> <!--steel helmet :: Arm 6 -->
    <item id="2455" chance="6425" /> <!--crossbow -->
    <item id="2546" countmax="15" chance="4750" /> <!--burst arrow -->
    <item id="2148" countmax="100" chance="52450" /> <!--gold coin -->
    <item id="2148" countmax="100" chance="32450" /> <!--gold coin -->
</loot>
</monster>
