<?xml version="1.0" encoding="UTF-8"?>
<monster name="Hellgasercle" nameDescription="a hellgasercle" race="blood" experience="11000" speed="440" manacost="0">
  <health now="10000" max="10000"/>
  <look type="436" corpse="6328"/>
  <targetchange interval="70" chance="5"/>
  <flags>
    <flag attackable="1"/>
    <flag hostile="1"/>
    <flag summonable="0"/>
    <flag convinceable="0"/>
    <flag illusionable="1"/>
    <flag pushable="0"/>
    <flag canpushitems="1"/>
    <flag canpushcreatures="1"/>
    <flag targetdistance="1"/>
    <flag staticattack="90"/>
    <flag runonhealth="300"/>
  </flags>
  <attacks>
    <attack name="melee" interval="2000" min="-650" max="-900"/>
    <attack name="fire" interval="2400" chance="30" range="7" radius="4" min="-700" max="-1400">
      <attribute key="areaEffect" value="greenarea"/>
    </attack>
    <attack name="physical" interval="2700" chance="20" length="8" spread="3" min="-800" max="-1700">
      <attribute key="areaEffect" value="boomz"/>
    </attack>
    <attack name="speed" interval="3000" chance="40" range="7" radius="4" target="1" speedchange="-400" duration="15000">
      <attribute key="shootEffect" value="energyzbolt"/>
    </attack>
  </attacks>
  <defenses armor="25" defense="38">
    <defense name="healing" interval="2000" chance="13" min="200" max="400">
      <attribute key="areaEffect" value="blueshimmer"/>
    </defense>
  </defenses>
  <elements>
    <element firePercent="100"/>
    <element earthPercent="100"/>
  </elements>
  <immunities>
    <immunity paralyze="1"/>
    <immunity invisible="1"/>
  </immunities>
  <voices interval="2000" chance="5">
    <voice sentence="GROOAAARRR" yell="1"/>
    <voice sentence="FCHHHHH" yell="1"/>
  </voices>
	<loot>
    <item id="1987" chance="100000"> <!--bag -->

            <item id="2434" chance="500" /> <!--dragon hammer :: Def 20 :: Atk 32 -->
            <item id="2413" chance="2000" /> <!--broad sword :: Def 23 :: Atk 26 -->
            <item id="2409" chance="500" /> <!--serpent sword :: Def 15 :: Atk 26 -->
            <item id="2387" chance="1100" /> <!--double axe :: Def 12 :: Atk 35 -->
            <item id="2145" chance="500" /> <!--small diamond -->
            <item id="2516" chance="400" /> <!--dragon shield :: Def 31 -->
            <item id="2177" chance="500" /><!-- life crystal -->

    </item>
    <item id="2509" chance="7100" /> <!--steel shield :: Def 21 -->
    <item id="2672" countmax="3" chance="65500" /> <!--dragon ham -->
    <item id="2647" chance="1500" /> <!--plate legs :: Arm 7 -->
    <item id="2397" chance="4800" /> <!--longsword :: Def 14 :: Atk 17 -->
    <item id="2457" chance="3000" /> <!--steel helmet :: Arm 6 -->
    <item id="2455" chance="5000" /> <!--crossbow -->
    <item id="2546" countmax="12" chance="2500" /> <!--burst arrow -->
    <item id="2148" countmax="100" chance="52450" /> <!--gold coin -->
    <item id="2148" countmax="10" chance="32450" /> <!--gold coin -->
</loot>
</monster>
