<?xml version="1.0" encoding="UTF-8"?>
<monster name="House Spider" nameDescription="a house spider" race="venom" experience="0" speed="148" manacost="195">
  <health now="5" max="5"/>
  <look type="30" head="0" body="0" legs="0" feet="0" corpse="2807"/>
  <targetchange interval="2000" chance="0"/>
  <strategy attack="100" defense="0"/>
  <flags>
    <flag summonable="1"/>
    <flag attackable="1"/>
    <flag hostile="1"/>
    <flag illusionable="1"/>
    <flag convinceable="1"/>
    <flag pushable="1"/>
    <flag canpushitems="0"/>
    <flag canpushcreatures="0"/>
    <flag targetdistance="1"/>
    <flag runonhealth="5"/>
  </flags>
  <attacks>
    <attack name="melee" interval="2000" skill="0" attack="0"/>
  </attacks>
  <defenses armor="1" defense="1"/>
  <immunities>
    <immunity physical="0"/>
    <immunity energy="0"/>
    <immunity fire="0"/>
    <immunity poison="0"/>
    <immunity lifedrain="0"/>
    <immunity paralyze="0"/>
    <immunity outfit="0"/>
    <immunity drunk="0"/>
    <immunity invisible="0"/>
  </immunities>
  <loot capacity="3000">
    <item id="2679" countmax="1" chance="100000"/><!-- cheese -->
  </loot>
</monster>
