<?xml version="1.0" encoding="UTF-8"?>
<monster name="Human" nameDescription="a human" race="blood" experience="50" hide="1" speed="220" manacost="350">
  <health now="150" max="150"/>
  <look type="1" head="0" body="0" legs="0" feet="0"/>
  <targetchange interval="2000" chance="0"/>
  <strategy attack="100" defense="0"/>
  <flags>
    <flag summonable="0"/>
    <flag attackable="1"/>
    <flag hostile="1"/>
    <flag illusionable="0"/>
    <flag convinceable="1"/>
    <flag pushable="1"/>
    <flag canpushitems="0"/>
    <flag canpushcreatures="0"/>
    <flag targetdistance="1"/>
    <flag runonhealth="20"/>
  </flags>
  <attacks>
    <attack name="melee" interval="2000" skill="10" attack="7"/>
  </attacks>
  <defenses armor="0" defense="5"/>
  <immunities>
    <immunity physical="0"/>
    <immunity energy="0"/>
    <immunity fire="0"/>
    <immunity poison="0"/>
    <immunity lifedrain="0"/>
    <immunity paralyze="0"/>
    <immunity outfit="0"/>
    <immunity drunk="0"/>
    <immunity invisible="0"/>
  </immunities>
  <loot capacity="3000">
    <item id="1988" countmax="1" chance="50000"/> <!--backpack -->
    <item id="2689" countmax="3" chance="50000"/> <!--bread -->
    <item id="2696" countmax="1" chance="30000"/> <!--cheese -->
    <item id="2148" countmax="20" chance="60000"/> <!--gold coin -->
    <item id="2467" countmax="1" chance="60000"/> <!--leather armor :: Arm 4 -->
    <item id="2461" countmax="1" chance="10000"/> <!--leather helmet :: Arm 1 -->
    <item id="2666" countmax="3" chance="40000"/> <!--meat -->
    <item id="2376" countmax="1" chance="80000"/> <!--sword :: Def 12 :: Atk 14 -->
  </loot>
</monster>
