<?xml version="1.0" encoding="UTF-8"?>
<monster name="Iskriger" nameDescription="a iskriger" race="blood" experience="5600" speed="290" manacost="0">
  <health now="4000" max="4000"/>
  <look type="356" head="0" body="0" legs="0" feet="0" corpse="6048"/>
  <targetchange interval="2000" chance="5"/>
  <strategy attack="80" defense="10"/>
  <flags>
    <flag summonable="0"/>
    <flag attackable="1"/>
    <flag hostile="1"/>
    <flag illusionable="0"/>
    <flag convinceable="0"/>
    <flag pushable="0"/>
    <flag canpushitems="1"/>
    <flag canpushcreatures="1"/>
    <flag targetdistance="1"/>
    <flag runonhealth="0"/>
  </flags>
  <attacks>
    <attack name="melee" interval="2000" skill="80" attack="118"/>
    <attack name="physical" interval="2800" chance="25" range="7" radius="4" target="0" min="-150" max="-630">
      <attribute key="areaEffect" value="redspark"/>
    </attack>
  </attacks>
  <defenses armor="55" defense="70">
    <defense name="healing" interval="2000" chance="10" min="0" max="10">
      <attribute key="areaEffect" value="blueshimmer"/>
    </defense>
  </defenses>
  <immunities>
    <immunity physical="0"/>
    <immunity energy="0"/>
    <immunity fire="0"/>
    <immunity poison="1"/>
    <immunity lifedrain="0"/>
    <immunity paralyze="1"/>
    <immunity outfit="1"/>
    <immunity drunk="1"/>
    <immunity invisible="1"/>
  </immunities>
  <voices interval="5000" chance="10">
    <voice sentence="Let's have a fight!"/>
    <voice sentence="Welcome to my battleground."/>
    <voice sentence="Have you seen princess Lumelia?"/>
    <voice sentence="I will sing a tune at your grave."/>
  </voices>
	<loot>
    <item id="1987" chance="100000"> <!--bag -->

            <item id="2498" chance="90" /><!-- Royal helm -->
            <item id="6216" chance="150" /> <!--dragon slayer -->
            <item id="6099" chance="100" /> <!--blizzard shield -->
            <item id="6098" chance="90" /> <!--blizzard armor -->
            <item id="6073" chance="150" /> <!--daraman blade -->

    </item>
    <item id="6217" countmax="5" chance="20000" /> <!--frozen ham -->
    <item id="2490" chance="3000" /> <!--dark helm -->
    <item id="2647" chance="2500" /> <!--plate legs -->
    <item id="2146" countmax="4" chance="2000" /> <!--small saphire -->
	<item id="2148" countmax="50" chance="52825" /> <!--gold coin -->
  <item id="2152" countmax="3" chance="20000" /> <!--plat coin -->
</loot>
</monster>
