<?xml version="1.0" encoding="UTF-8"?>
<monster name="Isveiviser" nameDescription="a isveiviser" race="blood" experience="2400" speed="280" manacost="0">
  <health now="2200" max="2200"/>
  <look type="357" head="0" body="0" legs="0" feet="0" corpse="6050"/>
  <targetchange interval="2000" chance="5"/>
  <strategy attack="80" defense="10"/>
  <flags>
    <flag summonable="0"/>
    <flag attackable="1"/>
    <flag hostile="1"/>
    <flag illusionable="0"/>
    <flag convinceable="0"/>
    <flag pushable="0"/>
    <flag canpushitems="1"/>
    <flag canpushcreatures="1"/>
    <flag targetdistance="1"/>
    <flag runonhealth="0"/>
  </flags>
  <attacks>
    <attack name="melee" interval="2000" skill="80" attack="72"/>
    <attack name="energy" interval="2500" chance="45" length="8" spread="0" min="-150" max="-310">
      <attribute key="areaEffect" value="energy"/>
    </attack>
    <attack name="energy" interval="3000" chance="20" length="5" spread="3" min="-220" max="-360">
      <attribute key="areaEffect" value="teleport"/>
    </attack>
  </attacks>
  <defenses armor="35" defense="50">
    <defense name="healing" interval="2000" chance="10" min="0" max="10">
      <attribute key="areaEffect" value="blueshimmer"/>
    </defense>
  </defenses>
  <immunities>
    <immunity physical="0"/>
    <immunity energy="1"/>
    <immunity fire="0"/>
    <immunity poison="1"/>
    <immunity lifedrain="0"/>
    <immunity paralyze="1"/>
    <immunity outfit="1"/>
    <immunity drunk="1"/>
    <immunity invisible="1"/>
  </immunities>
  <voices interval="5000" chance="10">
    <voice sentence="Let's have a fight!"/>
    <voice sentence="Welcome to my battleground."/>
    <voice sentence="Have you seen princess Lumelia?"/>
    <voice sentence="I will sing a tune at your grave."/>
  </voices>
	<loot>
    <item id="1987" chance="100000"> <!--bag -->

            <item id="6097" chance="50" /> <!--blizzard legs -->
            <item id="6216" chance="100" /> <!--dragon slayer -->
            <item id="2656" chance="100" /> <!--blue robe -->
            <item id="2168" chance="500" /><!-- life ring -->

    </item>
    <item id="6217" countmax="4" chance="15000" /> <!--frozen ham -->
    <item id="2149" countmax="4" chance="500" /> <!--smnall emerald -->
    <item id="2214" chance="300" /> <!--roh -->
    <item id="6119" chance="700" /> <!--old blue spell wand -->
    <item id="2391" chance="800" /><!-- war hammer -->
    <item id="2147" countmax="3" chance="1000" /> <!--small ruby -->
	<item id="2148" countmax="200" chance="30000" /> <!--gold coin -->
</loot>
</monster>
