<?xml version="1.0" encoding="UTF-8"?>
<monster name="Kick" nameDescription="kick" race="blood" experience="5" speed="134" manacost="200">
  <health now="9999999" max="9999999"/>
  <look type="21" head="0" body="0" legs="0" feet="0" corpse="2813"/>
  <targetchange interval="2000" chance="0"/>
  <strategy attack="100" defense="0"/>
  <flags>
    <flag summonable="1"/>
    <flag attackable="1"/>
    <flag hostile="1"/>
    <flag illusionable="1"/>
    <flag convinceable="1"/>
    <flag pushable="1"/>
    <flag canpushitems="0"/>
    <flag canpushcreatures="0"/>
    <flag targetdistance="1"/>
    <flag runonhealth="5"/>
  </flags>
  <attacks>
    <attack name="melee" interval="2000" skill="15" attack="7"/>
  </attacks>
  <defenses armor="1" defense="3"/>
  <immunities>
    <immunity physical="0"/>
    <immunity energy="0"/>
    <immunity fire="0"/>
    <immunity poison="0"/>
    <immunity lifedrain="0"/>
    <immunity paralyze="0"/>
    <immunity outfit="0"/>
    <immunity drunk="0"/>
    <immunity invisible="0"/>
  </immunities>
	<loot>
    <item id="2696" chance="39950" /> <!--cheese -->
    <item id="2148" countmax="20" chance="64850" /> <!--gold coin -->
</loot>
</monster>
