<?xml version="1.0" encoding="UTF-8"?>
<monster name="Lernaean Hydra" nameDescription="a lernaean hydra" race="blood" experience="4300" speed="200" manacost="0">
  <health now="4550" max="4550"/>
  <look type="340" head="0" body="0" legs="0" feet="0" corpse="6305"/>
  <targetchange interval="2000" chance="5"/>
  <strategy attack="70" defense="10"/>
  <flags>
    <flag summonable="0"/>
    <flag attackable="1"/>
    <flag hostile="1"/>
    <flag illusionable="0"/>
    <flag convinceable="0"/>
    <flag pushable="0"/>
    <flag canpushitems="1"/>
    <flag canpushcreatures="1"/>
    <flag targetdistance="1"/>
    <flag runonhealth="500"/>
  </flags>
  <attacks>
    <attack name="melee" interval="2000" skill="75" attack="101"/>
    <attack name="poison" interval="2800" chance="48" length="8" spread="3" min="-146" max="-480">
      <attribute key="areaEffect" value="poison"/>
    </attack>
    <attack name="poison" interval="3000" chance="60" radius="3" min="-100" max="-290">
      <attribute key="shootEffect" value="poison"/>
      <attribute key="areaEffect" value="greenbubble"/>
    </attack>
    <attack name="physical" interval="2400" chance="15" range="7" radius="4" min="-150" max="-430">
      <attribute key="areaEffect" value="bluebubble"/>
    </attack>
    <attack name="speed" interval="3700" chance="30" radius="1" target="1" speedchange="-520" duration="2000">
      <attribute key="areaEffect" value="greenshimmer"/>
    </attack>
  </attacks>
  <defenses armor="27" defense="45">
    <defense name="healing" interval="4000" chance="50" min="280" max="490">
      <attribute key="areaEffect" value="blueshimmer"/>
    </defense>
  </defenses>
  <immunities>
    <immunity physical="0"/>
    <immunity energy="0"/>
    <immunity fire="0"/>
    <immunity poison="0"/>
    <immunity lifedrain="0"/>
    <immunity paralyze="1"/>
    <immunity outfit="1"/>
    <immunity drunk="1"/>
    <immunity invisible="1"/>
  </immunities>
  <voices interval="5000" chance="28">
    <voice sentence="FCHHHHH!" yell="1"/>
    <voice sentence="FSCHHHH!" yell="1"/>
  </voices>
	<loot>
    <item id="1987" chance="100000"> <!--bag -->

     <item id="2200" chance="5000" /> <!--protection amulet -->
    <item id="2463" chance="7000" /> <!--plate armor -->
    <item id="2536" chance="2000" /> <!--medusa shield -->
    <item id="5656" chance="400" /> <!--bow de veneno -->
    <item id="6078" chance="2000"/><!-- Light Sword -->
    <item id="6067" chance="3000"/> <!--Ilumination Ring -->
    <item id="6031" chance="150"/> <!--Strongleaf Legs -->
    <item id="5828" chance="70"/> <!--Poisoned Axe -->

    </item>
    <item id="2149" countmax="4" chance="9825" /> <!--small emerald -->
    <item id="6079" chance="800"/> <!--Assassin Blade -->
    <item id="6081" chance="400"/> <!--Torn Quicksand boots -->
    <item id="6080" chance="300"/> <!--Arming sword -->
    <item id="6082" countmax="3" chance="10000"/> <!--Hydra Ham -->
    <item id="2148" countmax="100" chance="47425" /> <!--gold coin -->
    <item id="2148" countmax="100" chance="47425" /> <!--gold coin -->
    <item id="2148" countmax="72" chance="27425" /> <!--gold coin -->
    <item id="6224" chance="500"/> <!--Hydra claw -->
</loot>
</monster>
