<?xml version="1.0" encoding="UTF-8"?>
<monster name="Lightbringer Hero" nameDescription="a lightbringer hero" race="blood" experience="12000" speed="450" manacost="0">
  <health now="17000" max="17000"/>
  <look type="301" head="0" body="0" legs="0" feet="0" corpse="5678"/>
  <targetchange interval="5000" chance="40"/>
  <strategy attack="100" defense="100"/>
  <flags>
    <flag summonable="0"/>
    <flag attackable="1"/>
    <flag hostile="1"/>
    <flag illusionable="0"/>
    <flag convinceable="0"/>
    <flag pushable="0"/>
    <flag canpushitems="1"/>
    <flag canpushcreatures="1"/>
    <flag targetdistance="1"/>
    <flag staticattack="95"/>
    <flag runonhealth="0"/>
  </flags>
  <attacks>
    <attack name="melee" interval="2000" skill="90" attack="390" min="-400" max="-1380"/>
    <attack name="energy" interval="2000" chance="70" range="7" target="1" min="-0" max="-350">
      <attribute key="shootEffect" value="largerock"/>
      <attribute key="areaEffect" value="energy"/>
    </attack>
    <attack name="lifedrain" interval="3000" chance="35" radius="3"  min="-200" max="-675">
      <attribute key="areaEffect" value="blackspark"/>
    </attack>
    <attack name="manadrain" interval="3000" chance="25" radius="7"  min="-200" max="-470">
      <attribute key="areaEffect" value="poff"/>
    </attack>
    <attack name="firefield" interval="2000" chance="15" range="7" radius="7" target="1">
      <attribute key="shootEffect" value="fire"/>
    </attack>
    <attack name="fire" interval="2000" chance="16" length="8" spread="3" min="-150" max="-530">
      <attribute key="areaEffect" value="firearea"/>
    </attack>
    <attack name="fire" interval="3000" chance="15" radius="3"  min="-200" max="-270">
      <attribute key="areaEffect" value="firearea"/>
    </attack>
    <attack name="fire" interval="2000" chance="15" radius="6"  min="-250" max="-720">
      <attribute key="areaEffect" value="explosionarea"/>
    </attack>
  </attacks>
  <defenses armor="20" defense="20">
    <defense name="speed" interval="2000" chance="25" radius="5" speedchange="-900" duration="2000">
      <attribute key="areaEffect" value="rednote"/>
    </defense>
  </defenses>
  <elements>
    <element firePercent="10"/>
    <element icePercent="10"/>
    <element holyPercent="10"/>
    <element deathPercent="-10"/>
    <element energyPercent="-10"/>
    <element earthPercent="-10"/>
  </elements>
  <immunities>
    <immunity paralyze="1"/>
    <immunity fire="1"/>
    <immunity physical="0"/>
    <immunity invisible="1"/>
  </immunities>
  <voices interval="3000" chance="30">
    <voice sentence="I pity your life."/>
    <voice sentence="Into glory we shall ride!"/>
    <voice sentence="You know nothing about this world!"/>
    <voice sentence="Stand still, so I can decollate you!"/>
  </voices>
  <loot>
    <item id="2152" countmax="20" chance="80000" /><!-- Platnium coin 80% -->
    <item id="1987" chance="100000"><!-- bag -->
 
            <item id="2414" chance="5000" /><!-- Dragon Lance 5% -->
            <item id="6057" chance="100" /><!-- Lightbringer Helmet -->
            <item id="6056" chance="6056" /><!-- Executioner Sword -->
            <item id="2466" chance="5000" /><!-- golden armor 8% -->
            <item id="6054" chance="2000" /><!-- hellforged armor 2% -->   
            <item id="6055" chance="2000" /><!-- hellforged armor 2% -->         
            <item id="2645" chance="4000" /><!-- Steel boots 8% -->
            <item id="6053" chance="4000"/> <!-- Heavy Halbeerd -->

    </item>
</loot>

</monster>