<?xml version="1.0" encoding="UTF-8"?>
<monster name="Lightbringer Knight" nameDescription="a lightbringer knight" race="blood" experience="3500/" speed="450">
  <health now="6500" max="6500"/>
  <look type="434" head="0" body="0" legs="0" feet="0" corpse="6308"/>
  <targetchange interval="5000" chance="40"/>
  <strategy attack="100" defense="100"/>
  <flags>
    <flag summonable="0"/>
    <flag attackable="1"/>
    <flag hostile="1"/>
    <flag illusionable="0"/>
    <flag convinceable="0"/>
    <flag pushable="0"/>
    <flag canpushitems="1"/>
    <flag canpushcreatures="1"/>
    <flag targetdistance="1"/>
    <flag staticattack="95"/>
    <flag runonhealth="0"/>
  </flags>
  <attacks>
    <attack name="melee" interval="2000" min="-500" max="-900"/>
    <attack name="physical" interval="2000" chance="20" radius="2"  min="-150" max="-400">
      <attribute key="areaEffect" value="blackspark"/>
    </attack>
    <attack name="physical" interval="2700" chance="30"  min="-150" max="-300">
      <attribute key="shootEffect" value="spear"/>
    </attack>
    <attack name="manadrain" interval="2500" chance="15" range="7" min="-60" max="-120">
      <attribute key="areaEffect" value="redshimmer"/>
  </attack>
  <attack name="speed" interval="2300" chance="10" range="7" speedchange="-350" duration="30000">
      <attribute key="areaEffect" value="redshimmer"/>
    </attack>
  </attacks>
  <defenses armor="60" defense="70">
    <defense name="healing" interval="2100" chance="20" min="100" max="200">
      <attribute key="areaEffect" value="blueshimmer"/>
    </defense>
  </defenses>
  <elements>
  </elements>
  <immunities>
    <immunity paralyze="0"/>
    <immunity fire="1"/>
    <immunity poison="1"/>
    <immunity physical="0"/>
    <immunity invisible="1"/>
  </immunities>
  <voices interval="3000" chance="30">
    <voice sentence="I pity your life."/>
    <voice sentence="Into glory we shall ride!"/>
    <voice sentence="You know nothing about this world!"/>
    <voice sentence="Stand still, so I can decollate you!"/>
  </voices>
  <loot>
    <item id="2148" countmax="100" chance="50000" /><!-- gold 80% -->
    <item id="1987" chance="100000"><!-- bag -->
 
            <item id="2476" chance="550" /><!-- knigt armor 5% -->
            <item id="2477" chance="450" /><!-- knighr legs -->
            <item id="6088" chance="100" /><!-- hellfoged shield -->
            <item id="6338" chance="150" /><!-- swingsher demoslher 8% -->
            <item id="2424" chance="100" /><!-- silver mace -->   

    </item>
</loot>

</monster>