<?xml version="1.0" encoding="UTF-8"?>
<monster name="Mimic" nameDescription="a mimic" race="undead" experience="18" hide="1" speed="160" manacost="250">
  <health now="29" max="29"/>
  <look type="92" head="0" body="0" legs="0" feet="0" corpse="1740"/>
  <targetchange interval="2000" chance="0"/>
  <strategy attack="100" defense="0"/>
  <flags>
    <flag summonable="0"/>
    <flag attackable="1"/>
    <flag hostile="1"/>
    <flag illusionable="0"/>
    <flag convinceable="0"/>
    <flag pushable="1"/>
    <flag canpushitems="0"/>
    <flag canpushcreatures="0"/>
    <flag targetdistance="1"/>
    <flag runonhealth="0"/>
  </flags>
  <attacks>
    <attack name="melee" interval="2000" skill="23" attack="9"/>
  </attacks>
  <defenses armor="2" defense="3"/>
  <immunities>
    <immunity physical="0"/>
    <immunity energy="0"/>
    <immunity fire="0"/>
    <immunity poison="0"/>
    <immunity lifedrain="0"/>
    <immunity paralyze="0"/>
    <immunity outfit="0"/>
    <immunity drunk="0"/>
    <immunity invisible="0"/>
  </immunities>
  <loot capacity="3000">
    <item id="2679" countmax="3" chance="3000"/> <!--cherry -->
    <item id="2148" countmax="6" chance="35000"/> <!--gold coin -->
  </loot>
</monster>
