<?xml version="1.0" encoding="UTF-8"?>
<monster name="Minotaur Leader" nameDescription="a minotaur leader" race="blood" experience="650" speed="260" manacost="550">
  <health now="520" max="520"/>
  <look type="329" head="0" body="0" legs="0" feet="0" corpse="5905"/>
  <targetchange interval="2000" chance="5"/>
  <strategy attack="70" defense="10"/>
  <flags>
    <flag summonable="0"/>
    <flag attackable="1"/>
    <flag hostile="1"/>
    <flag illusionable="0"/>
    <flag convinceable="0"/>
    <flag pushable="0"/>
    <flag canpushitems="1"/>
    <flag canpushcreatures="1"/>
    <flag targetdistance="1"/>
    <flag runonhealth="0"/>
  </flags>
  <attacks>
    <attack name="melee" interval="2000" skill="90" attack="55"/>
    <attack name="physical" interval="2600" chance="32" range="7" min="-50" max="-150">
      <attribute key="shootEffect" value="throwingknife"/>
    </attack>
  </attacks>
 <defenses armor="80" defense="72">
  </defenses>
  <immunities>
    <immunity physical="0"/>
    <immunity energy="0"/>
    <immunity fire="1"/>
    <immunity poison="0"/>
    <immunity lifedrain="0"/>
    <immunity paralyze="0"/>
    <immunity outfit="0"/>
    <immunity drunk="0"/>
    <immunity invisible="1"/>
  </immunities>
  <voices interval="5000" chance="42">
    <voice sentence="RAAAWWWGH!"/>
    <voice sentence="RRRAAAARRRGH!"/>
    <voice sentence="GNAAARRRR!"/>
  </voices>
	<loot>
    <item id="2203" chance="100000"> <!--backpack -->

            <item id="2475" chance="500" /> <!--Warrior helmet -->
            <item id="2410" countmax="5" chance="10000" /> <!--throwingknife -->
            <item id="2667" chance="20000" /> <!--Fish -->
            <item id="2463" chance="7000" /> <!--Plate Armor -->
            <item id="2647" chance="7000" /> <!--Plate legs -->
            <item id="2208" chance="7000" /> <!--Axe ring -->

    </item>
    <item id="2666" countmax="2" chance="20000" /><!-- meat -->
    <item id="6075" chance="1200"/> <!--Minotaur Hoof -->
    <item id="2509" chance="10000" /> <!--steelshield -->
    <item id="2383" chance="4000" /> <!--Spike sword -->
	<item id="2148" countmax="40" chance="62625" /> <!--gold coin -->
</loot>
</monster>
