<?xml version="1.0" encoding="UTF-8"?>
<monster name="Nether Spiderling" nameDescription="a nether spiderling" race="venom" experience="24" speed="214" manacost="485">
  <health now="30" max="30"/>
  <look type="297" head="0" body="0" legs="0" feet="0" corpse="5670"/>
  <targetchange interval="2000" chance="5"/>
  <strategy attack="82" defense="0"/>
  <flags>
    <flag summonable="0"/>
    <flag attackable="1"/>
    <flag hostile="1"/>
    <flag illusionable="1"/>
    <flag convinceable="0"/>
    <flag pushable="0"/>
    <flag canpushitems="1"/>
    <flag canpushcreatures="0"/>
    <flag targetdistance="1"/>
    <flag runonhealth="0"/>
  </flags>
  <attacks>
    <attack name="melee" interval="2000" skill="47" attack="30" poison="20"/>
    <attack name="poisonfield" interval="2000" chance="35" range="1">
      <attribute key="shootEffect" value="poison"/>
      <attribute key="areaEffect" value="poff"/>
    </attack>
  </attacks>
  <defenses armor="28" defense="28">
    <defense name="speed" interval="2000" chance="20" speedchange="300" duration="2000">
      <attribute key="areaEffect" value="redshimmer"/>
    </defense>
  </defenses>
  <immunities>
    <immunity physical="0"/>
    <immunity energy="0"/>
    <immunity fire="0"/>
    <immunity poison="1"/>
    <immunity lifedrain="0"/>
    <immunity paralyze="0"/>
    <immunity outfit="0"/>
    <immunity drunk="0"/>
    <immunity invisible="0"/>
  </immunities>
	<loot>
    <item id="2148" countmax="10" chance="43152"> <!--gold coin -->
    </item>
</loot>
</monster>
