<?xml version="1.0" encoding="UTF-8"?>
<monster name="Nether Spider" nameDescription="a nether spider" race="venom" experience="1750" speed="330" manacost="0">
  <health now="1900" max="1900"/>
  <look type="313" head="0" body="0" legs="0" feet="0" corpse="5764"/>
  <targetchange interval="2000" chance="10"/>
  <strategy attack="70" defense="20"/>
  <flags>
    <flag summonable="0"/>
    <flag attackable="1"/>
    <flag hostile="1"/>
    <flag illusionable="0"/>
    <flag convinceable="0"/>
    <flag pushable="0"/>
    <flag canpushitems="1"/>
    <flag canpushcreatures="1"/>
    <flag targetdistance="1"/>
    <flag runonhealth="0"/>
  </flags>
  <attacks>
    <attack name="melee" interval="2000" skill="80" attack="140" poison="620"/>
    <attack name="poisoncondition" interval="2000" chance="27" range="20" radius="1" target="1">
      <attribute key="shootEffect" value="poison"/>
    </attack>
  </attacks>
  <defenses armor="30" defense="40">
    <defense name="speed" interval="2000" chance="60" speedchange="790" duration="40000">
      <attribute key="areaEffect" value="redshimmer"/>
    </defense>
  </defenses>
  <immunities>
    <immunity physical="0"/>
    <immunity energy="0"/>
    <immunity fire="0"/>
    <immunity poison="1"/>
    <immunity lifedrain="0"/>
    <immunity paralyze="0"/>
    <immunity outfit="1"/>
    <immunity drunk="1"/>
    <immunity invisible="1"/>
  </immunities>
  <summons maxSummons="4">
    <summon name="Nether Spiderling" interval="2000" chance="20" max="4"/>
  </summons>
	<loot>
    <item id="1987" chance="100000"> <!--bag -->

            <item id="5656" chance="100"/> <!--Poisoned Bow -->
            <item id="2171" chance="90" /> <!--platinum amulet :: Arm 2 -->
            <item id="6061" chance="1000"/> <!--Nether Shield -->

    </item>
    <item id="2545" countmax="12" chance="7075" /><!-- poison arrow :: Atk 20 -->
    <item id="2457" chance="2750" /> <!--steel helmet :: Arm 6 -->
    <item id="2463" chance="5000" /> <!--plate armor :: Arm 10 -->
    <item id="6060" chance="900"/> <!--Nether Fangs -->
    <item id="2169" chance="600" /> <!--time ring -->
    <item id="2478" chance="10000" /> <!--brass legs :: Arm 5 -->
	<item id="2148" countmax="100" chance="50725" /><!-- gold coin -->
  <item id="2148" countmax="20" chance="77725" /> <!--gold coin -->
</loot>
</monster>
