<?xml version="1.0" encoding="UTF-8"?>
<monster name="Ogre Warrior" nameDescription="a ogre warrior" race="blood" experience="2250" speed="250" manacost="590">
  <health now="3500" max="3500"/>
  <look type="328" head="0" body="0" legs="0" feet="0" corpse="5902"/>
  <targetchange interval="2000" chance="10"/>
  <strategy attack="60" defense="40"/>
  <flags>
    <flag summonable="0"/>
    <flag attackable="1"/>
    <flag hostile="1"/>
    <flag illusionable="0"/>
    <flag convinceable="0"/>
    <flag pushable="0"/>
    <flag canpushitems="1"/>
    <flag canpushcreatures="1"/>
    <flag targetdistance="1"/>
    <flag runonhealth="950"/>
  </flags>
  <attacks>
    <attack name="melee" interval="2000" skill="90" attack="132"/>
      <attack name="physical" interval="4000" chance="42" range="7" min="-80" max="-215">
      <attribute key="shootEffect" value="spear"/>
    </attack>
  </attacks>
  <defenses armor="12" defense="12">
  </defenses>
  <immunities>
    <immunity physical="0"/>
    <immunity energy="0"/>
    <immunity fire="1"/>
    <immunity poison="0"/>
    <immunity lifedrain="0"/>
    <immunity paralyze="0"/>
    <immunity outfit="0"/>
    <immunity drunk="0"/>
    <immunity invisible="1"/>
  </immunities>
  <voices interval="5000" chance="32">
    <voice sentence="Ferut Buta! Ferut Buta! Ferut Buta!" yell="1"/>
  </voices>
	<loot>
    <item id="1987" chance="100000"> <!--bag
 -->
            <item id="2147" countmax="3" chance="1000" /> <!--Small Ruby -->
            <item id="2436" chance="1000" /> <!--Skull Staff -->
            <item id="2425" chance="1300" /><!-- Obsidian Lance -->
            <item id="2434" chance="1300" /> <!--Dragon Hammer -->

    </item>
    <item id="2391" chance="8000" /> <!--War Hammer -->
    <item id="6067" chance="1000"/> <!--Ilumination Ring -->
    <item id="6052" countmax="4" chance="20000"/> <!-- head hunter spear -->
    <item id="2671" chance="21275" /> <!--ham -->
    <item id="2666" chance="40000"/> <!--meat -->
</loot>
</monster>
