<?xml version="1.0" encoding="UTF-8"?>
<monster name="Ogre Smasher" nameDescription="a ogre smasher" race="blood" experience="1750" speed="250" manacost="590">
  <health now="2300" max="2300"/>
  <look type="327" head="0" body="0" legs="0" feet="0" corpse="5899"/>
  <targetchange interval="2000" chance="10"/>
  <strategy attack="60" defense="40"/>
  <flags>
    <flag summonable="0"/>
    <flag attackable="1"/>
    <flag hostile="1"/>
    <flag illusionable="0"/>
    <flag convinceable="0"/>
    <flag pushable="0"/>
    <flag canpushitems="1"/>
    <flag canpushcreatures="1"/>
    <flag targetdistance="1"/>
    <flag runonhealth="450"/>
  </flags>
  <attacks>
    <attack name="melee" interval="2000" skill="94" attack="156"/>
  </attacks>
  <defenses armor="70" defense="62">
  </defenses>
  <immunities>
    <immunity physical="0"/>
    <immunity energy="0"/>
    <immunity fire="1"/>
    <immunity poison="0"/>
    <immunity lifedrain="0"/>
    <immunity paralyze="0"/>
    <immunity outfit="0"/>
    <immunity drunk="0"/>
    <immunity invisible="1"/>
  </immunities>
  <voices interval="5000" chance="32">
    <voice sentence="Tefar Kiskesh! Tefar Kiskesh! Tefar Kiskesh!" yell="1"/>
  </voices>
	<loot>
    <item id="1987" chance="100000"> <!--bag -->

            <item id="2209" chance="500" /> <!--Club Ring -->
            <item id="2171" chance="1000" /> <!--Plat Amulet -->
            <item id="6074" chance="900"/> <!--Wooden Maul -->

    </item>
    <item id="2381" chance="10000" /> <!--halberd :: Def 14 :: Atk 35 -->
    <item id="6052" countmax="2" chance="20000"/> <!-- head hunter spear -->
    <item id="2671" chance="21275" /> <!--ham -->
    <item id="6067" chance="1300"/> <!--Ilumination Ring -->
    <item id="2666" chance="40000"/> <!--meat -->
</loot>
</monster>
