<?xml version="1.0" encoding="UTF-8"?>
<monster name="Old Cockroach" nameDescription="an old cockroach" race="venom" experience="0" speed="120" manacost="385">
  <health now="50" max="50"/>
  <look type="229" head="0" body="0" legs="0" feet="0" corpse="4296"/>
  <targetchange interval="2000" chance="0"/>
  <strategy attack="100" defense="0"/>
  <flags>
    <flag summonable="0"/>
    <flag attackable="1"/>
    <flag hostile="1"/>
    <flag illusionable="1"/>
    <flag convinceable="0"/>
    <flag pushable="1"/>
    <flag canpushitems="0"/>
    <flag canpushcreatures="0"/>
    <flag targetdistance="1"/>
    <flag runonhealth="0"/>
  </flags>
  <attacks>
    <attack name="melee" interval="2000" chance="50" skill="15" attack="20"/>
  </attacks>
  <defenses armor="2" defense="3"/>
  <immunities>
    <immunity physical="0"/>
    <immunity energy="0"/>
    <immunity fire="0"/>
    <immunity poison="0"/>
    <immunity lifedrain="0"/>
    <immunity paralyze="0"/>
    <immunity outfit="0"/>
    <immunity drunk="0"/>
    <immunity invisible="0"/>
  </immunities>
  <loot capacity="3000">
  </loot>
</monster>
