<?xml version="1.0" encoding="UTF-8"?>
<monster name="Orc Bowman" nameDescription="a orc bowman" race="blood" experience="180" speed="186" manacost="310">
  <health now="250" max="250"/>
  <look type="336" head="0" body="0" legs="0" feet="0" corpse="5926"/>
  <targetchange interval="2000" chance="50"/>
  <strategy attack="100" defense="0"/>
  <flags>
    <flag summonable="0"/>
    <flag attackable="1"/>
    <flag hostile="1"/>
    <flag illusionable="0"/>
    <flag convinceable="0"/>
    <flag pushable="1"/>
    <flag canpushitems="0"/>
    <flag canpushcreatures="0"/>
    <flag targetdistance="4"/>
    <flag runonhealth="0"/>
  </flags>
  <attacks>
    <attack name="melee" interval="2000" skill="35" attack="33"/>
    <attack name="physical" interval="2200" chance="45" range="7" min="-15" max="-77">
      <attribute key="shootEffect" value="arrow"/>
    </attack>
  </attacks>
  <defenses armor="6" defense="12"/>
  <immunities>
    <immunity physical="0"/>
    <immunity energy="0"/>
    <immunity fire="0"/>
    <immunity poison="0"/>
    <immunity lifedrain="0"/>
    <immunity paralyze="0"/>
    <immunity outfit="0"/>
    <immunity drunk="0"/>
    <immunity invisible="1"/>
  </immunities>
  <voices interval="5000" chance="35">
    <voice sentence="Humak deadd!"/>
    <voice sentence="Alk!"/>
    <voice sentence="Prek!"/>
  </voices>
	<loot>
    <item id="1987" chance="100000"> <!--bag -->

            <item id="2482" chance="9900" /> <!--studded helmet :: Arm 2 -->
            <item id="2420" chance="5000" /> <!--machete :: Def 9 :: Atk 12 -->

    </item>
    <item id="2389" chance="18225" /> <!--spear :: Atk 25 -->
    <item id="6077" countmax="46" chance="7000"/> <!--Hunting arrow -->
    <item id="2468" chance="10300" /> <!--studded legs :: Arm 2 -->
    <item id="2666" chance="29700" /> <!--meat -->
	<item id="2148" countmax="7" chance="34550" /> <!--gold coin -->
</loot>
</monster>
