<?xml version="1.0" encoding="UTF-8"?>
<monster name="Plaguesmith" nameDescription="a plaguesmith" race="fire" experience="4500" speed="235" manacost="0">
  <health now="8250" max="8250"/>
  <look type="242" head="0" body="0" legs="0" feet="0" corpse="3038"/>
  <targetchange interval="2000" chance="10"/>
  <strategy attack="70" defense="10"/>
  <flags>
    <flag summonable="0"/>
    <flag attackable="1"/>
    <flag hostile="1"/>
    <flag illusionable="0"/>
    <flag convinceable="0"/>
    <flag pushable="0"/>
    <flag canpushitems="1"/>
    <flag canpushcreatures="1"/>
    <flag targetdistance="1"/>
    <flag runonhealth="0"/>
  </flags>
  <attacks>
    <attack name="melee" interval="2000" skill="120" attack="85"/>
    <attack name="poison" interval="2000" chance="15" range="7" min="-60" max="-114">
      <attribute key="shootEffect" value="poison"/>
      <attribute key="areaEffect" value="greenbubble"/>
    </attack>
	 <attack name="speed" interval="2000" chance="13" range="7" radius="4" target="1" speedchange="-200" duration="13000">
      <attribute key="shootEffect" value="poison"/>
      <attribute key="areaEffect" value="redshimmer"/>
    </attack>
  </attacks>
  <defenses armor="40" defense="65">
    <defense name="healing" interval="2000" chance="15" min="20" max="128">
      <attribute key="areaEffect" value="blueshimmer"/>
    </defense>
  </defenses>
  <immunities>
    <immunity physical="0"/>
    <immunity energy="0"/>
    <immunity fire="0"/>
    <immunity poison="1"/>
    <immunity lifedrain="1"/>
    <immunity paralyze="1"/>
    <immunity outfit="1"/>
    <immunity drunk="1"/>
    <immunity invisible="1"/>
  </immunities>
  <summons maxSummons="1">
  </summons>
  <voices interval="5000" chance="10">
    <voice sentence="You are looking a bit feverish!"/>
    <voice sentence="You don't look that good!"/>
    <voice sentence="Hachoo!"/>
    <voice sentence="Cough Cough"/>
  </voices>
</monster>
