<?xml version="1.0" encoding="UTF-8"?>
<monster name="Queen's Follower" nameDescription="a queen's follower" race="blood" experience="11000" speed="500" manacost="0">
  <health now="18000" max="18000"/>
  <look type="315" head="0" body="0" legs="0" feet="0" corpse="5821"/>
  <targetchange interval="5000" chance="40"/>
  <strategy attack="100" defense="100"/>
  <flags>
    <flag summonable="0"/>
    <flag attackable="1"/>
    <flag hostile="1"/>
    <flag illusionable="0"/>
    <flag convinceable="0"/>
    <flag pushable="0"/>
    <flag canpushitems="1"/>
    <flag canpushcreatures="1"/>
    <flag targetdistance="1"/>
    <flag staticattack="95"/>
    <flag runonhealth="0"/>
  </flags>
  <attacks>
    <attack name="melee" interval="2000" skill="90" attack="390" min="-400" max="-1680"/>
    <attack name="energy" interval="3000" chance="50" range="20" target="1" min="-250" max="-490">
      <attribute key="shootEffect" value="spear"/>
    </attack>
    <attack name="lifedrain" interval="4000" chance="45" radius="3"  min="-190" max="-1390">
      <attribute key="areaEffect" value="blackspark"/>
    </attack>
    <attack name="manadrain" interval="5000" chance="15" radius="7"  min="-200" max="-270">
      <attribute key="areaEffect" value="poff"/>
    </attack>
    <attack name="energyfield" interval="7000" chance="15" range="7" radius="2" target="1">
      <attribute key="shootEffect" value="energy"/>
    </attack>
    <attack name="energy" interval="6000" chance="16" length="2" spread="2" min="-150" max="-230">
      <attribute key="areaEffect" value="energy"/>
    </attack>
    <attack name="energy" interval="8000" chance="15" radius="1"  min="-200" max="-170">
      <attribute key="areaEffect" value="energy"/>
    </attack>
    <attack name="fire" interval="7000" chance="10" radius="2"  min="-250" max="-420">
      <attribute key="areaEffect" value="explosionarea"/>
    </attack>
  </attacks>
  <defenses armor="20" defense="20">
    <defense name="speed" interval="2000" chance="25" radius="1" speedchange="-1200" duration="8000">
      <attribute key="areaEffect" value="bluenote"/>
    </defense>
    <defense name="healing" interval="900" chance="65" min="200" max="1100">
      <attribute key="areaEffect" value="blueshimmer"/>
    </defense>
  </defenses>
  <elements>
    <element firePercent="100"/>
    <element icePercent="30"/>
    <element holyPercent="30"/>
    <element deathPercent="-10"/>
    <element energyPercent="-10"/>
    <element earthPercent="-10"/>
  </elements>
  <immunities>
    <immunity paralyze="1"/>
    <immunity fire="1"/>
    <immunity physical="0"/>
    <immunity invisible="1"/>
  </immunities>
  <voices interval="3000" chance="30">
    <voice sentence="I live by the sword!."/>
    <voice sentence="I chose to die than yield!"/>
    <voice sentence="Carlin is my liege!."/>
  </voices>
  <loot>
    <item id="2152" countmax="100" chance="20000" /><!-- platnium coin -->
    <item id="2150" countmax="3" chance="4375" /><!-- small amethyst -->
    <item id="6062" chance="1300"/> <!--Mercenary Sword -->
    <item id="1987" chance="100000"><!-- bag -->

            <item id="2656" chance="1300" /><!-- blue robe -->
            <item id="2430" chance="1300" /><!-- knight axe -->  
            <item id="6063" chance="100"/> <!--Shield of the heroes -->
            <item id="6064" chance="90"/> <!--Demonic Axe  -->      

    </item>
</loot>

</monster>