<?xml version="1.0" encoding="UTF-8"?>
<monster name="Shadow Serpent" nameDescription="a shadow serpent" race="blood" experience="6100" speed="200" manacost="0">
  <health now="6000" max="6000"/>
  <look type="358" head="0" body="0" legs="0" feet="0" corpse="6101"/>
  <targetchange interval="2000" chance="5"/>
  <strategy attack="70" defense="10"/>
  <flags>
    <flag summonable="0"/>
    <flag attackable="1"/>
    <flag hostile="1"/>
    <flag illusionable="0"/>
    <flag convinceable="0"/>
    <flag pushable="0"/>
    <flag canpushitems="1"/>
    <flag canpushcreatures="1"/>
    <flag targetdistance="1"/>
    <flag runonhealth="300"/>
  </flags>
  <attacks>
    <attack name="melee" interval="2000" skill="85" attack="140"/>
    <attack name="lifedrain" interval="2500" chance="15" radius="3"  min="-0" max="-380">
			<attribute key="areaEffect" value="mortarea"/>
		</attack>
    <attack name="physical" interval="2900" chance="15" length="8" spread="3" min="-100" max="-590">
      <attribute key="areaEffect" value="greennote"/>
    </attack>
    <attack name="speed" interval="2000" chance="20" range="9" target="1" speedchange="-650" duration="120000">
      <attribute key="areaEffect" value="greenbubble"/>
    </attack>
    <attack name="poison" interval="3000" chance="10" length="8" spread="0" min="-300" max="-420">
      <attribute key="areaEffect" value="poison"/>
    </attack>
  </attacks>
  <defenses armor="27" defense="45">
    <defense name="speed" interval="2000" chance="28" speedchange="320" duration="2000">
			<attribute key="areaEffect" value="redshimmer"/>
		</defense>
		<defense name="paralyze" interval="2200" chance="20" speedchange="-166" duration="2000">
			<attribute key="areaEffect" value="redshimmer"/>
		</defense>
		<defense name="healing" interval="2000" chance="25" min="300" max="400">
      <attribute key="areaEffect" value="blueshimmer"/>
    </defense>
  </defenses>
  <immunities>
    <immunity physical="0"/>
    <immunity energy="1"/>
    <immunity fire="1"/>
    <immunity poison="1"/>
    <immunity lifedrain="0"/>
    <immunity paralyze="0"/>
    <immunity outfit="1"/>
    <immunity drunk="1"/>
    <immunity invisible="1"/>
  </immunities>
  <voices interval="5000" chance="10">
    <voice sentence="FCHHHHH" yell="1"/>
    <voice sentence="HISSSS" yell="1"/>
  </voices>
	<loot>
    <item id="1987" chance="100000"> <!--bag -->

            <item id="2409" chance="10000" /><!-- serpent sword -->
            <item id="6093" chance="100" /><!-- ancient legs -->
            <item id="6089" chance="90" /> <!--ancient helmet -->
            <item id="2645" chance="400" /> <!--steel boots -->
            <item id="5770" chance="200"/><!-- Emerald Armor -->
            <item id="6018" chance="300"/> <!--Energized Axe
 -->
    </item>
    <item id="2178" chance="15000" /> <!--mind stone -->
    <item id="2789" countmax="5" chance="20000"/> <!--brown mushroom -->
    <item id="2214" chance="1350" /> <!--ring of healing -->
    <item id="2148" countmax="50" chance="47425" /> <!--gold coin -->
    <item id="2152" countmax="6" chance="27425" /> <!--plat coin -->
</loot>
</monster>
