<?xml version="1.0" encoding="UTF-8"?>
<monster name="Shattered Soul" nameDescription="a shattered soul" race="blood" experience="1300" speed="280" manacost="0">
  <health now="3000" max="3000"/>
  <look type="345" head="0" body="0" legs="0" feet="0" corpse="5938"/>
  <targetchange interval="2000" chance="5"/>
  <strategy attack="80" defense="10"/>
  <flags>
    <flag summonable="0"/>
    <flag attackable="1"/>
    <flag hostile="1"/>
    <flag illusionable="0"/>
    <flag convinceable="0"/>
    <flag pushable="0"/>
    <flag canpushitems="1"/>
    <flag canpushcreatures="1"/>
    <flag targetdistance="1"/>
    <flag runonhealth="0"/>
  </flags>
  <attacks>
    <attack name="melee" interval="2000" skill="80" attack="70"/>
    <attack name="lifedrain" interval="2400" chance="65" target="1" min="-55" max="-130"/>
  </attacks>
  <defenses armor="35" defense="50">
  </defenses>
  <immunities>
    <immunity physical="1"/>
    <immunity energy="0"/>
    <immunity fire="0"/>
    <immunity poison="0"/>
    <immunity lifedrain="0"/>
    <immunity paralyze="0"/>
    <immunity outfit="1"/>
    <immunity drunk="1"/>
    <immunity invisible="1"/>
  </immunities>
  <voices interval="5000" chance="20">
    <voice sentence="Join the damned!"/>
    <voice sentence="Graaaaa!"/>
  </voices>
	<loot>
    <item id="1987" chance="100000"> <!--bag -->

    <item id="2144" countmax="3" chance="10000" /> <!--black pearl -->

    </item>
    <item id="2143" countmax="2" chance="10000" /> <!--white emerald -->
	<item id="2148" countmax="99" chance="52825" /> <!--gold coin -->
  <item id="6083" chance="5000"/> <!--Soul Dagger -->
  <item id="6084" chance="1500"/> <!--Assassin Dagger -->
</loot>
</monster>
