<?xml version="1.0" encoding="UTF-8"?>
<monster name="Sky Angel" nameDescription="a sky angel" race="blood" experience="8500" speed="300" manacost="0">
  <health now="7500" max="7500"/>
  <look type="344" head="0" body="0" legs="0" feet="0" corpse="3128"/>
  <targetchange interval="2000" chance="45"/>
  <strategy attack="80" defense="10"/>
  <flags>
    <flag summonable="0"/>
    <flag attackable="1"/>
    <flag hostile="1"/>
    <flag illusionable="0"/>
    <flag convinceable="0"/>
    <flag pushable="0"/>
    <flag canpushitems="1"/>
    <flag canpushcreatures="1"/>
    <flag targetdistance="1"/>
    <flag runonhealth="0"/>
  </flags>
  <attacks>
    <attack name="melee" interval="1700" skill="90" attack="160"/>
    <attack name="energy" interval="2200" chance="70" length="8" spread="0" min="-190" max="-520">
      <attribute key="areaEffect" value="energy"/>
    </attack>
    <attack name="lifedrain" interval="3200" chance="15" radius="6" target="0" min="-380" max="-800">
      <attribute key="areaEffect" value="GREENAREA"/>
    </attack>
    <attack name="lifedrain" interval="3000" chance="40" range="7" radius="4" target="1" min="-230" max="-650">
      <attribute key="areaEffect" value="redspark"/>
    </attack>
  </attacks>
  <defenses armor="88" defense="90">
  </defenses>
  <immunities>
    <immunity physical="0"/>
    <immunity energy="1"/>
    <immunity fire="0"/>
    <immunity poison="1"/>
    <immunity lifedrain="0"/>
    <immunity paralyze="1"/>
    <immunity outfit="1"/>
    <immunity drunk="1"/>
    <immunity invisible="1"/>
  </immunities>
  <voices interval="5000" chance="10">
    <voice sentence="Welcome to my battleground."/>
      </voices>
	<loot>
    <item id="1987" chance="100000"> <!--bag -->

            <item id="2656" chance="500" /> <!--blue robe -->
            <item id="6066" chance="3000"/> <!--ilumination ring -->
            <item id="6030" chance="60"/> <!--strongleaf armor -->

    </item>
    <item id="6078" chance="800" /> <!--light sword -->
    <item id="6116" chance="1000" /> <!--old blue spell wand -->
    <item id="2490" chance="10000" /> <!--dark helm -->
    <item id="5652" chance="80" /> <!--daraman crrossbow -->
	<item id="2148" countmax="200" chance="30025" /> <!--gold coin -->
</loot>
</monster>
