<?xml version="1.0" encoding="UTF-8"?>
<monster name="Slim" nameDescription="a slim" race="undead" experience="0" hide="1" speed="200" manacost="0">
  <health now="1025" max="1025"/>
  <look type="101" head="20" body="30" legs="40" feet="50" corpse="1496"/>
  <targetchange interval="2000" chance="5"/>
  <strategy attack="100" defense="0"/>
  <flags>
    <flag summonable="0"/>
    <flag attackable="1"/>
    <flag hostile="1"/>
    <flag illusionable="0"/>
    <flag convinceable="0"/>
    <flag pushable="0"/>
    <flag canpushitems="1"/>
    <flag staticattack="78"/>
    <flag lightlevel="0"/>
    <flag lightcolor="0"/>
    <flag targetdistance="1"/>
    <flag runonhealth="0"/>
  </flags>
  <attacks>
    <attack name="melee" interval="2000" min="-54" max="-170"/>
  <attack name="poison field" interval="1000" chance="50" min="-5" max="-13"/>
  <attack name="berserk" interval="3049" chance="40"/>
  </attacks>
  <defenses armor="36" defense="38"/>
  <immunities>
    <immunity physical="0"/>
    <immunity energy="0"/>
    <immunity fire="0"/>
    <immunity poison="1"/>
    <immunity lifedrain="0"/>
    <immunity paralyze="1"/>
    <immunity outfit="0"/>
    <immunity drunk="0"/>
    <immunity invisible="0"/>
  </immunities>
  <voices interval="2000" chance="5">
    <voice sentence="Knooorrr!"/>
  </voices>
</monster>
