<?xml version="1.0" encoding="UTF-8"?>
<monster name="Solar Dragon" nameDescription="a solar dragon" race="blood" experience="4000" speed="234" manacost="0">
  <health now="3750" max="3750"/>
  <look type="339" head="0" body="0" legs="0" feet="0" corpse="5933"/>
  <targetchange interval="2000" chance="5"/>
  <strategy attack="70" defense="10"/>
  <flags>
    <flag summonable="0"/>
    <flag attackable="1"/>
    <flag hostile="1"/>
    <flag illusionable="1"/>
    <flag convinceable="0"/>
    <flag pushable="0"/>
    <flag canpushitems="1"/>
    <flag canpushcreatures="1"/>
    <flag targetdistance="1"/>
    <flag runonhealth="300"/>
  </flags>
  <attacks>
    <attack name="melee" interval="2000" skill="90" attack="80"/>
    <attack name="fire" interval="2000" chance="20" range="7" radius="4" target="1" min="-250" max="-350">
      <attribute key="shootEffect" value="fire"/>
      <attribute key="areaEffect" value="firearea"/>
    </attack>
    <attack name="firefield" interval="2000" chance="10" range="7" radius="6" target="1">
      <attribute key="shootEffect" value="fire"/>
    </attack>
    <attack name="fire" interval="2000" chance="20" length="8" spread="3" min="-250" max="-550">
      <attribute key="areaEffect" value="firearea"/>
    </attack>
  </attacks>
  <defenses armor="45" defense="70">
    <defense name="healing" interval="2000" chance="25" min="400" max="700">
      <attribute key="areaEffect" value="blueshimmer"/>
    </defense>
  </defenses>
  <immunities>
    <immunity physical="0"/>
    <immunity energy="0"/>
    <immunity fire="1"/>
    <immunity poison="1"/>
    <immunity lifedrain="1"/>
    <immunity paralyze="1"/>
    <immunity outfit="1"/>
    <immunity drunk="1"/>
    <immunity invisible="1"/>
  </immunities>
  <summons maxSummons="2">
    <summon name="dragon" interval="2000" chance="17" max="2"/>
  </summons>
  <voices interval="5000" chance="10">
    <voice sentence="ZCHHHHH" yell="1"/>
    <voice sentence="I WILL SET THE WORLD IN FIRE!" yell="1"/>
    <voice sentence="I WILL PROTECT MY BROOD!" yell="1"/>
  </voices>
	<loot>
    <item id="1987" chance="100000"> <!--bag -->

            <item id="2796" countmax="7" chance="10025" /> <!--green mushroom -->
            <item id="2146" chance="14400" /> <!--small sapphire -->
            <item id="2033" chance="11600" /> <!--golden mug -->

    </item>
    <item id="2547" countmax="8" chance="13000" /> <!--power bolt :: Atk 50 -->
    <item id="2672" chance="61600" /> <!--dragon ham -->
    <item id="2167" chance="8825" /> <!--energy ring -->
	<item id="2148" countmax="100" chance="53550" /> <!--platinum coin -->
</loot>
</monster>
