<?xml version="1.0" encoding="UTF-8"?>
<monster name="Tonto" nameDescription="tonto" race="blood" experience="200" speed="240" manacost="600">
  <health now="9000000" max="9000000"/>
  <look type="57" head="0" body="0" legs="0" feet="0" corpse="3128"/>
  <targetchange interval="2000" chance="5"/>
  <strategy attack="1" defense="0"/>
  <flags>
    <flag summonable="0"/>
    <flag attackable="1"/>
    <flag hostile="0"/>
    <flag illusionable="0"/>
    <flag convinceable="0"/>
    <flag pushable="0"/>
    <flag canpushitems="1"/>
    <flag canpushcreatures="1"/>
    <flag targetdistance="1"/>
    <flag runonhealth="0"/>
  </flags>
  <attacks>
    <attack name="melee" interval="2000" skill="1" attack="1"/>
    <attack name="fire" interval="500" chance="100" range="7" radius="7" target="1" min="-110" max="-200">
      <attribute key="shootEffect" value="fire"/>
      <attribute key="areaEffect" value="redballz"/>
    </attack>
  </attacks>
  <defenses armor="0" defense="0">
    <defense name="healing" interval="2000" chance="17" min="50" max="70">
      <attribute key="areaEffect" value="blueshimmer"/>
    </defense>
    <defense name="speed" interval="2000" chance="10" speedchange="350" duration="2000">
      <attribute key="areaEffect" value="redshimmer"/>
    </defense>
  </defenses>
  <immunities>
    <immunity physical="0"/>
    <immunity energy="0"/>
    <immunity fire="0"/>
    <immunity poison="0"/>
    <immunity lifedrain="0"/>
    <immunity paralyze="0"/>
    <immunity outfit="0"/>
    <immunity drunk="0"/>
    <immunity invisible="1"/>
  </immunities>
  <voices interval="5000" chance="10">
    <voice sentence="I will punish the sinners!"/>
    <voice sentence="A prayer to the almighty one."/>
    <voice sentence="Repent Heretic!" yell="1"/>
  </voices>
	<loot>
    <item id="1987" chance="100000"> <!--bag -->

            <item id="1949" chance="2500" /> <!--scroll -->
            <item id="2015" chance="1250" /> <!--brown flask -->
            <item id="2177" chance="1150" /> <!--life crystal -->
            <item id="2166" chance="75" /> <!--power ring -->
            <item id="2642" chance="1500" /> <!--sandals -->

    </item>
    <item id="2689" chance="20250" /> <!--bread -->
    <item id="2044" chance="1825" /> <!--lamp -->
    <item id="2193" chance="2650" /> <!--ankh -->
    <item id="2401" chance="750" /> <!--staff :: Def 25 :: Atk 10 -->
	<item id="2148" countmax="22" chance="18250" /> <!--gold coin -->
</loot>
</monster>
