<?xml version="1.0" encoding="UTF-8"?>
<monster name="Troll King" nameDescription="a troll king" race="blood" experience="20" speed="230" manacost="290">
  <health now="4300" max="4300"/>
  <look type="310" head="0" body="0" legs="0" feet="0" corpse="5755"/>
  <targetchange interval="2000" chance="0"/>
  <strategy attack="100" defense="0"/>
  <flags>
    <flag summonable="1"/>
    <flag attackable="1"/>
    <flag hostile="1"/>
    <flag illusionable="1"/>
    <flag convinceable="1"/>
    <flag pushable="1"/>
    <flag canpushitems="0"/>
    <flag canpushcreatures="0"/>
    <flag targetdistance="1"/>
    <flag runonhealth="200"/>
  </flags>
  <attacks>
    <attack name="melee" interval="2000" skill="70" attack="92"/>
  <attack name="physical" interval="6000" chance="70" range="15" target="1" min="-100" max="-700">
      <attribute key="shootEffect" value="largerock"/>
    </attack>
  </attacks>
  <defenses armor="72" defense="80"/>
  <immunities>
    <immunity physical="0"/>
    <immunity energy="0"/>
    <immunity fire="0"/>
    <immunity poison="0"/>
    <immunity lifedrain="0"/>
    <immunity paralyze="0"/>
    <immunity outfit="0"/>
    <immunity drunk="0"/>
    <immunity invisible="0"/>
  </immunities>
  <summons maxSummons="6">
    <summon name="Troll" interval="2000" chance="65" max="8"/>
  </summons>
  <voices interval="5000" chance="10">
    <voice sentence="Grrrr"/>
    <voice sentence="Groar"/>
    <voice sentence="Gruntz!"/>
    <voice sentence="Hmmm, bugs."/>
    <voice sentence="Hmmm, dogs."/>
  </voices>
	<loot>
    <item id="1987" chance="100000"> <!--bag -->

            <item id="2171" chance="8000" /> <!--plat amulet -->
            <item id="6086" chance="3000" /> <!--demonbone helm -->
            <item id="2645" chance="3000" /> <!--steel boots -->
            <item id="6074" chance="1000" /> <!--wooden maul -->

    </item>
    <item id="6052" countmax="10" chance="10000" /> <!--head hunter spear :: Atk 25 -->
    <item id="2120" chance="41050" /> <!--rope --> 
    <item id="2454" chance="100" /> <!--war axe -->
    <item id="6088" chance="500" /> <!--hellforged shield -->
    <item id="2789" countmax="15" chance="27675" /> <!--brown mushroom -->
	<item id="2152" countmax="12" chance="36425" /> <!--plat coin -->
</loot>
</monster>
