<?xml version="1.0" encoding="UTF-8"?>
<monster name="Valkyrie Cavalry" nameDescription="an valkyrie cavalry" race="blood" experience="108" speed="260" manacost="490">
  <health now="300" max="300"/>
  <look type="299" head="0" body="0" legs="0" feet="0" corpse="5673"/>
  <targetchange interval="2000" chance="5"/>
  <strategy attack="70" defense="30"/>
  <flags>
    <flag summonable="0"/>
    <flag attackable="1"/>
    <flag hostile="1"/>
    <flag illusionable="1"/>
    <flag convinceable="0"/>
    <flag pushable="0"/>
    <flag canpushitems="1"/>
    <flag canpushcreatures="1"/>
    <flag targetdistance="1"/>
    <flag runonhealth="0"/>
  </flags>
  <attacks>
    <attack name="melee" interval="2000" skill="56" attack="52"/>
    <attack name="physical" interval="2000" chance="60" range="1" min="-1" max="-50">
    <attribute key="shootEffect" value="spear"/>
   </attack>
   </attacks>
  <defenses armor="14" defense="28">
    <defense name="speed" interval="2000" chance="30" speedchange="500" duration="8000">
      <attribute key="areaEffect" value="redshimmer"/>
    </defense>
  </defenses>
  <immunities>
    <immunity physical="0"/>
    <immunity energy="0"/>
    <immunity fire="0"/>
    <immunity poison="0"/>
    <immunity lifedrain="0"/>
    <immunity paralyze="0"/>
    <immunity outfit="0"/>
    <immunity drunk="0"/>
    <immunity invisible="0"/>
  </immunities>
  <voices interval="5000" chance="10">
    <voice sentence="Another head for me!"/>
    <voice sentence="Head off!"/>
    <voice sentence="Your head will be mine!"/>
    <voice sentence="Stand still!"/>
    <voice sentence="One more head for me!"/>
    <voice sentence="All males will be our slaves"/>
    <voice sentence="Grrrr"/>
    <voice sentence="ATTACK!"/>
  </voices>
	<loot>
    <item id="1987" chance="100000"> <!--bag -->

            <item id="2145" chance="900" /> <!--small diamond -->
            <item id="2200" chance="5765" /> <!--protection amulet -->
            <item id="2674" countmax="10" chance="15825" /> <!--red apples -->
            <item id="2389" countmax="6" chance="11050" /> <!--spears -->
            <item id="2387" chance="1300" /> <!--double axe -->

    </item>
    <item id="6052" chance="15000"/> <!-- head hunter spears -->
    <item id="2463" chance="1300" /> <!--plate armor -->
    <item id="2666" chance="15040" /> <!--meat -->
    <item id="2458"  chance="15450" /> <!--chain helmet -->
    <item id="2464" chance="9050" /> <!--chain armor -->
	<item id="2148" countmax="24" chance="90425" /> <!--gold coin -->
</loot>

</monster>
