<?xml version="1.0" encoding="UTF-8"?>
<monster name="Wight" nameDescription="a wight" race="blood" experience="5000" speed="290" manacost="600">
  <health now="8000" max="8000"/>
  <look type="302" head="0" body="0" legs="0" feet="0" corpse="5680"/>
  <targetchange interval="2000" chance="5"/>
  <strategy attack="70" defense="40"/>
  <flags>
    <flag summonable="0"/>
    <flag attackable="1"/>
    <flag hostile="1"/>
    <flag illusionable="0"/>
    <flag convinceable="0"/>
    <flag pushable="0"/>
    <flag canpushitems="1"/>
    <flag canpushcreatures="1"/>
    <flag targetdistance="1"/>
    <flag runonhealth="0"/>
  </flags>
  <attacks>
    <attack name="melee" interval="2000" skill="77" attack="250"/>
    <attack name="lifedrain" interval="2000" chance="35" radius="4"  min="-400" max="-670">
      <attribute key="areaEffect" value="bluenote"/>
    </attack>
  </attacks>
  <defenses armor="38" defense="67">
    <defense name="healing" interval="900" chance="60" min="300" max="650">
      <attribute key="areaEffect" value="blueshimmer"/>
    </defense>
    <defense name="speed" interval="2000" chance="80" radius="3" speedchange="-520" duration="2000">
      <attribute key="areaEffect" value="redshimmer"/>
    </defense>
  </defenses>
  <immunities>
    <immunity physical="0"/>
    <immunity energy="0"/>
    <immunity fire="0"/>
    <immunity poison="0"/>
    <immunity lifedrain="0"/>
    <immunity paralyze="0"/>
    <immunity outfit="1"/>
    <immunity drunk="1"/>
    <immunity invisible="1"/>
  </immunities>
  <voices interval="5000" chance="30">
    <voice sentence="I will punish the sinners!"/>
    <voice sentence="A prayer to the almighty one."/>
    <voice sentence="Repent Heretic!" yell="1"/>
  </voices>
	<loot>
    <item id="1987" chance="100000"><!-- bag -->

    <item id="2195" chance="300" /> <!--Boots of haste 0,3% -->
    <item id="2655" chance="500" /> <!--Red Robe 0,5% -->
    <item id="2656" chance="700" /><!-- Blue Robe 0,7% -->
    <item id="2214" chance="2000" /> <!--Ring of healing 5% -->
    <item id="2197" chance="2000" /> <!--Stone skin amulet 5% -->
    <item id="2175" chance="70000" /> <!--Spell Book 70% -->
    <item id="2144" chance="50000" /> <!--Black Pearl 50% -->
    <item id="6058" chance="100"/> <!--Royal Dress -->
    <item id="5772" chance="600"/> <!--Shadow Helmet -->

    </item>
    <item id="2200" chance="70000" /> <!--Protection Amulet 70% -->
    <item id="2170" chance="30000" /> <!--Silver Amulet 70% -->
    <item id="2425" chance="70000" /> <!--Obsidian Lance 70% -->
	<item id="2148" countmax="100" chance="90000" /> <!--gold coin 90% -->
</loot>
</monster>
