<?xml version="1.0" encoding="UTF-8"?>
<monster name="Arach" nameDescription="a arach" race="venom" experience="50" speed="152" manacost="210">
  <health now="70" max="70"/>
  <look type="333" head="0" body="0" legs="0" feet="0" corpse="5917"/>
  <targetchange interval="2000" chance="0"/>
  <strategy attack="100" defense="0"/>
  <flags>
    <flag summonable="1"/>
    <flag attackable="1"/>
    <flag hostile="1"/>
    <flag illusionable="1"/>
    <flag convinceable="1"/>
    <flag pushable="1"/>
    <flag canpushitems="0"/>
    <flag canpushcreatures="0"/>
    <flag targetdistance="1"/>
    <flag runonhealth="30"/>
  </flags>
  <attacks>
    <attack name="melee" interval="2000" skill="60" attack="20"/>
  </attacks>
  <defenses armor="12" defense="12">
    <defense name="speed" interval="2000" chance="20" speedchange="500" duration="6000">
      <attribute key="areaEffect" value="redshimmer"/>
    </defense>
  </defenses>
  <immunities>
    <immunity physical="0"/>
    <immunity energy="0"/>
    <immunity fire="0"/>
    <immunity poison="1"/>
    <immunity lifedrain="0"/>
    <immunity paralyze="0"/>
    <immunity outfit="0"/>
    <immunity drunk="0"/>
    <immunity invisible="0"/>
  </immunities>
	<loot>
    <item id="2148" countmax="20" chance="41575" /> <!--gold coin -->
</loot>
</monster>
