<?xml version="1.0" encoding="UTF-8"?>
<monster name="Cerberus" nameDescription="a cerberus" race="undead" experience="290" speed="220" manacost="0">
  <health now="450" max="450"/>
  <look type="431" head="0" body="0" legs="0" feet="0" corpse="3128"/>
  <targetchange interval="2000" chance="5"/>
  <strategy attack="70" defense="30"/>
  <flags>
    <flag summonable="0"/>
    <flag attackable="1"/>
    <flag hostile="1"/>
    <flag illusionable="1"/>
    <flag convinceable="0"/>
    <flag pushable="0"/>
    <flag canpushitems="1"/>
    <flag canpushcreatures="1"/>
    <flag targetdistance="1"/>
    <flag runonhealth="0"/>
  </flags>
  <attacks>
    <attack name="melee" interval="2000" skill="65" attack="42"/>
    <attack name="lifedrain" interval="2000" chance="20" range="1" min="-55" max="-105"/>
    <attack name="speed" interval="2000" chance="12" range="7" speedchange="-350" duration="30000">
      <attribute key="areaEffect" value="redshimmer"/>
    </attack>
  </attacks>
  <defenses armor="27" defense="38">
    <defense name="outfit" interval="2000" chance="1" monster="bat" duration="6000">
      <attribute key="areaEffect" value="blueshimmer"/>
    </defense>
  </defenses>
  <immunities>
    <immunity physical="0"/>
    <immunity energy="0"/>
    <immunity fire="0"/>
    <immunity poison="1"/>
    <immunity lifedrain="1"/>
    <immunity paralyze="1"/>
    <immunity outfit="1"/>
    <immunity drunk="1"/>
    <immunity invisible="1"/>
  </immunities>
  <voices interval="5000" chance="10">
    <voice sentence="BLOOD!" yell="1"/>
    <voice sentence="Let me kiss your neck."/>
    <voice sentence="I smell warm blood."/>
    <voice sentence="I call you, my bats! Come!"/>
  </voices>
	<loot>
    <item id="1987" chance="100000"> <!--bag -->

            <item id="2144" chance="1900" /> <!--black pearl -->
            <item id="2127" chance="200" /> <!--emerald bangle -->
            <item id="2172" chance="200" /> <!--bronze amulet -->
            <item id="2534" chance="150" /> <!--vampire shield :: Def 34 -->

    </item>
    <item id="2479" chance="900" /> <!--strange helmet :: Arm 6 -->
    <item id="2747" chance="2250" /> <!--grave flower -->
    <item id="2412" chance="2025" /> <!--katana :: Def 12 :: Atk 16 -->
    <item id="2383" chance="1575" /><!-- spike sword :: Def 21 :: Atk 24 -->
    <item id="2396" chance="850" /> <!--ice rapier :: Atk 100 :: Def 1 -->
    <item id="2229" chance="1600" /> <!--skull -->
	<item id="2148" countmax="20" chance="18350" /> <!--gold coin -->
</loot>
</monster>
