<?xml version="1.0" encoding="UTF-8"?>
<monster name="Cyclops Warrior" nameDescription="a cyclops warrior" race="blood" experience="300" speed="240" manacost="490">
  <health now="500" max="500"/>
  <look type="298" head="0" body="0" legs="0" feet="0" corpse="5657"/>
  <targetchange interval="2000" chance="5"/>
  <strategy attack="75" defense="20"/>
  <flags>
    <flag summonable="0"/>
    <flag attackable="1"/>
    <flag hostile="1"/>
    <flag illusionable="0"/>
    <flag convinceable="0"/>
    <flag pushable="0"/>
    <flag canpushitems="1"/>
    <flag canpushcreatures="1"/>
    <flag targetdistance="1"/>
    <flag runonhealth="0"/>
  </flags>
  <attacks>
    <attack name="melee" interval="2000" skill="60" attack="70"/>
  </attacks>
  <defenses armor="30" defense="40"/>
  <immunities>
    <immunity physical="0"/>
    <immunity energy="0"/>
    <immunity fire="0"/>
    <immunity poison="0"/>
    <immunity lifedrain="0"/>
    <immunity paralyze="0"/>
    <immunity outfit="0"/>
    <immunity drunk="0"/>
    <immunity invisible="0"/>
  </immunities>
  <voices interval="5000" chance="10">
    <voice sentence="Human, uh whil dyh!"/>
    <voice sentence="Youh ah trak!"/>
    <voice sentence="Let da mashing begin!"/>
    <voice sentence="Toks utat."/>
    <voice sentence="Il lorstok human!"/>
  </voices>
	<loot>
    <item id="1987" chance="100000"> <!--bag -->

            <item id="5656" chance="500" /> <!--dark helmet :: Arm 6 -->
            <item id="2129" chance="100" /> <!--wolf tooth chain -->
            <item id="2209" chance="500" /><!-- club ring -->

    </item>
    <item id="2671" chance="29325" /> <!--ham -->
    <item id="2666" chance="31325" /><!-- meat -->
    <item id="2406" chance="8400" /> <!--short sword :: Def 11 :: Atk 11 -->
    <item id="2381" chance="400" /> <!--halberd :: Def 14 :: Atk 35 -->
    <item id="2510" chance="2975" /> <!--plate shield :: Def 17 -->
    <item id="2513" chance="1300" /> <!--battle shield :: Def 23 -->
    <item id="2148" countmax="48" chance="55425" /><!-- gold coin -->
</loot>
</monster>