<?xml version="1.0" encoding="UTF-8"?>
<monster name="Dwarf Berserker" nameDescription="a dwarf berserker" race="blood" experience="1800" speed="250" manacost="0">
 <health now="2600" max="2600"/>
	<look type="294" head="0" body="0" legs="0" feet="0" corpse="5661"/>
	<targetchange interval="4000" chance="10"/>
	<flags>
		<flag summonable="0"/>
		<flag attackable="1"/>
		<flag hostile="1"/>
		<flag illusionable="1"/>
		<flag convinceable="0"/>
		<flag pushable="0"/>
		<flag canpushitems="1"/>
		<flag canpushcreatures="1"/>
		<flag targetdistance="1"/>
		<flag staticattack="80"/>
		<flag runonhealth="0"/>
	</flags>
	<attacks>
		<attack name="melee" interval="2000" skill="80" attack="78"/>
		<attack name="physical" interval="2000" chance="15" range="7" target="1" radius="3" min="-0" max="-220">
			<attribute key="shootEffect" value="missile53"/>
			<attribute key="areaEffect" value="tutorialarrow"/>
		</attack>
		<attack name="drunk" interval="2000" chance="15" target="1" radius="4" duration="6000">
			<attribute key="areaEffect" value="plantattack"/>
		</attack>
		<attack name="speed" interval="2000" chance="15" target="0" radius="2" speedchange="-650" duration="15000">
			<attribute key="areaEffect" value="energy"/>
		</attack>
	</attacks>
	<defenses armor="30" defense="30">
		<defense name="healing" interval="2000" chance="10" min="250" max="500">
			<attribute key="areaEffect" value="blueshimmer"/>
		</defense>
	</defenses>
  <immunities>
    <immunity poison="1"/>
    <immunity outfit="1"/>
    <immunity drunk="1"/>
    <immunity invisible="1"/>
  </immunities>
  <voices interval="5000" chance="10">
    <voice sentence="Hail Durin!"/>
  </voices>
	<loot>
    <item id="1987" chance="100000"> <!--bag -->

            <item id="2208" chance="5000" /> <!--axe ring -->
            <item id="2150" chance="500" /> <!--small amethyst -->
            <item id="2454" chance="100" /> <!--war axe -->

    </item>
    <item id="2787" countmax="4" chance="41800" /> <!--white mushroom -->
    <item id="2387" chance="1300" /> <!--double axe :: Def 12 :: Atk 35 -->
    <item id="2643" chance="30600" /> <!--leather boots -->
    <item id="2148" countmax="45" chance="51350" /> <!--gold coin -->
</loot>
</monster>
