<?xml version="1.0" encoding="UTF-8"?>
<monster name="Dwarf Warrior" nameDescription="a dwarf warrior" race="blood" experience="1000" speed="176" manacost="360">
  <health now="1500" max="1500"/>
  <look type="312" head="0" body="0" legs="0" feet="0" corpse="5762"/>
  <targetchange interval="2000" chance="0"/>
  <strategy attack="100" defense="0"/>
  <flags>
    <flag summonable="0"/>
    <flag attackable="1"/>
    <flag hostile="1"/>
    <flag illusionable="0"/>
    <flag convinceable="0"/>
    <flag pushable="0"/>
    <flag canpushitems="1"/>
    <flag canpushcreatures="0"/>
    <flag targetdistance="1"/>
    <flag runonhealth="0"/>
  </flags>
  <attacks>
    <attack name="melee" interval="2000" skill="78" attack="80"/>
    <attack name="physical" interval="2500" chance="30" range="7" min="-9" max="-430">
      <attribute key="shootEffect" value="onyxarrow"/>
    </attack>
    <attack name="lifedrain" interval="2700" chance="20" radius="3"  min="-0" max="-175">
      <attribute key="areaEffect" value="giantice"/>
    </attack>
  </attacks>
  <defenses armor="9" defense="20"/>
  <immunities>
    <immunity physical="0"/>
    <immunity energy="0"/>
    <immunity fire="1"/>
    <immunity poison="0"/>
    <immunity lifedrain="0"/>
    <immunity paralyze="0"/>
    <immunity outfit="0"/>
    <immunity drunk="0"/>
    <immunity invisible="1"/>
  </immunities>
  <voices interval="5000" chance="10">
    <voice sentence="Hail Durin!"/>
  </voices>
	<loot>
    <item id="1987" chance="100000"> <!--bag -->

            <item id="2645" chance="90" /> <!--steel boots -->
            <item id="2430" chance="500" /> <!--knight axe 0,5% -->
            <item id="2490" chance="1300" /> <!--Dark Helmet 1,3% -->

    </item>
    <item id="2649" chance="1300" /> <!--Leather legs -->
    <item id="2417" chance="20000" /> <!--battle hammer 20% -->
    <item id="2148" countmax="84" chance="36025" /> <!--gold coin -->
</loot>
</monster>
