<?xml version="1.0" encoding="UTF-8"?>
<monster name="Dwarf Brewmaster" nameDescription="a dwarf brewmaster" race="blood" experience="525" speed="180" manacost="360">
  <health now="500" max="500"/>
  <look type="296" head="0" body="0" legs="0" feet="0" corpse="5667"/>
  <targetchange interval="2000" chance="0"/>
  <strategy attack="100" defense="0"/>
  <flags>
    <flag summonable="0"/>
    <flag attackable="1"/>
    <flag hostile="1"/>
    <flag illusionable="0"/>
    <flag convinceable="0"/>
    <flag pushable="0"/>
    <flag canpushitems="1"/>
    <flag canpushcreatures="0"/>
    <flag targetdistance="1"/>
    <flag runonhealth="0"/>
  </flags>
  <attacks>
    <attack name="melee" interval="2000" skill="60" attack="80">
    </attack>
    <attack name="fire" interval="2000" chance="50" range="7" radius="2" target="1" min="-50" max="-180">
      <attribute key="shootEffect" value="fire"/>
      <attribute key="areaEffect" length="1" spread="1" value="explosionarea"/>
    </attack>
    <attack name="drunk" interval="2000" chance="80" target="1" radius="4" duration="6000">
      <attribute key="areaEffect" value="watersplash"/>
    </attack>
  </attacks>
  <defenses armor="12" defense="26"/> 
  <immunities>
    <immunity physical="0"/>
    <immunity energy="0"/>
    <immunity fire="0"/>
    <immunity poison="1"/>
    <immunity lifedrain="0"/>
    <immunity paralyze="0"/>
    <immunity outfit="0"/>
    <immunity drunk="0"/>
    <immunity invisible="1"/>
  </immunities>
  <voices interval="5000" chance="10">
    <voice sentence="You cannot lift that barrel, eh?"/>
    <voice sentence="Where is the beer?"/>
    <voice sentence="The beer ham gives us power!"/>
    <voice sentence="To the arms, enemies sighted!"/>
  </voices>
	<loot>
    <item id="1987" chance="100000"> <!--bag -->

            <item id="2649" chance="2000" /> <!--leather legs -->
            <item id="2417" chance="15000" /> <!--battle hammer -->
            <item id="2313" countmax="3" chance="3000" /> <!--explosion rune -->

    </item>
    <item id="2787" countmax="4" chance="30775" /> <!--white mushroom -->
    <item id="2148" countmax="50" chance="36025" /> <!--gold coin -->
</loot>
</monster>
