<?xml version="1.0" encoding="utf-8"?>
<monster name="Giant Ant" namedescription="a giant ant" race="venom" experience="900" speed="200" manacost="0">
	<health now="1300" max="1300"/>
	<look type="429" corpse="6322"/>
	<targetchange interval="4000" chance="10"/>
	<strategy attack="50" defense="30"/>
	<flags>
		<flag summonable="0"/>
		<flag attackable="1"/>
		<flag hostile="1"/>
		<flag illusionable="0"/>
		<flag convinceable="0"/>
		<flag pushable="0"/>
		<flag canpushitems="1"/>
		<flag canpushcreatures="0"/>
		<flag targetdistance="1"/>
		<flag runonhealth="0"/>
	</flags>
	<attacks>
		<attack name="melee" interval="2000" skill="75" attack="50" poison="400"/>
		<attack name="poison" interval="2000" chance="20" range="7" speedchange="-600" duration="10000">
			<attribute key="shootEffect" value="poison"/>
			<attribute key="areaEffect" value="greenspark"/>
		</attack>
		<attack name="lifedrain" interval="2000" chance="5" radius="6" target="0" min="-140" max="-310">
			<attribute key="areaEffect" value="whitenote"/>
		</attack>
		<attack name="manadrain" interval="2000" chance="10" length="6" spread="0" min="-130" max="-200">
			<attribute key="areaEffect" value="greenspark"/>
		</attack>
		<attack name="poison" interval="2000" chance="15" length="8" spread="3" min="-80" max="-120">
			<attribute key="areaEffect" value="greenspark"/>
		</attack>
	</attacks>
	<defenses armor="25" defense="25"/>
	<elements>
		<element firePercent="-10"/>
		<element energyPercent="-10"/>
		<element physicalPercent="-5"/>
	</elements>
<immunities>
    <immunity physical="0"/>
    <immunity energy="0"/>
    <immunity fire="0"/>
    <immunity poison="1"/>
    <immunity lifedrain="1"/>
    <immunity paralyze="1"/>
    <immunity outfit="1"/>
    <immunity drunk="1"/>
    <immunity invisible="1"/>
  </immunities>
	<voices interval="5000" chance="10">
		<voice sentence="Chrrr!"/>
	</voices>
	<loot>
		<item id="2148" countmax="100" chance="50000" /><!-- gold coin -->
		<item id="2148" countmax="100" chance="50000" /><!-- gold coin -->
		<item id="2475" chance="200" /> <!--warrior helmet :: Arm 8 -->
		<item id="2547" chance="5050" /> <!--power bolt :: Atk 50 -->
		<item id="2149" countmax="4" chance="2702"/><!-- small emerald -->
		<item id="2165" chance="892"/><!-- stealth ring -->
		<item id="2171" chance="110"/><!-- platinum amulet -->
	</loot>
</monster>
